{"source_link": "https://www.homedepot.com/p/Summit-Appliance-24-in-Single-Gas-Wall-Oven-in-White-WTM7212KW/202694727", "title": "24 in. Single Gas Wall Oven in White", "brand": "Summit Appliance", "image": "https://images.thdstatic.com/productImages/1ea5cd7d-e7d8-420b-af08-6888d822a85f/svn/white-exterior-with-black-manifold-handles-and-glass-window-summit-appliance-single-gas-wall-ovens-wtm7212kw-64_600.jpg", "breadcrumbs": "Home,Appliances,Wall Ovens,Gas Wall Ovens,Single Gas Wall Ovens", "description": "SUMMIT offers a diverse series of fully featured wall ovens with cutout dimensions of 34-1/8 in. H x 22-3/8 in. W x 23 in. D. The WTM7212KW is a white gas wall oven with electronic ignition and an oven broiler. The oven door includes a window, with an interior light for a full view. A digital clock with timer adds convenience. SUMMIT's wall ovens have an industry exclusive height of 34-1/2 in. These units fit many discontinued cutouts such as Caloric, Slattery, and older makes, including Magic Chef. With deluxe features and a deep capacity, our wall ovens bring high quality; value priced cooking into your kitchen.    34-1/2 in. height fits many popular cutout sizes    Includes a digital clock and timer for easy cooking convenience    Lower broiler compartment ensures even heating    Removable oven door makes for easier cleanup    Includes a 2-piece porcelain broiler tray with grease well    Oven window and interior light lets you keep track of cooking    Durable porcelain and steel construction for years of quality cooking    2 oven racks included    Uses electronic spark ignition    1 year limited manufacturer's warranty     Click here for more information on Electronic Recycling Programs       California residents", "price": "$925.00", "number": "202694727", "spec_str": "{'cut-out_front_to_back_depth_(in.)': '23', 'cut-out_height_(in.)': '34.18', 'cut-out_left_to_right_width_(in.)': '22.38', 'depth_with_door(s)_open_90_degrees_(in.)': '42.75', 'oven_interior_depth_(in)': '18', 'oven_interior_height_(in)': '14', 'oven_interior_width_(in)': '19', 'product_depth_(in.)': '24.75', 'product_height_(in.)': '34.5', 'product_width_(in.)': '24', 'wall_oven_size': '24 in.', 'appliance_category': 'Wall Oven', 'appliance_type': 'Single Wall Gas Oven', 'capacity_of_oven_(cu._ft.)': '2.92', 'cleaning_type': 'Manual Clean', 'color/finish': 'White exterior with black manifold, handles and glass window', 'color/finish_family': 'White', 'commercial/residential': 'Residential', 'fuel_type': 'Gas', 'included': 'No Additional Items Included', 'number_of_oven_racks': '2', 'oven_cleaning_options': 'Manual Clean', 'oven_control_type': 'Dial', 'oven_cooking_process': 'Standard', 'oven_features': 'Broiler in Oven', 'oven_settings': 'No Specialty Settings', 'product_weight_(lb.)': '145', 'rack_positions': '4', 'returnable': '90-Day', 'certifications_and_listings': 'UL Listed'}"}