{"source_link": "https://www.homedepot.com/p/GE-1-6-cu-ft-Over-the-Range-Microwave-in-Stainless-Steel-JVM3160RFSS/204394354", "title": "1.6 cu. ft. Over the Range Microwave in Stainless Steel", "brand": "GE", "image": "https://images.thdstatic.com/productImages/5c66cb0e-9688-498f-a576-b82d3089e225/svn/stainless-steel-ge-over-the-range-microwaves-jvm3160rfss-64_600.jpg", "breadcrumbs": "Home,Appliances,Microwaves,Over-the-Range Microwaves", "description": "The GE 1.6 cu. ft. Over the Range Microwave in Stainless Steel gives you convenient cooking controls for quick and easy use. The Express Cook feature allows you to set cooking times from one to six minutes, with just the touch of a button. Defrosting times and power levels are programmed automatically or manually for optimal results. The glass turntable has the ability to be turned on or off for heating up various sized cookware. A built-in 2-speed 300-CFM venting system helps enhance the air quality of your kitchen by removing smoke, steam and odors from your cooktop.    The built-in 2-speed, 300 CFM venting system helps enhance kitchen air quality by removing smoke, steam and odors from your cooktop    Nonstick interior for easier cleanup of spills    Cooktop lighting provides illumination above the range with 2 brightness settings, including a night-light option    1.6 cu. ft. capacity accommodates small casserole dishes    Preprogrammed cooking levels, such as popcorn, potato, beverage and reheat, offer conveniences    1,000-Watt of cooking power and 10 cooking levels for boiling, reheating and defrosting    Turntable can be turned on and off, ideal for even cooking results or for accommodating oversized dishes that may not fully rotate    Easy install with charcoal filter replacement that is behind the door grille    2 fan speed settings let you choose the right amount of ventilation    Limited 1-year warranty entire appliance      California residents", "price": "$309.00", "number": "204394354", "spec_str": "{'capacity_of_microwave_(cu._ft.)': '1.6', 'cut-out_front_to_back_depth_(in.)': '14.40625', 'cut-out_height_(in.)': '9.25', 'cut-out_left_to_right_width_(in.)': '18.8125', 'depth_with_door(s)_open_90_degrees_(in.)': '39', 'interior_depth_(in.)': '14.40625', 'interior_height_(in.)': '9.25', 'interior_width_(in.)': '18.8125', 'product_depth_(in.)': '15.5625 in', 'product_height_(in.)': '16.125 in', 'product_width_(in.)': '29.875 in', 'turntable_width_(in.)': '14 in', 'appliance_category': 'Microwave', 'appliance_type': 'Over the Range Microwave', 'color/finish': 'Stainless Steel', 'color/finish_family': 'Stainless Steel', 'compatible_trim_kit_model_number': 'None', 'controls_location': 'Side Controls', 'door_swing/style': 'Right to Left Swing', 'exhaust_fan_speeds': '2', 'exhaust_maximum_cfm': '300', 'interior_light_type': 'Incandescent', 'item_package_quantity': '1', 'light_source': 'Incandescent', 'microwave_door_release': 'Pull', 'microwave_features': 'One Touch Cooking,Turntable On/Off Option', 'microwave_settings': 'Defrost', 'microwave_size': 'Large', 'number_of_one-touch_settings': '6', 'number_of_power_levels': '10', 'product_weight_(lb.)': '63', 'returnable': 'Non-Returnable', 'vent_fan_location': 'Back', 'vent_location': 'Top', 'vent_type': 'Convertible', 'wattage_(watts)': '1000 W', 'certifications_and_listings': 'UL Listed', 'manufacturer_warranty': 'Limited 1-year entire appliance', 'safety_listing': 'UL'}"}