{"source_link": "https://www.homedepot.com/p/GE-Profile-1-1-cu-ft-Countertop-Microwave-in-Stainless-Steel-with-Sensor-Cooking-PEM31SFSS/204633793", "title": "Profile 1.1 cu. ft. Countertop Microwave in Stainless Steel with Sensor Cooking", "brand": "GE", "image": "https://images.thdstatic.com/productImages/54f76c70-3fc0-4f49-9679-ddbe8d0741d3/svn/stainless-steel-ge-countertop-microwaves-pem31sfss-64_600.jpg", "breadcrumbs": "Home,Appliances,Microwaves,Countertop Microwaves", "description": "Your GE Profile 1.1 cu. ft. Countertop Microwave Oven in Stainless Steel has sensor cooking controls to adjust time and power. With Weight and Time Defrost, simply enter the weight of the food, and the oven automatically sets the optimal defrosting time and power level or set your desired time for defrosting. The kitchen timer keeps you on track. The optional built in trim kit gives your microwave a custom appearance and built-in convenience. GE Profile products offer the best in contemporary design matched with the latest in appliance technologies to transform the way you live. Sporting a bold, dramatic look and state of the art features, this collection provides the perfect combination of style and innovation throughout your kitchen.    1.1 cu. ft. capacity accommodates small casserole dishes    800-Watt of cooking power and 10 cooking levels for boiling, reheating and defrosting    Electronic touch controls offer easy point-and-cook convenience    Sensor cooking controls automatically adjusts time and power    Weight and Time Defrost allows you to simply enter the weight of the food, and the oven automatically sets the optimal defrosting time and power level or set your desired time for defrosting    Turntable on / off feature is ideal for oversized, oblong-shaped dishes    Kitchen timer - operates as a minute timer and can be used at any time, even when the oven is operating    Child lock out - enables you to lock the keypad to prevent the oven from being accidentally started    Optional built-in trim kit provides a custom appearance and built-in convenience (JX830DFSS for 30 in. and JX827DFSS for 27 in. applications)    Limited 1-year warranty entire appliance     Click Here for details on the services included with Delivery &amp; Basic Hook-up, Installation options for Major Appliances, and Appliance Return Policy Information        California residents", "price": "$399.00", "number": "204633793", "spec_str": "{'capacity_of_microwave_(cu._ft.)': '1.1', 'depth_with_door(s)_open_90_degrees_(in.)': '31.875', 'interior_depth_(in.)': '12.25', 'interior_height_(in.)': '9', 'interior_width_(in.)': '17.375', 'product_depth_(in.)': '12.88', 'product_height_(in.)': '12.13', 'product_width_(in.)': '24', 'turntable_width_(in.)': '10 in', 'appliance_category': 'Microwave', 'appliance_series': 'GE Profile', 'appliance_type': 'Countertop Microwave', 'color/finish': 'Stainless Steel', 'color/finish_family': 'Stainless Steel', 'compatible_trim_kit_model_number': 'JX827SFSS', 'controls_location': 'Side Controls', 'door_swing/style': 'Right to Left Swing', 'interior_light_type': 'Incandescent', 'item_package_quantity': '1', 'microwave_door_release': 'Push Button', 'microwave_features': 'One Touch Cooking,Turntable,Turntable On/Off Option', 'microwave_settings': 'Sensor Cook', 'microwave_size': 'Medium', 'number_of_one-touch_settings': '6', 'number_of_power_levels': '10', 'product_weight_(lb.)': '29', 'returnable': 'Non-Returnable', 'vent_location': 'Top', 'wattage_(watts)': '800 W', 'certifications_and_listings': 'ADA Compliant,UL Certified', 'manufacturer_warranty': 'Limited 1-year entire appliance', 'safety_listing': 'UL'}"}