{"source_link": "https://www.homedepot.com/p/Whirlpool-22-cu-ft-Bottom-Freezer-Refrigerator-in-Stainless-Steel-with-Spill-Guard-Glass-Shelves-WRB322DMBM/205065350", "title": "22 cu. ft. Bottom Freezer Refrigerator in Stainless Steel with Spill Guard Glass Shelves", "brand": "Whirlpool", "image": "https://images.thdstatic.com/productImages/f13ae648-df8c-428b-ac97-1568f62af40c/svn/stainless-steel-whirlpool-bottom-freezer-refrigerators-wrb322dmbm-64_600.jpg", "breadcrumbs": "Home,Appliances,Refrigerators,Bottom Freezer Refrigerators", "description": "Storing all of your favorite fresh and frozen foods is easy with this Whirlpool 22.1 cu. ft. bottom-freezer refrigerator. It has a convenient freezer drawer that places frozen items in close reach, making it easy to organize and find exactly what you need. You'll be able to keep food at the right temperature without wasting energy thanks to the Accu-Chill temperature management system. It monitors internal temperature and activates the compressor only when necessary. And your food will be easy to see thanks to with energy-efficient LED lights, which cast a bright, natural looking light. And you can enjoy having a refrigerator with all of these great features even more knowing it has been designed, engineered and assembled in the U.S.A.    ENERGY STAR-qualified and CEE Tier I rated. Designed to conserve natural resources and help save you money on utility bills, this eco-friendly refrigerator is better for the environment and your wallet    Factory installed ice maker provides fresh ice conveniently    Electronic temperature controls located inside the refrigerator make it simple to monitor and change the refrigerator and freezer temperatures    Accu-Chill Temperature Management System. Save energy and cool your food quickly. This intuitive system senses and adapts - activating the compressor only when necessary, to deliver efficient cooling performance while saving energy    SpillGuard glass shelves contain spills and simplify cleanup    Humidity-controlled crispers help preserve the freshness of fruits and vegetables    Adjustable refrigerator compartment door bins and stationary gallon-size door shelf provide flexible storage options    15.62 cu. ft. fresh food compartment and 6.45 cu. ft. freezer compartment provide spacious storage options    Freezer drawer. Easily organize and access frozen items with the convenient freezer drawer    FreshFlow produce preserver helps to extend the freshness of produce. Its filter absorbs excess ethylene gas that causes some produce, such as lettuce and cantaloupe, to spoil    Built with American pride and designed, engineered and assembled in the U.S.A.    LED lighting makes it easy to see fresh and frozen food. It puts a spotlight on food and casts a bright, natural-looking light on the contents    2 door bottom freezer refrigerator: 1 refrigerator compartment door and 1 freezer compartment drawer    Reversible door swing allows you to switch the refrigerator door to open from either side     Click Here for details on the services included with Delivery &amp; Basic Hook-up, Installation options for Major Appliances, and Appliance Return Policy Information      Click here to learn more about  Eco Options and Energy Efficiency       California residents", "price": "$1619.00", "number": "205065350", "spec_str": "{'depth_(excluding_handles)': '30.88 in', 'depth_(including_handles)': '33.38 in', 'depth_(less_door)': '28.13', 'depth_with_door_open_90_degrees_(in)': '62', 'height_to_top_of_door_hinge_(in.)': '70 in', 'height_to_top_of_refrigerator_(in.)': '68.5 in', 'product_depth_(in.)': '33.38 in', 'product_height_(in.)': '70 in', 'product_width_(in.)': '32.63 in', 'refrigerator_width_(in.)': '32.75 in', 'appliance_category': 'Refrigerator', 'appliance_type': 'Bottom Freezer Refrigerator', 'built-in_and_standard_type': 'Bottom Freezer', 'color_-_appliance_cabinet': 'Gray', 'color_-_door_handle(s)': 'Stainless', 'color/finish': 'Stainless Steel', 'color/finish_family': 'Stainless Steel', 'defrost_type': 'Auto / Cycle', 'door_finish': 'Smooth', 'energy_consumption_(kwh/year)': '584', 'energy_efficiency_tier_rating': 'Tier I', 'freezer_capacity_(cu._ft.)': '6.5 cu ft', 'freezer_door_type': 'Pull Out Drawer', 'freezer_features': 'Adjustable Leveling Legs,Adjustable Temperature Control,Ice Maker,LED Light Type,Sliding-Bulk Storage Baskets', 'freezer_type': 'Drawer Freezer', 'general_features': 'LED Light Type,Wheels', 'ice_maker_features': 'Automatic Ice Level Control/Shutoff,Removable Basket', 'ice_maker_type': 'Single Ice Maker', 'ice/water_dispenser': 'None', 'indoor/outdoor': 'Indoor', 'installation_depth': 'Standard Depth', 'number_of_doors': '2 Door', 'number_of_drawers': 'Single Drawer', 'number_of_freezer_baskets/bins': '2 Baskets/Bins', 'number_of_freezer_shelves': 'No Shelves', 'number_of_refrigerator_shelves': '5 Shelves', 'operational_features': 'Humidity Controlled Crisper', 'product_weight_(lb.)': '252 lb', 'refrigeration_dispenser_features': 'No Dispenser', 'refrigerator_capacity_(cu._ft.)': '15.6 cu ft', 'returnable': 'Non-Returnable', 'shelf_material_-_freezer': 'No Shelf', 'shelf_material_-_refrigerator': 'Glass', 'storage_features': 'Adjustable Door Storage,Deli Drawer,Gallon Door Storage,Removable Shelves,Spill Proof Shelves', 'temperature_control_type': 'Internal Electric', 'total_capacity_(cu._ft.)': '22.1 cu ft', 'water_filter_replacement_model#': 'None', 'certifications_and_listings': 'UL Listed', 'manufacturer_warranty': 'Limited 1-year'}"}