{"source_link": "https://www.homedepot.com/p/LG-Electronics-1-8-cu-ft-Over-the-Range-Microwave-with-Sensor-Cook-and-EasyClean-in-Stainless-Steel-LMV1831ST/205181577", "title": "1.8 cu. ft. Over the Range Microwave with Sensor Cook and EasyClean in Stainless Steel", "brand": "LG Electronics", "image": "https://images.thdstatic.com/productImages/1733face-44e9-4ee5-813f-28be8a2b829c/svn/stainless-steel-lg-electronics-over-the-range-microwaves-lmv1831st-64_600.jpg", "breadcrumbs": "Home,Appliances,Microwaves,Over-the-Range Microwaves", "description": "Take the guesswork out of cooking with LGs 1.8 cu. ft. over-the-range microwave. Sensor Cookings humidity-sensing technology detects when foods are cooked and turns off the microwave, so under- or over-cooked dishes are a thing of the past. And when its time for cleanup, you will not spend hours scrubbing LGs EasyClean interior wipes clean in minutes, without chemicals or high heat. Plus, Eco-On saves energy by turning off the display when its not in use.    1.8 cu. ft. capacity accommodates a wide variety of dishes    1,000-Watt deliver thorough cooking results    Built-in 3-speed, 300 CFM venting system helps enhance kitchen air quality by removing smoke, steam and odors from your cooktop    Makes it easy to cook and warm a variety of foods- from a cup of coffee to chicken nuggets    Humidity-sensing technology determines when food is cooked and automatically turns off the microwave to help prevent the over- or under-cooking of meals    Energy savings key saves energy by turning off the display when not in use, the display will turn off when the unit is not active for 5 minutes    Auto Defrost automatically defrosts for a specified amount of time    Add time controls adds cook time in 30 second or 1-minute increments    LGs easyclean interior resists stains and buildup, so cleaning your microwave does not have to be a chore, simply wipe with a damp cloth, no chemicals, no scrubbing, no problem    Turntable on/off is ideal for even cooking results or for accommodating oversized dishes that may not fully rotate    Cooktop lighting provides illumination above the range    3 ventilation settings let you choose the right amount to remove smoke and odors    Replaceable charcoal filter takes grease and other impurities out of the air    LG microwaves live up to stylish design with hidden vents, so that it looks as smooth as it works, the ventilation can be installed either updraft or front, whichever meets your needs for the perfect kitchen    1-year parts and labor (in home service), 10 years limited on magnetron (in home service)     Click Here for details on the services included with Delivery &amp; Basic Hook-up, Installation options for Major Appliances, and Appliance Return Policy Information                 Click here for more information on Electronic Recycling Programs       California residents", "price": "$318.00", "number": "205181577", "spec_str": "{'capacity_of_microwave_(cu._ft.)': '1.8', 'cut-out_front_to_back_depth_(in.)': '15.38', 'cut-out_height_(in.)': '16.88', 'cut-out_left_to_right_width_(in.)': '29.94', 'depth_with_door(s)_open_90_degrees_(in.)': '38', 'interior_depth_(in.)': '14.19', 'interior_height_(in.)': '9.44', 'interior_width_(in.)': '21.25', 'product_depth_(in.)': '15.38', 'product_height_(in.)': '16.44', 'product_width_(in.)': '29.88 in', 'turntable_width_(in.)': '14 in', 'appliance_category': 'Microwave', 'appliance_type': 'Over the Range Microwave', 'color/finish': 'Stainless Steel', 'color/finish_family': 'Stainless Steel', 'compatible_trim_kit_model_number': 'N/A', 'controls_location': 'Side Controls', 'door_swing/style': 'Right to Left Swing', 'exhaust_fan_speeds': '2', 'exhaust_maximum_cfm': '300', 'interior_light_type': 'Incandescent', 'light_source': 'Incandescent', 'microwave_door_release': 'Pull', 'microwave_features': 'Charcoal Filter,Microwave Rack,One Touch Cooking,Removable Filter,Turntable,Turntable On/Off Option', 'microwave_settings': 'Defrost,Sensor Cook', 'microwave_size': 'Large', 'number_of_one-touch_settings': '7', 'number_of_power_levels': '10', 'product_weight_(lb.)': '48.5', 'returnable': 'Non-Returnable', 'vent_fan_location': 'Back', 'vent_location': 'Top', 'vent_type': 'Convertible', 'wattage_(watts)': '1000 W', 'certifications_and_listings': 'UL Listed', 'manufacturer_warranty': '1 Year Parts and Labor (In Home Service), 10 Years Limited on Magnetron (In Home Service)', 'safety_listing': 'UL'}"}