{"source_link": "https://www.homedepot.com/p/GE-27-in-Double-Electric-Wall-Oven-with-Built-In-Microwave-in-Stainless-Steel-JK3800SHSS/205373430", "title": "27 in. Double Electric Wall Oven with Built-In Microwave in Stainless Steel", "brand": "GE", "image": "https://images.thdstatic.com/productImages/5905faee-2d37-41ed-b6f8-716ff3de6935/svn/stainless-steel-ge-wall-oven-microwave-combinations-jk3800shss-64_600.jpg", "breadcrumbs": "Home,Appliances,Wall Ovens,Wall Oven &amp; Microwave Combinations", "description": "Your 27 in. Electric Wall Oven with Built-In Microwave in Stainless Steel features glass touch electronic controls with a dial to help you quickly and easily set or adjust your oven. The lower oven also features 3 Self-Clean Heavy-Duty Oven Racks that can be configured in 6 positions. GE appliances provide up-to-date technology and exceptional quality to simplify the way you live. With a timeless appearance, this family of appliances is ideal for your family. And, coming from one of the most trusted names in America, you know that this entire selection of appliances is as advanced as it is practical.    1.7 cu. ft. microwave capacity and 4.3 cu. ft. oven capacity allow you to cook multiple dishes at once    Glass Touch Controls enable you to set temperatures quickly and clean with little effort    Microwave features 1,000-Watt of cooking power and 10 cooking levels for boiling, reheating, and defrosting    Sensor cooking controls provide a built-in sensor in the upper microwave that automatically calculates and adjusts cooking times and power levels for favorite foods    16 in. turntable rotates food throughout the cooking cycle for even cooking results    Delay Start feature allows you to program the oven to start at a predetermined time    10-pass bake element assures baking with heat that covers more surface area    8-pass broil element gets full broil coverage and even browning from edge to edge    Control lock capability prevents unintended use for improved safety    Self-clean with steam clean option provides flexibility to clean your oven the way you want    Big clear view oven window with frameless glass door allows you to easily check the cooking progress of your food without opening the oven door    Limited 1-year warranty entire appliance     Click Here for details on the services included with Delivery &amp; Basic Hook-up, Installation options for Major Appliances, and Appliance Return Policy Information      PRODUCT AVAILABLE FOR HOME DELIVERY ONLY. Installation is not offered at time of delivery; check with your local The Home Depot with your Order # to schedule installation for this item.                   Guaranteed for an exact fit to make replacement easy. Click here to learn more!       California residents", "price": "$3398.00", "number": "205373430", "spec_str": "{'capacity_of_microwave_(cu._ft.)': '1.7', 'cut-out_front_to_back_depth_(in.)': '23.5', 'cut-out_height_(in.)': '41.125', 'cut-out_left_to_right_width_(in.)': '25', 'depth_with_door(s)_open_90_degrees_(in.)': '50.875', 'microwave_interior_depth_(in)': '17', 'microwave_interior_height_(in)': '8.5', 'microwave_interior_width_(in)': '20.0625', 'oven_interior_depth_(in)': '20', 'oven_interior_height_(in)': '17.25', 'oven_interior_width_(in)': '21.5', 'product_depth_(in.)': '26.875', 'product_height_(in.)': '42.375 in', 'product_width_(in.)': '26.75', 'wall_oven_size': '27 in.', 'amperage_(amps)': '30', 'appliance_type': 'Double Wall Electric Oven', 'capacity_of_oven_(cu._ft.)': '4.3', 'cleaning_type': 'Self Cleaning', 'color/finish': 'Stainless Steel', 'color/finish_family': 'Stainless Steel', 'commercial/residential': 'Residential', 'fuel_type': 'Electric', 'item_package_quantity': '1', 'light_source': 'Halogen', 'microwave_control_type': 'Digital', 'microwave_door_release': 'Pull', 'microwave_features': 'Removable Filter,Turntable', 'microwave_settings': 'Control Lock,Defrost,Delay Bake/Delay Start,Sabbath Mode', 'microwave_size': 'Large', 'microwave_wattage_(watts)': '1000', 'number_of_oven_racks': '2', 'number_of_power_levels': '10', 'oven_cleaning_options': 'Delay Clean,Self-Cleaning', 'oven_control_type': 'Digital', 'oven_cooking_process': 'Standard', 'oven_features': 'Broiler in Oven,Hidden Bake Element,Safety Lock', 'oven_settings': 'Defrost,Delay Bake/Delay Start,Sabbath Mode', 'product_weight_(lb.)': '172', 'rack_positions': '6', 'returnable': 'Non-Returnable', 'vent_location': 'Back', 'voltage_(volts)': '240', 'wattage_(watts)': '1000', 'certifications_and_listings': 'UL Listed', 'manufacturer_warranty': 'Limited 1-year entire appliance, see written warranty for full details'}"}