{"source_link": "https://www.homedepot.com/p/Sharp-1-2-cu-ft-24-in-Microwave-Drawer-with-Concealed-Controls-Built-In-Stainless-Steel-with-Sensor-Cooking-SMD2470ASY/205591630", "title": "1.2 cu. ft. 24 in. Microwave Drawer with Concealed Controls, Built-In Stainless Steel with Sensor Cooking", "brand": "Sharp", "image": "https://images.thdstatic.com/productImages/d04e798f-c163-4658-93b9-064d917f5975/svn/stainless-steel-sharp-microwave-drawers-smd2470asy-64_600.jpg", "breadcrumbs": "Home,Appliances,Microwaves,Microwave Drawers", "description": "It's your kitchen, your design and your lifestyle. Sharp's Microwave Drawer Oven allows you to focus on the design elements you prefer by removing the microwave from sightlines and enabling more design versatility than typical Built-In, Over the Range or Countertop Microwaves. The Microwave Drawer offers flexible placement options below an island, peninsula or standard cabinetry and can also be installed below or adjacent to your wall oven. The Microwave Drawer allows you to showcase your design savvy and create a kitchen that flows with your lifestyle.    Sharp's exclusive Easy Touch Automatic Drawer system smoothly and easily opens and enables a hand-free close for your Microwave Drawer. It opens with a gentle pull or the touch of a button and when your hands are full all you need to do is give the drawer a small nudge and It smoothly glides closed. A smooth gliding drawer prevents liquids from spilling during opening and closing    The Microwave Drawer allows you to choose a location that works for your lifestyle. Cooking is easier and faster when the Sharp Microwave Drawer Oven is installed adjacent to your food preparation area, in islands, peninsulas or under the counter    The newest design on Sharp's Microwave Drawer Oven offers a concealed control panel that opens to an easy-to-read and easy-to-operate 45\u00b0 angle    The Sharp Microwave Drawer Oven makes cooking and cleaning easier by putting the microwave at an accessible height. Easily lift hot foods from the Drawer. Stir dishes without removing them. Low sides and a virtual Carousel make cleaning a breeze    The Microwave Drawer Oven itself offers you plenty of cooking space, roomy enough for a 4 Qt. casserole dish or a 20 oz. beverage from your favorite coffee shop    1,000-Watt of cooking power    Sensor Cook, Reheat and Popcorn settings    6 Auto defrost settings    Melt, Soften, Warm settings    Keep warm setting     Click here for more information on Electronic Recycling Programs       California residents", "price": "$1299.99", "number": "205591630", "spec_str": "{'capacity_of_microwave_(cu._ft.)': '1.2', 'depth_with_door(s)_open_90_degrees_(in.)': '38.25', 'product_depth_(in.)': '23.016', 'product_height_(in.)': '15.875', 'product_width_(in.)': '23.875', 'appliance_category': 'Microwave', 'appliance_type': 'Built-In Microwave', 'color/finish': 'Stainless Steel', 'color/finish_family': 'Stainless Steel', 'controls_location': 'Top Controls', 'door_swing/style': 'Pull-Out', 'microwave_door_release': 'Push Button', 'microwave_features': 'One Touch Cooking', 'microwave_settings': 'Defrost,Sensor Cook', 'microwave_size': 'Medium', 'number_of_one-touch_settings': '4', 'number_of_power_levels': '11', 'product_weight_(lb.)': '74', 'returnable': '90-Day', 'vent_location': 'Side', 'wattage_(watts)': '1000.000', 'certifications_and_listings': 'FCC Listed,UL Listed', 'manufacturer_warranty': '1 year parts &amp; labor with in-home service; 4 additional years for magnetron tube only', 'safety_listing': 'FCC,UL'}"}