{"source_link": "https://www.homedepot.com/p/KitchenAid-1-9-cu-ft-Over-the-Range-Convection-Microwave-in-Stainless-Steel-with-Sensor-Cooking-Technology-KMHC319ESS/205896511", "title": "1.9 cu. ft. Over the Range Convection Microwave in Stainless Steel with Sensor Cooking Technology", "brand": "KitchenAid", "image": "https://images.thdstatic.com/productImages/0ed49070-d28d-4653-ae6f-3ea46a8dd1a2/svn/stainless-steel-kitchenaid-commercial-countertop-kmhc319ess-64_600.jpg", "breadcrumbs": "Home,Appliances,Microwaves,Commercial Microwaves,Commercial Countertop", "description": "This high power, convection 1000-Watt microwave oven lets you use it to steam and simmer thanks to a sensor-monitored cooking cycle and an innovative container. With satin cross-hatched handles, chrome-faced glass and iconic red medallions, it boldly blends professionally inspired styling with sleek touches for the home. The beauty and easy cleaning of the stainless steel finish even extends to the interior.    1.9 cu. ft. capacity is large enough to comfortably fit different containers and work as a complement to your conventional oven    1,000-Watt of cooking power allow you to cook your favorite foods quickly and thoroughly    Electronic touch controls with digital display are easy to use and quick to clean    Sensor steam option features a sensor that triggers a cycle that precisely steams food based on type and selected doneness    Sound-based popcorn function listens to popcorn and uses the sound to know the precise moment it is ready giving you the perfect bag every time    Convection cooking circulates heat around the oven cavity with a 1500-Watt convection element that allows baking at temperatures up to 425\u00b0 F    Stainless steel cavity extends the beauty and easy cleaning of the exterior to the interior of the microwave oven    14 in. turntable cooks food evenly by continually rotating throughout the cooking cycle    Halogen task lights provide superior illumination and visibility for the cooktop below with two bright yet pleasing lamps    Dishwasher-safe grease filters and the charcoal odor removing filter take the grease and impurities out of the air helping to keep your kitchen clean and smelling fresh    Steam cleaning function uses the power of steam to release spills and stains so they are more easily wiped away                      Click here for more information on Electronic Recycling Programs       California residents", "price": "$688.00", "number": "205896511", "spec_str": "{'capacity_of_microwave_(cu._ft.)': '1.9', 'cut-out_front_to_back_depth_(in.)': '12', 'cut-out_height_(in.)': '17.13', 'cut-out_left_to_right_width_(in.)': '30', 'depth_with_door(s)_open_90_degrees_(in.)': '44.5', 'interior_depth_(in.)': '17', 'interior_height_(in.)': '17.13', 'interior_width_(in.)': '30', 'product_depth_(in.)': '17 in', 'product_height_(in.)': '17.13 in', 'product_width_(in.)': '30 in', 'turntable_width_(in.)': '14 in', 'appliance_category': 'Microwave', 'appliance_type': 'Over the Range Microwave', 'color/finish': 'Stainless Steel', 'color/finish_family': 'Stainless Steel', 'compatible_trim_kit_model_number': 'N/A', 'controls_location': 'Bottom Controls', 'door_swing/style': 'Right to Left Swing', 'exhaust_fan_speeds': '6', 'exhaust_maximum_cfm': '400', 'interior_light_type': 'Incandescent', 'light_source': 'Halogen', 'microwave_door_release': 'Pull', 'microwave_features': 'Charcoal Filter,Convection Oven,Microwave Rack,Safety Lock,Turntable,Turntable On/Off Option', 'microwave_settings': 'Defrost,Sensor Cook,Steam Cook', 'microwave_size': 'Large', 'number_of_one-touch_settings': '3', 'number_of_power_levels': '10', 'product_weight_(lb.)': '77 lb', 'returnable': 'Non-Returnable', 'vent_fan_location': 'Back', 'vent_location': 'Side', 'vent_type': 'Convertible', 'wattage_(watts)': '1000 W', 'certifications_and_listings': 'UL Listed', 'manufacturer_warranty': 'Limited 1-year /10-year limited parts warranty on select components', 'safety_listing': 'UL'}"}