{"source_link": "https://www.homedepot.com/p/KitchenAid-30-in-Electric-Even-Heat-True-Convection-Wall-Oven-with-Built-In-Microwave-in-Stainless-Steel-KOCE500ESS/205893839", "title": "30 in. Electric Even-Heat True Convection Wall Oven with Built-In Microwave in Stainless Steel", "brand": "KitchenAid", "image": "https://images.thdstatic.com/productImages/c526b69c-3d89-47ff-8109-9adcf30d6881/svn/stainless-steel-kitchenaid-wall-oven-microwave-combinations-koce500ess-64_600.jpg", "breadcrumbs": "Home,Appliances,Wall Ovens,Wall Oven &amp; Microwave Combinations", "description": "This 30 in. Combination Wall Oven with Even-Heat True Convection provides consistent heating and even cooking. A unique bow-tie shaped design and convection fan helps ensure there are no burnt edges or undercooked centers. Its upper Microwave Convection Cooking Oven combines a 900-Watt microwave with a 1600-Watt convection element for high speed cooking. Bold design details are the perfect balance of elegance and functionality.    Touch controls provide an easy-to-use interface that guides you through the cooking options    5.0 cu. ft. lower oven capacity is perfect for holding your largest turkeys and roasts. It also allows you to prepare multiple dishes at the same time while the upper microwave oven gives you a family-size capacity of 1.4 cu. ft.    Microwave features 900-Watt cooking power, 1600-Watt convection power and 1600-Watt grill power to cook a variety of foods quickly    Microwave convection cooking increases the speed of cooking and provides a secondary convection cooking option    Crispwave Microwave Technology and crisper pan allow the microwave oven to be used for grilling, frying, and convection cooking. The specially designed crisper pan can be used to brown, crisp, and pan-fry foods    Even-Heat True Convection Oven (lower oven) Provides consistent heating and even cooking on all racks with a unique bow-tie shaped design and convection fan that helps ensure the most even baking    Built in temperature probe allows accurate measurement of internal temperatures of meats, poultry, and casseroles without having to open the oven so that food can be cooked perfectly    Control lockout helps prevent unsupervised operation    Adjustable self-cleaning option saves you the effort of scrubbing the oven    Large oven window makes it easy to check on cooking food without opening the oven door    Combines a bold blend of professionally inspired styling with sleek touches for the home. This beautiful built in wall oven features Satin Textured Handles and the KitchenAid Badge, a symbol of uncompromised quality    Please call your local store with your Order # to schedule installation for this item     Click here for more information on Electronic Recycling Programs       California residents", "price": "$3734.00", "number": "205893839", "spec_str": "{'capacity_of_microwave_(cu._ft.)': '1.4', 'cut-out_front_to_back_depth_(in.)': '24', 'cut-out_height_(in.)': '41.31', 'cut-out_left_to_right_width_(in.)': '28.5', 'depth_with_door(s)_open_90_degrees_(in.)': '46.75', 'microwave_interior_depth_(in)': '16.5', 'microwave_interior_height_(in)': '8.25', 'microwave_interior_width_(in)': '17.69', 'oven_interior_depth_(in)': '19', 'oven_interior_height_(in)': '18', 'oven_interior_width_(in)': '25', 'product_depth_(in.)': '27.13', 'product_height_(in.)': '42.5', 'product_width_(in.)': '30', 'wall_oven_size': '30 in.', 'amperage_(amps)': '40', 'appliance_type': 'Microwave &amp; Electric Oven Combo', 'capacity_of_oven_(cu._ft.)': '5.0', 'cleaning_type': 'Self Cleaning', 'color/finish': 'Stainless Steel', 'color/finish_family': 'Stainless Steel', 'commercial/residential': 'Residential', 'fuel_type': 'Electric', 'light_source': 'Halogen', 'microwave_control_type': 'Digital', 'microwave_door_release': 'Pull', 'microwave_features': 'Convection Oven,One Touch Cooking,Turntable', 'microwave_settings': 'Cook Power,Defrost,Popcorn,Steam Cook', 'microwave_size': 'Large', 'microwave_wattage_(watts)': '900', 'number_of_oven_racks': '3', 'number_of_power_levels': '10', 'oven_cleaning_options': 'Self-Cleaning', 'oven_control_type': 'Digital', 'oven_cooking_process': 'True Convection', 'oven_features': 'Broiler in Oven,Gliding/Roll Out Racks,Hidden Bake Element,Oven Temperature Probe', 'oven_settings': 'Delay Bake/Delay Start,Proofing Mode,Sabbath Mode', 'product_weight_(lb.)': '200', 'rack_positions': '6', 'returnable': 'Non-Returnable', 'vent_location': 'Back', 'voltage_(volts)': '240', 'wattage_(watts)': '2800 W', 'certifications_and_listings': 'UL Certified,cUL Listed', 'manufacturer_warranty': '10-year Limited Warranty: Year 1, Limited Parts &amp; Labor Warranty; Years 2-5, Limited Parts Warranty on Electric Oven Element and Solid State Touch Controls; Years 2-10, Limited Parts Warranty on Stainless Steel Microwave Oven Cavity'}"}