{"source_link": "https://www.homedepot.com/p/KitchenAid-30-in-Single-Electric-Wall-Oven-Self-Cleaning-with-Convection-in-Stainless-Steel-KOSE500ESS/205904303", "title": "30 in. Single Electric Wall Oven Self-Cleaning with Convection in Stainless Steel", "brand": "KitchenAid", "image": "https://images.thdstatic.com/productImages/aac5d412-2fb6-4473-b5cd-e2028a569c2f/svn/stainless-steel-kitchenaid-single-electric-wall-ovens-kose500ess-64_600.jpg", "breadcrumbs": "Home,Appliances,Wall Ovens,Electric Wall Ovens,Single Electric Wall Ovens", "description": "This 30 in. KitchenAid Single Wall Oven with Even-Heat True Convection provides consistent heating and even cooking. A unique bow-tie shaped design and convection fan helps ensure there are no burnt edges or undercooked centers. The Temperature Probe delivers accurate measurement of internal temperatures of meats, poultry, and casseroles without opening the oven door for perfectly cooked food. The oven's bold design details are the perfect balance of elegance and functionality.    An extra-large 5.0 cu. ft. cooking capacity that's unsurpassed among 30 in. wall ovens and is perfect for large turkeys and roasts    Glass-Touch display with control lock function features a responsive, easy-to-use interface that is also easy to clean    Hidden bake element is positioned below the oven floor, creating a smooth oven surface so spills are easy to clean without maneuvering around heating coils    Even-Heat True Convection provides consistent heating and even cooking on all racks with a unique bow-tie shaped design and convection fan that helps ensure the most even baking    Even-Heat Preheat feature helps remove cold spots to help ensure even baking because the entire oven, including the walls and racks, are heated to the correct temperature    Control Lock function helps to prevent unintended oven changes    Self-cleaning cycle uses high temperature to power through soils in the oven cavity, requiring only a quick wipe down at the end of the cycle    Large oven windows makes it easy to check on cooking food without opening the oven door    Halogen oven lights provide bright illumination, allowing you to easily see the progress of your food    SatinGlide Roll-Out Extension Rack allows easy loading and features an easy-grip handle, giving you the confidence when cooking with large or heavy dishes    EasyConvect Conversion System takes the guesswork out of convection cooking while the temperature probe allows accurate measurement of internal temperature of meats, poultry, and casseroles without having to open the oven door    Please call your local store with your Order # to schedule installation for this item     Click here for more information on Electronic Recycling Programs       California residents", "price": "$2474.00", "number": "205904303", "spec_str": "{'cut-out_front_to_back_depth_(in.)': '24', 'cut-out_height_(in.)': '28', 'cut-out_left_to_right_width_(in.)': '28.5', 'depth_with_door(s)_open_90_degrees_(in.)': '46.75', 'oven_interior_depth_(in)': '19', 'oven_interior_height_(in)': '18', 'oven_interior_width_(in)': '25', 'product_depth_(in.)': '23.25', 'product_height_(in.)': '28.75', 'product_width_(in.)': '30', 'wall_oven_size': '30 in.', 'amperage_(amps)': '20', 'appliance_category': 'Wall Oven', 'appliance_type': 'Single Wall Electric Oven', 'capacity_of_oven_(cu._ft.)': '5.0', 'cleaning_type': 'Self Cleaning', 'color/finish': 'Stainless Steel', 'color/finish_family': 'Stainless Steel', 'commercial/residential': 'Residential', 'fuel_type': 'Electric', 'number_of_oven_racks': '3', 'oven_cleaning_options': 'Self-Cleaning', 'oven_control_type': 'Digital', 'oven_cooking_process': 'True Convection', 'oven_features': 'Broiler in Oven,Gliding/Roll Out Racks,Hidden Bake Element,Oven Temperature Probe', 'oven_settings': 'Proofing Mode,Sabbath Mode', 'product_weight_(lb.)': '144', 'rack_positions': '6', 'returnable': 'Non-Returnable', 'voltage_(volts)': '240', 'wattage_(watts)': '4000 W', 'certifications_and_listings': 'ADA Compliant,UL Certified,cUL Listed'}"}