{"source_link": "https://www.homedepot.com/p/KitchenAid-1-4-cu-ft-Built-In-Microwave-in-Stainless-Steel-KMBS104ESS/205993724", "title": "1.4 cu. ft. Built-In Microwave in Stainless Steel", "brand": "KitchenAid", "image": "https://images.thdstatic.com/productImages/e4a1dd40-f96b-4e8f-ba83-e2ec6ba78b4a/svn/stainless-steel-kitchenaid-built-in-microwaves-kmbs104ess-64_600.jpg", "breadcrumbs": "Home,Appliances,Microwaves,Built-In Microwaves", "description": "This high power, 1000-Watt microwave can quickly and thoroughly cook all your favorite foods. The 1.4 cu. ft. capacity provides a full family-sized cooking capacity while the satin cross-hatched handles and stainless-steel cavity are the perfect complement to your oven. Trim kits are included that allow you to install this microwave into a 27 in. or 30 in. cutout to pair with your wall oven or range.    1.4 cu. ft. capacity provides large cooking capacity while complementing your convection oven    A high-powered, 1000-Watt microwave, it allows for fast and thorough cooking    Touch-screen controls and a digital display make it simple to interact with and control the microwave    Specialty settings including Baked Potato, Popcorn, and Meal Reheat help you control how your food is cooked so it comes out delicious time after time    The stainless steel cavity extends the beauty and easy cleaning of the exterior to the interior of the microwave oven    15.75 in. Dia turntable leaves room for most microwaveable dishes, even the larger ones    Incandescent lighting in the interior and a work surface light allow you to see what youre preparing as well as what youre preparing    This stunning microwave oven features Satin Textured Handles, Precision Touch Controls, and a Chrome Inlaid Frame, plus the KitchenAid Badge and KitchenAid Brand Medallion. These are only a few of the features that make for a bold blend of professionally-inspired styling with sleek touches for the home    27 in. and 30 in. trim kits are included to help give the microwave oven the finishing touch to make it blend right into the rest of the kitchen decor    The microwave comes with a 1-year limited warranty on parts and labor, a limited 5-year warranty on certain component parts, and a 10-year limited warranty on specified factory parts of the microwave cavity and inner door. Please see the Use and Care Manual for complete details     Click Here for details on the services included with Delivery &amp; Basic Hook-up, Installation options for Major Appliances, and Appliance Return Policy Information      Please call your local store with your Order # to schedule installation for this item     Click here for more information on Electronic Recycling Programs       California residents", "price": "$1439.00", "number": "205993724", "spec_str": "{'capacity_of_microwave_(cu._ft.)': '1.4', 'cut-out_front_to_back_depth_(in.)': '21.75', 'cut-out_height_(in.)': '17.63', 'cut-out_left_to_right_width_(in.)': '22.25', 'depth_with_door(s)_open_90_degrees_(in.)': '32.5', 'interior_depth_(in.)': '21.25', 'interior_height_(in.)': '17.63', 'interior_width_(in.)': '23.75', 'product_depth_(in.)': '21.25 in', 'product_height_(in.)': '17.88 in', 'product_width_(in.)': '23.75 in', 'turntable_width_(in.)': '15 in', 'appliance_category': 'Microwave', 'appliance_type': 'Built-In Microwave', 'color/finish': 'Stainless Steel', 'color/finish_family': 'Stainless Steel', 'compatible_trim_kit_model_number': 'N/A', 'controls_location': 'Top Controls', 'door_swing/style': 'Drop Down', 'interior_light_type': 'Incandescent', 'microwave_door_release': 'Pull', 'microwave_features': 'Turntable,With Trim Kit', 'microwave_settings': 'Defrost,Sensor Cook', 'microwave_size': 'Medium', 'number_of_one-touch_settings': '3', 'number_of_power_levels': '10', 'product_weight_(lb.)': '68 lb', 'returnable': 'Non-Returnable', 'vent_location': 'Top', 'wattage_(watts)': '1920 W', 'certifications_and_listings': 'UL Listed', 'manufacturer_warranty': '1 year limited warranty on parts and labor; 10 year limited warranty on certain parts', 'safety_listing': 'UL'}"}