{"source_link": "https://www.homedepot.com/p/GE-7-2-cu-ft-240-Volt-White-Electric-Vented-Dryer-GTD42EASJWW/206355459", "title": "7.2 cu. ft. 240-Volt White Electric Vented Dryer", "brand": "GE", "image": "https://images.thdstatic.com/productImages/1baef950-927c-4c80-bf60-f26967c55986/svn/white-ge-electric-dryers-gtd42easjww-64_600.jpg", "breadcrumbs": "Home,Appliances,Washers &amp; Dryers,Dryers,Electric Dryers", "description": "Your GE 7.2 cu. ft. Electric Front Load Dryer in White features an Auto Dry option that keeps your clothes looking and feeling great every time. This setting monitors temperature to set the optimal drying time so that clothes do not over dry. The end of cycle signal alerts you when the load is done, so clothes can be removed before wrinkles set in and gives you those warm clothes that everyone loves. GE appliances provide up-to-date technology and exceptional quality to simplify the way you live. With a timeless appearance, this family of appliances is ideal for your family. And, coming from one of the most trusted names in America, you know that this entire selection of appliances is as advanced as it is practical.    4 drying cycles including Timed Dry, Delicates, and Easy Care to properly care for a variety of fabric types    Aluminized Alloy drum resists chipping, rusting and abrasion to protect clothes from damage    Electromechanical front controls make this dryer easy to operate    4 heat selections provide the proper heat for different fabric types to ensure that clothes are not over dried    Quiet-by-Design sound protection minimizes dryer noise for convenient placement in first-floor laundry rooms or near bedrooms    Wrinkle Care Cycle option tumbles the dryer to help prevent wrinkles from setting into clean, dry fabrics    End of Cycle signal provides an audible alert that the dryer cycle is finished    Auto Dry has your clothes feeling and looking great with a setting that monitors air temperature to set the optimal drying time    Removable upfront lint filter lets you know when it needs to be cleaned for improved drying    Up to 120 ft. venting capability provides flexible installation    Interior light lets you see everything inside the dryer so you don't miss anything, like those stubborn socks    Dryer duct and electrical cords are required for installation and will be offered separately during appliance checkout    Pairs with top load washer model GTW460ASJWW    Limited 1-year entire appliance warranty     Click Here for details on the services included with Delivery &amp; Basic Hook-up, Installation options for Major Appliances, and Appliance Return Policy Information                  California residents", "price": "$674.00", "number": "206355459", "spec_str": "{'depth_with_door_open_90_degrees_(in)': '52 in', 'door_opening_height_(in.)': '15.25', 'door_opening_width_(in.)': '22.5', 'product_depth_(in.)': '29.5 in', 'product_height_(in.)': '44 in', 'product_width_(in.)': '27 in', 'amperage_(amps)': '22 A', 'appliance_category': 'Dryer', 'appliance_type': 'Electric Dryer', 'capacity_-_dryer_(cu._ft.)': '7.2', 'color/finish': 'White', 'color/finish_family': 'White', 'control_type': 'Electro-Mechanical', 'door_material': 'Steel', 'door_shape': 'Square Door', 'door_style': 'Right Swing', 'dry_cycles': 'Auto Dry,Cool Down,Cotton,Delicates,Extended Tumble,Wrinkle Free', 'dryer_drum_material': 'Aluminized Alloy Steel Drum', 'dryer_features': 'Adjustable End-of-Cycle Signal,Control Lock,Four-Way Venting,Interior Light,Lint Filter,Timed Dry', 'dryer_fuel_type': 'Electric', 'exhaust_vent_location': 'Bottom,Left Side,Rear,Right Side', 'included': 'No Additional Items Included', 'item_package_quantity': '1', 'lint_filter_location': 'Front', 'matching_washer_type': 'Top Load Matching', 'number_of_drying_cycles': '4', 'number_of_drying_temperatures': '4', 'pedestal_model#': 'None', 'product_weight_(lb.)': '101 lb', 'returnable': 'Non-Returnable', 'stackable': 'Not Stackable', 'stacking_kit_model#': 'None', 'steam_function': 'No Steam', 'vent_type': 'Vented', 'voltage_(volts)': '240', 'certifications_and_listings': 'UL Listed', 'manufacturer_warranty': 'Limited 1-year entire appliance'}"}