{"source_link": "https://www.homedepot.com/p/GE-7-2-cu-ft-120-Volt-White-Gas-Vented-Dryer-GTD42GASJWW/206355463", "title": "7.2 cu. ft. 120-Volt White Gas Vented Dryer", "brand": "GE", "image": "https://images.thdstatic.com/productImages/45772c87-3304-4bd7-9d87-1e6dc8224924/svn/white-ge-gas-dryers-gtd42gasjww-64_600.jpg", "breadcrumbs": "Home,Appliances,Washers &amp; Dryers,Dryers,Gas Dryers", "description": "This GE 7.2 cu. ft. Gas Dryer in White features an Auto Dry option that keeps your clothes looking and feeling great every time. This setting monitors the temperature to set the optimal drying time so that your clothes don't overdry. With an end-of-cycle signal that alerts you when the load is done, you can remove clothes before wrinkles set in, or use the handy Wrinkle Care feature to help prevent them. Boasting up-to-date technology and exceptional quality to simplify the way you live, GE dryers are the right choice for your family.    7.2 cu. ft. capacity accommodates large loads    4 drying cycles including Timed Dry, Delicates and Easy Care to properly care for a variety of fabric types    Aluminized alloy drum resists chipping, rusting and abrasion to protect clothes from damage    Electro-mechanical front controls make this dryer easy to operate    4 heat selections provide the proper heat for different fabric types to ensure that clothes are not over-dried    Quiet-by-Design sound protection minimizes dryer noise for convenient placement in first-floor laundry rooms or near bedrooms    Wrinkle care cycle option tumbles the dryer to help prevent wrinkles from setting into clean, dry fabrics    End of Cycle signal provides an audible alert that the dryer cycle is finished    Auto Dry has your clothes feeling and looking great with a setting that monitors air temperature to set the optimal drying time    Removable upfront lint filter lets you know when it needs to be cleaned for improved drying    Up to 120 ft. venting capability provides flexible installation    Interior light lets you see everything inside the dryer so you don't miss anything, like those stubborn socks    Dryer duct and electrical cords are required for installation and will be offered separately during appliance checkout    Pairs with top load washer model GTW460ASJWW    Limited 1-year entire appliance warranty     Click Here for details on the services included with Delivery &amp; Basic Hook-up, Installation options for Major Appliances, and Appliance Return Policy Information                  California residents", "price": "$764.00", "number": "206355463", "spec_str": "{'depth_with_door_open_90_degrees_(in)': '52 in', 'door_opening_height_(in.)': '15.25', 'door_opening_width_(in.)': '22.5', 'product_depth_(in.)': '29.5 in', 'product_height_(in.)': '44 in', 'product_width_(in.)': '27 in', 'appliance_category': 'Dryer', 'appliance_type': 'Gas Dryer', 'capacity_-_dryer_(cu._ft.)': '7.2', 'color/finish': 'White', 'color/finish_family': 'White', 'control_type': 'Electro-Mechanical', 'door_material': 'Steel', 'door_shape': 'Square Door', 'door_style': 'Reversible', 'dry_cycles': 'Auto Dry,Cool Down,Cotton,Delicates,Extended Tumble,Wrinkle Free', 'dryer_drum_material': 'Stainless Steel Drum', 'dryer_features': 'Digital Cycle Countdown,Interior Light,Lint Filter,Timed Dry', 'dryer_fuel_type': 'Gas', 'exhaust_vent_location': 'Bottom,Left Side,Rear', 'included': 'No Additional Items Included', 'item_package_quantity': '1', 'lint_filter_location': 'Front', 'matching_washer_type': 'Top Load Matching', 'number_of_drying_cycles': '4', 'number_of_drying_temperatures': '4', 'pedestal_model#': 'None', 'product_weight_(lb.)': '107 lb', 'returnable': 'Non-Returnable', 'stackable': 'Not Stackable', 'stacking_kit_model#': 'None', 'steam_function': 'No Steam', 'vent_type': 'Vented', 'voltage_(volts)': '120', 'certifications_and_listings': 'ADA Compliant,Energy Star,UL Listed', 'manufacturer_warranty': 'Limited 1-year entire appliance'}"}