{"source_link": "https://www.homedepot.com/p/GE-7-2-cu-ft-120-Volt-White-Gas-Vented-Dryer-GTD33GASKWW/206824725", "title": "7.2 cu. ft. 120 Volt White Gas Vented Dryer", "brand": "GE", "image": "https://images.thdstatic.com/productImages/5c45ae62-6b96-4383-9ca0-7b955d983527/svn/white-ge-gas-dryers-gtd33gaskww-64_600.jpg", "breadcrumbs": "Home,Appliances,Washers &amp; Dryers,Dryers,Gas Dryers", "description": "This GE 7.2 cu. ft. capacity Gas Dryer features an aluminized alloy drum, improves energy efficiency and resists corrosion. Designed for quiet operation, this dryer offers three heat options to accommodate a variety of fabric types and is easy to set with classic rotary controls. Convenient settings include AutoDry, which monitors temperature to determine the proper drying time, and a Wrinkle Care cycle that helps prevent wrinkles from setting into your clothes.    3 heat selections offer a choice of drying temperatures for personalized fabric care    Up to 120 ft. venting capability enables flexible installation    Auto Dry monitors air temperature to set the optimal drying time    Rotary electromechanical controls make it simple to set cycles    Upfront lint filter makes cleaning out lint easy    Reversible door opening can be set to open on the right or left to meet your laundry room needs    End-of-cycle signal provides an audible alert that the dryer cycle is finished    Quiet-by-Design sound protection minimizes dryer noise for convenient placement in first-floor laundry rooms or near bedrooms    Wrinkle Care cycle option tumbles the dryer to help prevent wrinkles from setting into clean, dry fabrics    Dryer duct and electrical cords are required for installation and will be offered separately during appliance checkout    Aluminized alloy drum improves energy efficiency and resists corrosion    Optional LP Conversion Kit: model WE25X0217    Pairs with top load washer model GTW330ASKWW    Limited 1-year entire appliance warranty                California residents", "price": "$749.00", "number": "206824725", "spec_str": "{'depth_with_door_open_90_degrees_(in)': '52 in', 'door_opening_height_(in.)': '15.25', 'door_opening_width_(in.)': '22.5', 'product_depth_(in.)': '29.5 in', 'product_height_(in.)': '44 in', 'product_width_(in.)': '27 in', 'appliance_category': 'Dryer', 'appliance_type': 'Gas Dryer', 'capacity_-_dryer_(cu._ft.)': '7.2', 'color/finish': 'White', 'color/finish_family': 'White', 'control_type': 'Electro-Mechanical', 'door_material': 'Steel', 'door_shape': 'Square Door', 'door_style': 'Reversible', 'dry_cycles': 'Air Fluff,Cool Down,Cotton,Extended Tumble,Quick Dry,Timed Dry,Wrinkle Free', 'dryer_drum_material': 'Aluminized Alloy Steel Drum', 'dryer_features': 'Adjustable End-of-Cycle Signal,Lint Filter,Sensor Dry,Timed Dry', 'dryer_fuel_type': 'Gas', 'exhaust_vent_location': 'Bottom,Left Side,Rear', 'included': 'No Additional Items Included', 'lint_filter_location': 'Front', 'matching_washer_type': 'Top Load Matching', 'number_of_drying_cycles': '3', 'number_of_drying_temperatures': '3', 'pedestal_model#': 'None', 'product_weight_(lb.)': '107 lb', 'returnable': 'Non-Returnable', 'stackable': 'Not Stackable', 'stacking_kit_model#': 'None', 'steam_function': 'No Steam', 'vent_type': 'Vented', 'voltage_(volts)': '120', 'certifications_and_listings': 'UL Certified', 'manufacturer_warranty': '1 Year Limited'}"}