{"source_link": "https://www.homedepot.com/p/LG-Electronics-30-in-Single-Electric-Wall-Oven-with-Convection-and-EasyClean-in-Stainless-Steel-LWS3063ST/206824932", "title": "30 in. Single Electric Wall Oven with Convection and EasyClean in Stainless Steel", "brand": "LG Electronics", "image": "https://images.thdstatic.com/productImages/561cd7d8-e9e2-45ed-93d4-b57323ddcecd/svn/stainless-steel-lg-electronics-single-electric-wall-ovens-lws3063st-64_600.jpg", "breadcrumbs": "Home,Smart Home,Smart Appliances,Smart Wall Ovens", "description": "LG Electronics 30 in. Self-Cleaning Electric Convection Single Wall Oven makes it easy to select and monitor lots of cooking options with SmoothTouch controls. The wall oven's powerful convection cooking system delivers the ideal temperature and airflow for fast preheating and uniform cooking. You can also perform a fast oven cleaning in 10 minutes.    SmoothTouch controls makes it easy to select and monitor the cooking options    Extra-large 4.7 cu. ft. capacity has a brilliant blue interior and is large enough for an entire meal    Convection system delivers the ideal temperature and airflow for fast preheating and uniform cooking    2 convection options, convection bake and convection roast, for enhanced versatility    Recessed broiler element is hidden for enhanced baking capacity and easy cleaning    Large WideView window allows you to easily check on your meal without having to open the door    Variable self-cleaning system has 2, 3 and 4 hour options to meet your unique cleaning needs    Broiler pan is included    3 heavy-duty racks and 5 rack positions for cooking flexibility    Stainless steel exterior complements your kitchen decor    Product available for home delivery only. Installation is not offered at time of delivery; check with your local The Home Depot store for installation options    Download the SmartThinQ application to enable the smart cooking feature; store your favorite recipes, search Food Channel recipes and sync with your oven, and it will adjust the operating settings to follow the instructions    Please call your local store with your Order # to schedule installation for this item                               Click here for more information on Electronic Recycling Programs       California residents", "price": "$1998.00", "number": "206824932", "spec_str": "{'cut-out_front_to_back_depth_(in.)': '23.5', 'cut-out_height_(in.)': '29', 'cut-out_left_to_right_width_(in.)': '28.5', 'depth_with_door(s)_open_90_degrees_(in.)': '23', 'oven_interior_depth_(in)': '18.62', 'oven_interior_height_(in)': '17.68', 'oven_interior_width_(in)': '24.5', 'product_depth_(in.)': '24.38 in', 'product_height_(in.)': '29.313 in', 'product_width_(in.)': '29.75 in', 'wall_oven_size': '30 in.', 'amperage_(amps)': '17.3', 'appliance_category': 'Wall Oven', 'appliance_type': 'Single Wall Electric Oven', 'capacity_of_oven_(cu._ft.)': '4.7', 'cleaning_type': 'Self Cleaning', 'color/finish': 'Stainless Steel', 'color/finish_family': 'Stainless Steel', 'commercial/residential': 'Residential', 'fuel_type': 'Electric', 'number_of_oven_racks': '2', 'oven_cleaning_options': 'Delay Clean,Self-Cleaning', 'oven_control_type': 'Digital', 'oven_cooking_process': 'Standard', 'oven_features': 'Hidden Bake Element', 'oven_settings': 'Delay Bake/Delay Start,Keep Warm', 'product_weight_(lb.)': '157 lb', 'rack_positions': '5', 'returnable': 'Non-Returnable', 'voltage_(volts)': '240', 'wattage_(watts)': '2500 W', 'certifications_and_listings': 'ADA Compliant'}"}