{"source_link": "https://www.homedepot.com/p/Summit-Appliance-24-in-Single-Gas-Wall-Oven-in-Black-TTM7212KW/206823060", "title": "24 in. Single Gas Wall Oven in Black", "brand": "Summit Appliance", "image": "https://images.thdstatic.com/productImages/f03348f0-83de-4273-ad47-407c9feeb41f/svn/black-summit-appliance-single-gas-wall-ovens-ttm7212kw-64_600.jpg", "breadcrumbs": "Home,Appliances,Wall Ovens,Gas Wall Ovens,Single Gas Wall Ovens", "description": "SUMMIT offers a diverse series of fully featured domestically manufactured wall ovens with cutout dimensions of 34-1/8 in. H x 22-3/8 in. W x 23 in. D. The TTM7212KW is a gas wall oven with electronic ignition and an oven broiler. The unit is set for natural gas, but can be converted to LP without a kit. The black porcelain oven door has a window with light for the best view during baking. A digital clock with timer adds convenience. The interior is constructed from porcelain for lasting quality, with an 18000 BTU oven. SUMMIT's wall ovens have an industry exclusive height of 34-1/2 in. These units fit many discontinued cutouts such as Caloric, Slattery, and older makes, including Magic Chef. To fit other cutouts up to 39 in. high, add the TKW700/B trim kit accessory. With deluxe features and a deep capacity, our wall ovens bring high quality; value priced cooking into your kitchen.    2.92 cu. ft. capacity provides enough cooking space in a slim 24 in. fit    Dial controls for easy operation    Drop-down broiler compartment    Black door with window provides a view inside to monitor your cooking progress    Interior oven light provides a display    Contains 2 oven racks that can be placed in four different positions    Digital clock and timer for convenient cooking    Includes a 2-piece porcelain broiler with grease well    1 year limited manufacturer's warranty    Product available for home delivery only. Installation is not offered at time of delivery; check with your local The Home Depot store for installation options    Designed and constructed in the USA     Click here for more information on Electronic Recycling Programs       California residents", "price": "$926.35", "number": "206823060", "spec_str": "{'cut-out_front_to_back_depth_(in.)': '23', 'cut-out_height_(in.)': '34.13', 'cut-out_left_to_right_width_(in.)': '22.38', 'depth_with_door(s)_open_90_degrees_(in.)': '40', 'oven_interior_depth_(in)': '18', 'oven_interior_height_(in)': '14', 'oven_interior_width_(in)': '19', 'product_depth_(in.)': '24', 'product_height_(in.)': '34.5', 'product_width_(in.)': '24', 'wall_oven_size': '24 in.', 'appliance_category': 'Wall Oven', 'appliance_type': 'Single Wall Gas Oven', 'capacity_of_oven_(cu._ft.)': '2.92', 'cleaning_type': 'Manual Clean', 'color/finish': 'Black', 'color/finish_family': 'Black', 'commercial/residential': 'Residential', 'fuel_type': 'Gas', 'included': 'Power Cord,Propane (LP) Conversion Kit', 'number_of_oven_racks': '2', 'oven_cleaning_options': 'Manual Clean', 'oven_control_type': 'Dial', 'oven_cooking_process': 'Standard', 'oven_features': 'Gliding/Roll Out Racks,Propane', 'oven_settings': 'No Specialty Settings', 'product_weight_(lb.)': '150', 'rack_positions': '4', 'returnable': '90-Day', 'certifications_and_listings': 'CSA Certified'}"}