{"source_link": "https://www.homedepot.com/p/GE-7-2-cu-ft-240-Volt-White-Electric-Vented-Dryer-GTD33EASKWW/206824723", "title": "7.2 cu. ft. 240 Volt White Electric Vented Dryer", "brand": "GE", "image": "https://images.thdstatic.com/productImages/5c45ae62-6b96-4383-9ca0-7b955d983527/svn/white-ge-electric-dryers-gtd33easkww-64_600.jpg", "breadcrumbs": "Home,Appliances,Washers &amp; Dryers,Dryers,Electric Dryers", "description": "Your GE 7.2 cu. ft. capacity aluminized alloy drum Electric dryer improves energy efficiency and resist corrosion. GE appliances provide up-to-date technology and exceptional quality to simplify the way you live. With a timeless appearance, this family of appliances is ideal for your family. And, coming from one of the most trusted names in America, you know that this entire selection of appliances is as advanced as it is practical.    Aluminized alloy drum improves energy efficiency and resists corrosion    3 heat selections offer a choice of drying temperatures for personalized fabric care    Up to 120 ft. venting capability provides flexible installation    Auto dry for clothes that come out feeling and looking great    Rotary electromechanical controls make it simple to set cycles    Upfront lint filter makes cleaning out lint easy    Reverse-a-door door opening can be reversed to meet laundry room needs    End of cycle signal provides an audible alert that the dryer cycle is finished    Quiet-by-design sound protection minimizes dryer noise for convenient placement in first-floor laundry rooms or near bedrooms    Wrinkle care cycle option tumbles the dryer to help prevent wrinkles from setting into clean, dry fabrics    5 easy care cycles to make drying clothes quick and easy    Dryer Duct and electrical cords are required for installation and will be offered separately during appliance checkout    Pairs with top load washer model GTW330ASKWW    Limited 1-year entire appliance warranty                California residents", "price": "$649.00", "number": "206824723", "spec_str": "{'depth_with_door_open_90_degrees_(in)': '52 in', 'door_opening_height_(in.)': '15.25', 'door_opening_width_(in.)': '22.5', 'product_depth_(in.)': '29.5 in', 'product_height_(in.)': '44 in', 'product_width_(in.)': '27 in', 'amperage_(amps)': '24 A', 'appliance_category': 'Dryer', 'appliance_type': 'Electric Dryer', 'capacity_-_dryer_(cu._ft.)': '7.2', 'color/finish': 'White', 'color/finish_family': 'White', 'control_type': 'Electro-Mechanical', 'door_material': 'Steel', 'door_shape': 'Square Door', 'door_style': 'Reversible', 'dry_cycles': 'Air Fluff,Cool Down,Cotton,Quick Dry,Timed Dry', 'dryer_drum_material': 'Aluminized Alloy Steel Drum', 'dryer_features': 'Adjustable End-of-Cycle Signal,Four-Way Venting,Lint Filter,Timed Dry', 'dryer_fuel_type': 'Electric', 'exhaust_vent_location': 'Bottom,Left Side,Rear,Right Side', 'included': 'No Additional Items Included', 'lint_filter_location': 'Front', 'matching_washer_type': 'Top Load Matching', 'number_of_drying_cycles': '3', 'number_of_drying_temperatures': '3', 'pedestal_model#': 'None', 'product_weight_(lb.)': '104 lb', 'returnable': 'Non-Returnable', 'stackable': 'Not Stackable', 'stacking_kit_model#': 'None', 'steam_function': 'No Steam', 'vent_type': 'Vented', 'voltage_(volts)': '240', 'certifications_and_listings': 'UL Certified', 'manufacturer_warranty': '1 Year Limited'}"}