{"source_link": "https://www.homedepot.com/p/LG-Electronics-30-in-Double-Electric-Wall-Oven-Self-Cleaning-with-Convection-and-EasyClean-in-Stainless-Steel-LWD3063ST/206824931", "title": "30 in. Double Electric Wall Oven Self-Cleaning with Convection and EasyClean in Stainless Steel", "brand": "LG Electronics", "image": "https://images.thdstatic.com/productImages/ac8665c1-6c9d-4a81-9064-0fcccdb1bd02/svn/stainless-steel-lg-electronics-double-electric-wall-ovens-lwd3063st-64_600.jpg", "breadcrumbs": "Home,Appliances,Wall Ovens,Electric Wall Ovens,Double Electric Wall Ovens", "description": "LG Electronics 30 in. Self-Cleaning Electric Convection Double Wall Oven makes it easy to select and monitor lots of cooking options with SmoothTouch controls. The wall oven's powerful convection cooking system delivers the ideal temperature and airflow for fast preheating and uniform cooking.    SmoothTouch controls makes it easy to select and monitor the cooking options    Each oven features extra-large 4.7 cu. ft. capacity, has a brilliant blue interior and is large enough for an entire meal    Convection system delivers the ideal temperature and airflow for fast preheating and uniform cooking    2 convection options, convection bake and convection roast, for enhanced versatility    Recessed broiler element is hidden for enhanced baking capacity and easy cleaning    Large WideView window allows you to easily check on your meal without having to open the door    Variable self-cleaning system has 2, 3 and 4 hour options to meet your unique cleaning needs    Broiler pan is included    3 heavy-duty racks and 5 rack positions for cooking flexibility    Stainless steel exterior complements your kitchen decor    Product available for home delivery only. Installation is not offered at time of delivery; check with your local The Home Depot store for installation options    Offers versatile cooking settings with and without convection    Download the SmartThinQ application to enable the smart cooking feature; store your favorite recipes, search Food Channel recipes and sync with your oven, and it will adjust the operating settings to follow the instructions               Click here for more information on Electronic Recycling Programs       California residents", "price": "$2898.00", "number": "206824931", "spec_str": "{'cut-out_front_to_back_depth_(in.)': '23.5', 'cut-out_height_(in.)': '51.92', 'cut-out_left_to_right_width_(in.)': '28.5', 'depth_with_door(s)_open_90_degrees_(in.)': '40.94', 'lower_oven_interior_depth_(in)': '18.62', 'lower_oven_interior_height_(in.)': '17.68', 'lower_oven_interior_width_(in.)': '24.5', 'product_depth_(in.)': '24.38 in', 'product_height_(in.)': '52.07 in', 'product_width_(in.)': '29.75 in', 'upper_oven_interior_depth_(in)': '18.62', 'upper_oven_interior_height_(in.)': '17.68', 'upper_oven_interior_width_(in.)': '24.5', 'wall_oven_size': '30 in.', 'amperage_(amps)': '32.5', 'appliance_category': 'Wall Oven', 'appliance_type': 'Double Wall Electric Oven', 'cleaning_type': 'Self Cleaning', 'color/finish': 'Stainless Steel', 'color/finish_family': 'Stainless Steel', 'commercial/residential': 'Residential', 'fuel_type': 'Electric', 'lower_oven_capacity_(cu._ft.)': '4.7', 'lower_oven_features': 'Standard Features Only', 'lower_oven_rack_positions': '5', 'lower_oven_settings': 'Delay Bake/Delay Start,Keep Warm,Proofing Mode', 'lower_oven_wattage': '2500', 'number_of_oven_racks': '2', 'oven_cleaning_options': 'Delay Clean,Lower Self-Cleaning,Upper Self-Cleaning', 'oven_control_type': 'Digital', 'oven_cooking_process': 'Standard', 'product_weight_(lb.)': '270 lb', 'returnable': 'Non-Returnable', 'upper_oven_capacity_(cu._ft.)': '4.7', 'upper_oven_features': 'Broiler in Oven,Hidden Bake Element', 'upper_oven_rack_positions': '5', 'upper_oven_settings': 'Delay Bake/Delay Start,Keep Warm', 'upper_oven_wattage': '2500', 'voltage_(volts)': '240', 'certifications_and_listings': 'ADA Compliant,No Certifications or Listings'}"}