{"source_link": "https://www.homedepot.com/p/GE-30-in-5-3-cu-ft-Electric-Range-with-Self-Cleaning-Oven-in-Stainless-Steel-JB645RKSS/206942923", "title": "30 in. 5.3 cu. ft. Electric Range with Self-Cleaning Oven in Stainless Steel", "brand": "GE", "image": "https://images.thdstatic.com/productImages/9dd4c5fb-850d-4c23-bfa7-5e5d800a04b2/svn/stainless-steel-ge-single-oven-electric-ranges-jb645rkss-64_600.jpg", "breadcrumbs": "Home,Appliances,Ranges,Electric Ranges,Single Oven Electric Ranges", "description": "This 5.3 cu. ft. Free-Standing Electric Range in a beautiful stainless steel finish features a Digital Temperature display. A Power Boil dual element burner with 9 in. and 6 in. capability gives you 3,000-Watt of power for superior performance. The 4-burner upswept cooktop easily wipes clean. The white patterned ceramic glass top contains spills and allows for easy cleaning. Dual Element Bake with upper and lower elements produce even heat and great results. The removable full-width storage drawer lets you store cookware or kitchen accessories.    2-powerful 9 in. x 6 in. Power Boil elements boil water 25% faster than standard GE elements and adjust to fit cookware    Self-clean oven cleans the oven cavity without the need for scrubbing    Delay bake lets you program the oven to begin baking at a preset time for added convenience    In-oven broiling gives you improved cooking control when grilling meats or melting cheese    Electronic pads on the control panel are easy to operate with just a touch    Control Lock disables the control panel to avoid unintended use or other changes to your cooking settings    Big view oven window provides better visibility of the oven interior, allowing you to monitor cooking progress without opening the door, keeping oven temperatures steady and undisturbed    2-oven racks can be configured in 6-positions to accommodate a variety of baking needs    5.3 cu. ft. oven capacity offers enough room to cook an entire meal at once    Removable full-width storage drawer stores cookware or kitchen accessories    Smooth, ceramic glass cooktop easily wipes clean of messes    Dual-element bake upper and lower elements produce even heat for tastier meals     Click Here for details on the services included with Delivery and Basic Hook-up, Installation options for Major Appliances, and Appliance Return Policy Information      Limited 1-year entire appliance warranty                California residents", "price": "$763.00", "number": "206942923", "spec_str": "{'depth_with_door(s)_open_90_degrees_(in.)': '47.875', 'element_no.1_size_(in.)': '9', 'element_no.2_size_(in.)': '9', 'element_no.3_size_(in.)': '6', 'element_no.4_size_(in.)': '6', 'oven_interior_depth_(in)': '19.5', 'oven_interior_height_(in)': '19.25', 'oven_interior_width_(in)': '24.125', 'product_depth_(in.)': '28 in', 'product_height_(in.)': '47 in', 'product_width_(in.)': '29.88 in', 'range_size_(width)': '30 in.', 'amperage_(amps)': '40 A', 'appliance_category': 'Range', 'appliance_type': 'Electric Range', 'broiler_location': 'Oven', 'capacity_of_oven_(cu._ft.)': '5.3', 'cleaning_type': 'Self Cleaning', 'color_of_cooktop': 'Black', 'color/finish': 'Stainless Steel', 'color/finish_family': 'Stainless Steel', 'commercial/residential': 'Residential', 'control_type': 'Electronic', 'controls_location': 'Back Control', 'cooktop_features': 'Control Lockout,Indicator Light- Heating Element On,Indicator Light- Hot Surface Indicator Light', 'cooktop_surface_type': 'Radiant', 'drawer_type': 'Lower Storage Drawer', 'element_no.1_type': 'Radiant', 'element_no.1_wattage': '3100', 'element_no.2_type': 'Radiant', 'element_no.2_wattage': '3100', 'element_no.3_type': 'Radiant', 'element_no.3_wattage': '1200', 'element_no.4_type': 'Radiant', 'element_no.4_wattage': '1200', 'fuel_type': 'Electric', 'included': 'No Additional Items Included', 'number_of_elements': '4 element', 'number_of_oven_racks': '2', 'number_of_rack_positions': '6', 'oven_cleaning_options': 'Self-Cleaning', 'oven_cooking_process': 'Standard', 'oven_features': 'Broiler in Oven,Temperature Control', 'oven_settings': 'Delay Bake/Delay Start', 'product_weight_(lb.)': '158 lb', 'range_installation_type': 'Freestanding', 'returnable': 'Non-Returnable', 'voltage_(volts)': '240 V', 'certifications_and_listings': 'UL Listed', 'manufacturer_warranty': 'Limited 1 Year Warranty entire Appliance'}"}