{"source_link": "https://www.homedepot.com/p/GE-1-9-cu-ft-Over-the-Range-Microwave-in-Stainless-Steel-with-Sensor-Cooking-JVM7195SKSS/207025745", "title": "1.9 cu. ft. Over the Range Microwave in Stainless Steel with Sensor Cooking", "brand": "GE", "image": "https://images.thdstatic.com/productImages/56d53cd8-036d-4245-a6a1-661914504949/svn/stainless-steel-ge-over-the-range-microwaves-jvm7195skss-64_600.jpg", "breadcrumbs": "Home,Appliances,Microwaves,Over-the-Range Microwaves", "description": "Your GE 1.9 cu. ft. Over the Range Sensor Microwave Oven in Stainless Steel has 1000-Watt of power. Four-speed with boost 400-CFM venting fan system quickly removes smoke, steam and odors from the cooktop to keep kitchen air fresh and clean. Weight and time defrost lets you simply enter the weight of the food, and the oven automatically sets the optimal defrosting time and power level or set your desired time for defrosting. Easy clean with steam lets you clean messes inside the microwave and is easy to wipe away after steam loosens food grime. GE appliances provide up-to-date technology and exceptional quality to simplify the way you live. With a timeless appearance, this family of appliances is ideal for your family. And, coming from one of the most trusted names in America, you know that this entire selection of appliances is as advanced as it is practical.    Sensor cooking automatically sets the optimal time and power level    1,000-Watt of cooking power and 10 cooking levels for boiling, reheating and defrosting    The built-in 4-speed, 400 CFM venting system helps enhance kitchen air quality by removing smoke, steam and odors from your cooktop    Electronic controls with graphic display make this microwave easy-to-use    1.9 cu. ft. capacity accommodates small casserole dishes    Easy clean enamel interior for easier cleanup of spills    Turntable on/off is ideal for even cooking results or for accommodating oversized dishes that may not fully rotate    Cooktop lighting provides illumination above the range with 2 brightness settings, including a night-light option    4 fan-speed settings let you choose the right amount of ventilation    Limited 1-year warranty entire appliance     Click Here for details on the services included with Delivery &amp; Basic Hook-up and installation options for this product       California residents", "price": "$457.00", "number": "207025745", "spec_str": "{'capacity_of_microwave_(cu._ft.)': '1.9', 'cut-out_front_to_back_depth_(in.)': '14.5625', 'cut-out_height_(in.)': '11.625', 'cut-out_left_to_right_width_(in.)': '21.9375', 'depth_with_door(s)_open_90_degrees_(in.)': '39.125', 'product_depth_(in.)': '15.5625 in', 'product_height_(in.)': '16.3125 in', 'product_width_(in.)': '29.875 in', 'appliance_category': 'Microwave', 'appliance_type': 'Over the Range Microwave', 'color/finish': 'Stainless Steel', 'color/finish_family': 'Stainless Steel', 'controls_location': 'Side Controls', 'door_swing/style': 'Right to Left Swing', 'exhaust_fan_speeds': '4', 'exhaust_maximum_cfm': '400', 'item_package_quantity': '1', 'light_source': 'Incandescent', 'microwave_door_release': 'Pull', 'microwave_features': 'Turntable On/Off Option', 'microwave_settings': 'Defrost,Sensor Cook', 'microwave_size': 'Large', 'number_of_one-touch_settings': '6', 'number_of_power_levels': '10', 'product_weight_(lb.)': '55', 'returnable': 'Non-Returnable', 'vent_fan_location': 'Back', 'vent_location': 'Top', 'vent_type': 'Convertible', 'wattage_(watts)': '1000 W', 'certifications_and_listings': 'No Certifications or Listings', 'manufacturer_warranty': 'Limited 1-year entire appliance', 'safety_listing': 'UL'}"}