{"source_link": "https://www.homedepot.com/p/LG-Electronics-9-0-cu-ft-Stackable-Electric-Dryer-w-TrueSteam-SteamFresh-and-Pedestal-Compatible-in-Graphite-Steel-DLEX8100V/207024882", "title": "9.0 cu. ft. Stackable Electric Dryer w/ TrueSteam, SteamFresh and Pedestal Compatible in Graphite Steel", "brand": "LG Electronics", "image": "https://images.thdstatic.com/productImages/52d65c1c-26d4-4293-bb90-db7688427e5a/svn/graphite-steel-lg-electronics-electric-dryers-dlex8100v-64_600.jpg", "breadcrumbs": "Home,Smart Home,Smart Appliances,Smart Washers and Dryers,Smart Dryers", "description": "LG's Mega Capacity 9.0 cu. ft. Steam Dryer performs big enough for your most ambitious loads. Smart enough to make sure everything dries perfectly with 14 drying programs, including, Steam Fresh, Steam Sanitary, Wool, Speed Dry, Air Dry and Super Dry. Steam technology reduces wrinkles and odors and practically eliminates the need for ironing. Optimum drying time is continuously monitored with the Sensor Dry system. Beautiful.     2022 LG Cleanup Promo - purchase LG washer and dryer with an eligible LG stick vacuum and receive an instant rebate up to $700     14 drying cycles with sensor dry: cotton/normal, perm, press, towels, delicates, heavy duty, steam fresh, steam sanitary, spot clean, anti-bacterial, jumbo dry, wool, super dry; manual dry cycles: speed dry and air dry    9.0 cu. ft. of capacity to accommodate the largest loads, such as a king size comforter and full set of bedding in a single load    Intelligent electronic control panel with dual LED display and dial-a-cycle makes it easy to find the right setting for each load    Sensor dry system measures the moisture levels during the cycle and automatically adjusts the drying time    Got a small stain or spot, our SpotClean cycle is designed to use the power of steam to effectively remove stains and freshen clothes right in the dryer    TrueSteam technology generates real steam to reduce wrinkles and odors, practically eliminating the need for ironing    SteamFresh cycle refreshes and reduces wrinkles in up to 5 garments at a time with one, 20-minute dryer cycle    SteamSanitary cycle safely sanitizes items marked as non-washable    Say so long to static, the ReduceStatic option virtually eliminates static cling by lightly moistening clothes to make ironing easier and more efficient    Easy iron option virtually eliminates static cling    SmartDiagnosis feature helps the service center diagnose problems over the phone or with a simple app on your smart phone, helping you minimize costly, inconvenient service calls    FlowSense duct clogging indicator will tell you when it's time to clean the ducts out    Can be stacked with a matching washer using a stacking kit (sold separately) or placed side by side on optional pedestals (sold separately)    Dryer duct and electrical cords are required for installation and will be offered separately during appliance checkout    NeveRust aluminized alloy steel drum is durable and built to last    Inverter DirectDrive motor is backed by a 10-year limited warranty    Pedestals sold separately; use compatible pedestal WDP5V    Stacking kit sold separately; use compatible stacking kit KSTK2    All compatible LG washers, dryer, SideKick pedestal washers, and laundry pedestals sold separately.                                Click here for more information on Electronic Recycling Programs       California residents", "price": "$1198.00", "number": "207024882", "spec_str": "{'depth_with_door_open_90_degrees_(in)': '59 in', 'door_opening_height_(in.)': '16.93', 'door_opening_width_(in.)': '16.93', 'product_depth_(in.)': '32.1 in', 'product_height_(in.)': '40.8 in', 'product_width_(in.)': '29 in', 'amperage_(amps)': '30 A', 'appliance_category': 'Dryer', 'appliance_type': 'Electric Dryer', 'capacity_-_dryer_(cu._ft.)': '9', 'color/finish': 'Graphite Steel', 'color/finish_family': 'Gray', 'control_type': 'LED', 'door_material': 'Glass', 'door_shape': 'Square Door', 'door_style': 'Reversible', 'dry_cycles': 'Air Fluff,Auto Dry,Cool Down,Cotton,Delicates,Extended Tumble,Extra Dry,Heavy Duty,Permanent Press,Quick Dry,Sanitize,Towels and Sheets,Wool,Wrinkle Free', 'dryer_drum_material': 'Aluminized Alloy Steel Drum', 'dryer_features': 'Adjustable End-of-Cycle Signal,Automatic Temperature Control,Damp Alert,Delay Start,Digital Cycle Countdown,Door Window,Interior Light,Lint Filter,Moisture Sensor,Rack,Sensor Dry,Timed Dry', 'dryer_fuel_type': 'Electric', 'exhaust_vent_location': 'Left Side,Rear,Right Side', 'included': 'No Additional Items Included', 'lint_filter_location': 'Front', 'matching_washer_type': 'Front Load Matching', 'number_of_drying_cycles': '14', 'number_of_drying_temperatures': '5', 'pedestal_model#': 'WDP5V', 'product_weight_(lb.)': '157.7 lb', 'returnable': 'Non-Returnable', 'stackable': 'Stackable', 'stacking_kit_model#': 'KSTK2', 'steam_function': 'Steam', 'vent_type': 'Vented', 'voltage_(volts)': '240', 'certifications_and_listings': 'CSA Listed', 'manufacturer_warranty': '1 Year Parts and Labor'}"}