{"source_link": "https://www.homedepot.com/p/LG-Electronics-9-0-cu-ft-Mega-Capacity-Stackable-Front-Load-Gas-Dryer-w-TrueSteam-SteamFresh-Pedestal-Compatible-in-Graphite-Steel-DLGX8101V/207024883", "title": "9.0 cu ft Mega Capacity Stackable Front Load Gas Dryer w/ TrueSteam, SteamFresh &amp; Pedestal Compatible in Graphite Steel", "brand": "LG Electronics", "image": "https://images.thdstatic.com/productImages/d60c96f6-2800-426c-b873-8561720e5177/svn/graphite-steel-lg-electronics-gas-dryers-dlgx8101v-64_600.jpg", "breadcrumbs": "Home,Smart Home,Smart Appliances,Smart Washers and Dryers,Smart Dryers", "description": "LG's Mega Capacity 9.0 cu. ft. Steam Dryer performs big enough for your most ambitious loads. Smart enough to make sure everything dries perfectly with 14 drying programs, including, Steam Fresh, Steam Sanitary, Wool, Speed Dry, Air Dry and Super Dry. Steam technology reduces wrinkles and odors, and practically eliminates the need for ironing. Optimum drying time is continuously monitored with the Sensor Dry system. Beautiful.     2022 LG Cleanup Promo - purchase LG washer and dryer with an eligible LG stick vacuum and receive an instant rebate up to $700     14 drying cycles with sensor dry: cotton/normal, perm, press, towels, delicates, heavy duty, steamfresh, steamsanitary, spotclean, anti-bacterial, jumbo dry, wool, super dry; manual dry cycles: speed dry and air dry    With 9.0 cu. ft. of Mega capacity, you can fit a full set of king size bedding in a single load    Intelligent electronic control panel with dual LED display and dial-a-cycle makes it easy to find the right setting for each load    Sensor dry system measures the moisture levels during the cycle and automatically adjusts the drying time    True steam technology generates real steam to reduce wrinkles and odors, practically eliminating the need for ironing    SteamFresh cycle refreshes and reduces wrinkles in up to 5 garments at a time with one, 20-minute dryer cycle    SteamSanitary cycle safely sanitizes items marked as non-washable    Reduce static option lightly moistens clothes to make ironing easier and more efficient    Easy iron option virtually eliminates static cling    Smart Diagnosis feature helps the service center diagnose an issue or just answer a question over the phone or with a simple app on your smart phone, helping you minimize costly, inconvenient service calls    Flow sense duct clogging indicator will tell you when it's time to clean the ducts to prevent improper drying    Can be stacked with a matching washer using a stacking kit (sold separately) or placed side by side on optional pedestals (sold separately)    Dryer duct and electrical cords are required for installation and will be offered separately during appliance checkout    Inverter DirectDrive motor is backed by a 10-year limited warranty    Stacking Kit sold separately; use compatible stacking kit KSTK2    Pedestals sold separately; use compatible pedestal WDP5V    All compatible LG washers, dryer, SideKick pedestal washers and laundry pedestals sold separately.    Installation is not available in all locations. See store for details.                                                 Click here for more information on Electronic Recycling Programs       California residents", "price": "$1298.00", "number": "207024883", "spec_str": "{'depth_with_door_open_90_degrees_(in)': '59 in', 'door_opening_height_(in.)': '16.93', 'door_opening_width_(in.)': '16.93', 'product_depth_(in.)': '32.1 in', 'product_height_(in.)': '40.8 in', 'product_width_(in.)': '29 in', 'appliance_category': 'Dryer', 'appliance_type': 'Gas Dryer', 'capacity_-_dryer_(cu._ft.)': '9', 'color/finish': 'Graphite Steel', 'color/finish_family': 'Gray', 'control_type': 'LED', 'door_material': 'Glass', 'door_shape': 'Square Door', 'door_style': 'Reversible', 'dry_cycles': 'Auto Dry,Cool Down,Cotton,Delicates,Extended Tumble,Extra Dry,Heavy Duty,Permanent Press,Quick Dry,Wrinkle Free', 'dryer_drum_material': 'Aluminized Alloy Steel Drum', 'dryer_features': 'Adjustable End-of-Cycle Signal,Automatic Temperature Control,Damp Alert,Delay Start,Digital Cycle Countdown,Door Window,Interior Light,Lint Filter,Moisture Sensor,Rack,Sensor Dry,Timed Dry', 'dryer_fuel_type': 'Gas', 'exhaust_vent_location': 'Back,Left Side,Right Side', 'included': 'Power Cord', 'lint_filter_location': 'Front', 'matching_washer_type': 'Front Load Matching', 'number_of_drying_cycles': '14', 'number_of_drying_temperatures': '5', 'pedestal_model#': 'WDP5V', 'product_weight_(lb.)': '161 lb', 'returnable': 'Non-Returnable', 'stackable': 'Stackable', 'stacking_kit_model#': 'KSTK2', 'steam_function': 'Steam', 'vent_type': 'Vented', 'voltage_(volts)': '120', 'certifications_and_listings': 'CSA Listed', 'manufacturer_warranty': '1 Year Parts and Labor'}"}