{"source_link": "https://www.homedepot.com/p/Maytag-4-2-cu-ft-High-Efficiency-White-Top-Load-Washing-Machine-with-Deep-Water-Wash-and-PowerWash-Cycle-MVWC565FW/207084708", "title": "4.2 cu. ft. High-Efficiency White Top Load Washing Machine with Deep Water Wash and PowerWash Cycle", "brand": "Maytag", "image": "https://images.thdstatic.com/productImages/1a16131a-6c82-4290-92d8-f018095f85dc/svn/white-maytag-top-load-washers-mvwc565fw-64_600.jpg", "breadcrumbs": "Home,Appliances,Washers &amp; Dryers,Washing Machines,Top Load Washers", "description": "Better built for the Most Powerful Cleaning in its class driven by the PowerWash cycle, this 4.2 cu. ft. capacity top load washer tackles both stubborn stains and crusted-on messes. For more water when you want it, the Deep-Water Wash option offers a maximum fill to help rinse away soils, while the PowerWash agitator provides concentrated cleaning and robust wash action to remove tough stains. Plus, the Deep Rinse option on this high efficiency washer helps eliminate excess detergent and fabric softener to ensure the ultimate clean for every load. Add a 10-year limited parts warranty on the drive motor and wash basket and you've got the power to clean tough loads for the long haul.    4.2 cu. ft. capacity to tackle your toughest loads    Stainless steel wash basket is designed for years of serious stain fighting with sturdy materials built for the long haul    Thoroughly clean clothes and rinse away excess detergent and fabric softener with the Deep Rinse option    For more water when you want it, choose the Deep Water Wash option to fill the wash basket with a maximum water level    PowerWash cycle helps fight stains with extra wash action, heated water, extended wash time, and a thorough rinse    11 wash cycles, including bulky/sheets, clean washer, cold wash, drain and spin, hand wash, normal, PowerWash, rinse and spin soak whites and wrinkle control ensure that your expensive fabrics get the special care they deserve    Electronic controls promote dependable cleaning performance by ensuring correct water temperatures    Adjustable soil levels and spin speed settings allow you to customize wash cycles to provide exceptional fabric care    Automatic load sensing technology uses sensors to regulate the amount of water based on the size of the load    Keep your washer delivering its best performance with the Clean Washer cycle that deep\u00ad fills the washer to clean even those areas that aren't normally reached by low\u00ad-water wash cycles    Backed by our 10-\u00adyear limited parts warranty    Fight everyday stubborn stains with the Auto Sensing option, which adjusts the water level for each load to provide efficient, concentrated cleaning    Get the extra space you need and wash nearly two baskets of laundry in one load with this 4.2 cu. ft. capacity washer    Advanced Vibration Control Plus features two ball\u00ad bearing balancing rings, a 6\u00adpoint suspension system and advanced software that help to stabilize loads, so you can wash loads of nearly any size without worrying about vibration     Click Here for details on the services included with Delivery &amp; Basic Hook-up and Installation options for Major Appliances      Click here for more information on Electronic Recycling Programs       California residents", "price": "$648.00", "number": "207084708", "spec_str": "{'capacity_-_washer_(cu._ft.)': '4.2', 'height_with_lid_open_90_degrees_(in)': '51.25', 'product_depth_(in.)': '28 in', 'product_height_(in.)': '42.75 in', 'product_width_(in.)': '27.25 in', 'agitator/impeller_type': 'Agitator', 'amperage_(amps)': '20 A', 'appliance_category': 'Washer', 'appliance_type': 'Top Load Washer', 'color/finish': 'White', 'color/finish_family': 'White', 'control_type': 'Electronic', 'door_material': 'Metal', 'energy_consumption_(kwh/year)': '281', 'energy_efficiency_tier_rating': 'Not CEE rated', 'included': 'Hoses,Power Cord', 'maximum_spin_speed_(rpm)': '660', 'number_of_rinse_cycles': '2', 'number_of_rinse_temperatures': '1', 'number_of_wash_cycles': '11', 'number_of_wash_speeds': '2', 'number_of_wash_temperatures': '5', 'product_weight_(lb.)': '152 lb', 'returnable': 'Non-Returnable', 'stackable': 'Not Stackable', 'steam_function': 'No Steam', 'voltage_(volts)': '120', 'wash_cycles': 'Bulky Items,Cold,Deep Fill,Drain &amp; Spin,Handwashable,Heavy Duty,Rinse &amp; Spin,Soak,Specialty,Towels and Sheets,Whites', 'washer_dispensers': 'Bleach,Fabric Softener', 'washer_features': 'Automatic Temperature Control,Cycle Status Indicator,Rear Control', 'washer_tub/drum_material': 'Stainless Steel Drum', 'certifications_and_listings': 'UL Listed', 'manufacturer_warranty': '1 Year'}"}