{"source_link": "https://www.homedepot.com/p/Hotpoint-3-8-cu-ft-27-in-Top-Load-Washer-in-White-with-Stainless-Steel-Tub-HTW240ASKWS/207188935", "title": "3.8 cu. ft. 27 in. Top Load Washer in White with Stainless Steel Tub", "brand": "Hotpoint", "image": "https://images.thdstatic.com/productImages/55014f03-654d-4a29-817f-8e9e88192002/svn/white-hotpoint-top-load-washers-htw240askws-64_600.jpg", "breadcrumbs": "Home,Appliances,Washers &amp; Dryers,Washing Machines,Top Load Washers", "description": "Hotpoint combines sensible solutions with unbelievable durability to complement any kitchen and keep your family going for years to come. Our appliances have been created to affordably meet the needs of busy lives, and to stand up to any challenge. As a century-old brand, Hotpoint prides itself on value and never compromising on reliability.    10-wash cycles - Cycles are designed to specifically handle various fabrics and soils    Load size - Select your preferred load size for the desired water level    Deep Rinse - when selected, the deep rinse cycle ensure clothes are rinsed of soap residue and fabric softener    Bleach dispenser - Automatically operate with wash cycle    Rotary electronic controls with cycle status lights - Know the progress of the wash cycle with just a quick glance    700 RPM spin speed - Fast spin speeds remove water efficiently and minimize dry time    Heavy-duty agitator - Powerful wash action rotates your laundry for a thorough clean every time    All-white design creates a clean, classic look    Auto balance suspension system handles the heaviest loads without banging or shifting around on the floor    4-water level options help reduce water waste    Preset cycles allow you to customize your soil and spin levels for optimal results with each load    3.8 cu. ft. DOE basket handles various load sizes    Pairs with 6.2 cu. ft. electric dryer model HTX24EASKWS and gas dryer model HTX24GASKWS    Limited 1-year entire appliance warranty     Need help selecting the right washer? Check out our helpful buying guide here.       California residents", "price": "$494.00", "number": "207188935", "spec_str": "{'capacity_-_washer_(cu._ft.)': '3.8', 'height_with_lid_open_90_degrees_(in)': '54', 'product_depth_(in.)': '27 in', 'product_height_(in.)': '44 in', 'product_width_(in.)': '27 in', 'agitator/impeller_type': 'Agitator', 'amperage_(amps)': '10 A', 'appliance_category': 'Washer', 'appliance_type': 'Top Load Washer', 'color/finish': 'White', 'color/finish_family': 'White', 'control_type': 'Mechanical', 'door_material': 'Steel', 'energy_consumption_(kwh/year)': '187', 'energy_efficiency_tier_rating': 'Not CEE rated', 'included': 'No Additional Items Included', 'item_package_quantity': '1', 'maximum_spin_speed_(rpm)': '700', 'number_of_rinse_cycles': '2', 'number_of_rinse_temperatures': '1', 'number_of_wash_cycles': '10', 'number_of_wash_speeds': '2', 'number_of_wash_temperatures': '6', 'product_weight_(lb.)': '138 lb', 'returnable': 'Non-Returnable', 'stackable': 'Not Stackable', 'steam_function': 'No Steam', 'voltage_(volts)': '120', 'wash_cycles': 'Extra Rinse,Heavy Duty,Standard Wash Cycle Only', 'washer_dispensers': 'Bleach', 'washer_features': 'End-Of-Cycle Signal', 'washer_tub/drum_material': 'Stainless Steel Drum', 'certifications_and_listings': 'UL Listed', 'manufacturer_warranty': 'Limited 1-year entire appliance'}"}