{"source_link": "https://www.homedepot.com/p/Hotpoint-6-2-cu-ft-120-Volt-Gas-Vented-Dryer-in-White-HTX24GASKWS/207188949", "title": "6.2 cu. ft. 120-Volt Gas Vented Dryer in White", "brand": "Hotpoint", "image": "https://images.thdstatic.com/productImages/c0cd63be-e13b-41a1-bd0d-f53cd318bae8/svn/white-hotpoint-gas-dryers-htx24gaskws-64_600.jpg", "breadcrumbs": "Home,Appliances,Washers &amp; Dryers,Dryers,Gas Dryers", "description": "Your GE dryer has 3-heat selections that offer a choice of drying temperatures for personalized fabric care. Aluminized alloy drum improves energy efficiency and resists corrosion. Delicate cycle helps protect delicate fabrics.    Up to 120 ft. venting capability - Provides flexible installation    Aluminized alloy drum - Improves energy efficiency and resists corrosion    Delicate cycle - Helps protect delicate fabrics    3 heat selections - Offer a choice of drying temperatures for personalized fabric care    Rotary electromechanical controls - Make it simple to set cycles    Upfront lint filter - Makes cleaning out lint easy    End-of-cycle signal - Alerts you when the load is done, so clothes can be removed before wrinkles set in    Reverse-a-door - Door opening can be reversed to meet laundry room needs    Classic white design coordinates with any interior style    Wrinkle-free option helps prevent wrinkles from setting into clean, dry fabrics    Timed dry up to 80 minutes allows for variable dry times depending on the fabric    Auto dry setting monitors air temperature to automatically set dry times    6.2 cu. ft. capacity accommodates large loads    Pairs with top load washer model HTW240ASKWS    Limited 1-year entire appliance warranty      California residents", "price": "$584.00", "number": "207188949", "spec_str": "{'depth_with_door_open_90_degrees_(in)': '49.25 in', 'door_opening_height_(in.)': '37.5', 'door_opening_width_(in.)': '22.5', 'product_depth_(in.)': '26.75 in', 'product_height_(in.)': '44 in', 'product_width_(in.)': '27 in', 'appliance_category': 'Dryer', 'appliance_type': 'Gas Dryer', 'capacity_-_dryer_(cu._ft.)': '6.2', 'color/finish': 'White', 'color/finish_family': 'White', 'control_type': 'Electro-Mechanical', 'door_material': 'Steel', 'door_shape': 'Square Door', 'door_style': 'Reversible', 'dry_cycles': 'Air Fluff,Auto Dry,Cotton,Delicates,Sensor Dry,Timed Dry', 'dryer_drum_material': 'Aluminized Alloy Steel Drum', 'dryer_features': 'Lint Filter,Sensor Dry,Timed Dry', 'dryer_fuel_type': 'Gas', 'exhaust_vent_location': 'Bottom,Front,Rear', 'included': 'Power Cord', 'item_package_quantity': '1', 'lint_filter_location': 'Front', 'matching_washer_type': 'Front Load Matching', 'number_of_drying_cycles': '4', 'number_of_drying_temperatures': '3', 'pedestal_model#': 'None', 'product_weight_(lb.)': '112 lb', 'returnable': 'Non-Returnable', 'stackable': 'Not Stackable', 'stacking_kit_model#': 'None', 'steam_function': 'No Steam', 'vent_type': 'Vented', 'voltage_(volts)': '120', 'certifications_and_listings': 'No Certifications or Listings', 'manufacturer_warranty': '1 Year Parts and Labor'}"}