{"source_link": "https://www.homedepot.com/p/Hotpoint-6-2-cu-ft-240-Volt-Electric-Dryer-in-White-HTX24EASKWS/207188948", "title": "6.2 cu. ft. 240-Volt Electric Dryer in White", "brand": "Hotpoint", "image": "https://images.thdstatic.com/productImages/5835e509-2855-454d-be42-b81f696ac9d1/svn/white-hotpoint-electric-dryers-htx24easkws-64_600.jpg", "breadcrumbs": "Home,Appliances,Washers &amp; Dryers,Dryers,Electric Dryers", "description": "Your GE dryer has 3 heat selections that offer a choice of drying temperatures for personalized fabric care. Auto Dry for clothes that come out feeling and looking great, this setting monitors air temperature to set the optimal drying time. Aluminized alloy drum improves energy efficiency and resists corrosion.    Up to 120 ft. venting capability - Provides flexible installation    Aluminized alloy drum - Improves energy efficiency and resists corrosion    Delicate cycle - Helps protect delicate fabrics    3-heat selections - Offer a choice of drying temperatures for personalized fabric care    Rotary electromechanical controls - Make it simple to set cycles    Upfront lint filter - Makes cleaning out lint easy    End-of-cycle signal - Alerts you when the load is done, so clothes can be removed before wrinkles set in    Reverse-a-door - Door opening can be reversed to meet laundry room needs    Classic white design coordinates with any interior style    Removable upfront lint filter makes cleaning out lint easy    Wrinkle-free option helps prevent wrinkles from setting into clean, dry fabrics    Timed dry up to 80 minutes allows for variable dry times depending on the fabric    6.2 cu. ft. capacity accommodates large loads    Pairs with top load washer model HTW200ASKWW    Limited 1-year entire appliance warranty     Need help selecting the right dryer? Check out our helpful buying guide here.       California residents", "price": "$494.00", "number": "207188948", "spec_str": "{'depth_with_door_open_90_degrees_(in)': '49.25 in', 'door_opening_height_(in.)': '4.25', 'door_opening_width_(in.)': '26.75', 'product_depth_(in.)': '26.25 in', 'product_height_(in.)': '44 in', 'product_width_(in.)': '27 in', 'amperage_(amps)': '24 A', 'appliance_category': 'Dryer', 'appliance_type': 'Electric Dryer', 'capacity_-_dryer_(cu._ft.)': '6.2', 'color/finish': 'White', 'color/finish_family': 'White', 'control_type': 'Electro-Mechanical', 'door_material': 'Steel', 'door_shape': 'Square Door', 'door_style': 'Reversible', 'dry_cycles': 'Cool Down,Delicates,Extra Dry,Standard Dry Cycle Only', 'dryer_drum_material': 'Aluminized Alloy Steel Drum', 'dryer_features': 'Adjustable End-of-Cycle Signal,Front Control,Timed Dry', 'dryer_fuel_type': 'Electric', 'exhaust_vent_location': 'Bottom,Left Side,Rear,Right Side', 'included': 'No Additional Items Included', 'item_package_quantity': '1', 'lint_filter_location': 'Front', 'matching_washer_type': 'Top Load Matching', 'number_of_drying_cycles': '4', 'number_of_drying_temperatures': '3', 'pedestal_model#': 'None', 'product_weight_(lb.)': '100 lb', 'returnable': 'Non-Returnable', 'stackable': 'Not Stackable', 'stacking_kit_model#': 'None', 'steam_function': 'No Steam', 'vent_type': 'Vented', 'voltage_(volts)': '240', 'certifications_and_listings': 'UL Listed', 'manufacturer_warranty': 'Limited 1-year entire appliance'}"}