{"source_link": "https://www.homedepot.com/p/Amana-4-8-cu-ft-Electric-Range-in-Stainless-Steel-AER6303MFS/300128445", "title": "4.8 cu. ft. Electric Range in Stainless Steel", "brand": "Amana", "image": "https://images.thdstatic.com/productImages/d3ea6476-9f18-4143-b7a3-15f242fe1944/svn/stainless-steel-amana-single-oven-electric-ranges-aer6303mfs-64_600.jpg", "breadcrumbs": "Home,Appliances,Ranges,Electric Ranges,Single Oven Electric Ranges", "description": "This 30 in. Amana Electric Range comes with Bake Assist Temps to help you get dinner going. Simply choose a preset temperature setting to get started. Or, set your bake or broil temperatures with Easy Touch Electronic Controls Plus, which are extra-large and easy-to-read. And when you need to know how your dinner is doing without opening the oven door, the Extra-Large Oven Window lets you see and savor.    Large 4.8 cu. ft. oven capacity gives you the space you need to make dinner and dessert at the same time    4-burner electric range includes two 1,200-Watt elements and two 1,800-Watt elements for cooking flexibility    Our multiple element options provide up to 1,800-Watt to help you cook more of your favorites at the same time    These preset temperature settings make cooking even more convenient. Just select a temperature, press start and let the oven do the rest    Quickly select bake or broil temperatures with these extra-large and easy-to-read electronic controls    Extra-Large Oven Window offers a bigger view that lets you check on food without having to open the oven door    TEMP ASSURE Cooking System distributes heat throughout the entire oven to help comfort food favorites like chicken parmesan or mom's beef pot roast taste just how you like them    Warm Hold keeps the oven at 145F to 190F, so dishes like your baked chicken parmesan are still ready when you are    This safety feature locks your oven and its controls to help protect against accidental use    Indicator Lights let you check your oven's status and settings at a glance    Sabbath Mode setting helps override the features of modern ovens such as automatic shutoff and electrical lights    Designed, engineered and assembled in the U.S.A.     Click Here for details on the services included with Delivery &amp; Basic Hook-up and Installation options for this product      Click here for more information on Electronic Recycling Programs       California residents", "price": "$648.00", "number": "300128445", "spec_str": "{'depth_with_door(s)_open_90_degrees_(in.)': '46.69', 'element_no.1_size_(in.)': '8', 'element_no.2_size_(in.)': '6', 'element_no.3_size_(in.)': '6', 'element_no.4_size_(in.)': '8', 'oven_interior_depth_(in)': '18.5', 'oven_interior_height_(in)': '18.13', 'oven_interior_width_(in)': '24.5', 'product_depth_(in.)': '27.75 in', 'product_height_(in.)': '46.88 in', 'product_width_(in.)': '29.88 in', 'range_size_(width)': '30 in.', 'amperage_(amps)': '40 A', 'appliance_category': 'Range', 'appliance_type': 'Electric Range', 'broiler_location': 'Oven', 'capacity_of_oven_(cu._ft.)': '4.8', 'cleaning_type': 'Manual Clean', 'color_of_cooktop': 'Black', 'color/finish': 'Stainless Steel', 'color/finish_family': 'Stainless Steel', 'commercial/residential': 'Residential', 'control_type': 'Electro-Mechanical', 'controls_location': 'Back Control', 'cooktop_features': 'Indicator Light- Heating Element On,Indicator Light- Hot Surface Indicator Light', 'cooktop_surface_type': 'Radiant', 'drawer_type': 'Lower Storage Drawer', 'element_no.1_type': 'Radiant', 'element_no.1_wattage': '1800', 'element_no.2_type': 'Radiant', 'element_no.2_wattage': '1200', 'element_no.3_type': 'Radiant', 'element_no.3_wattage': '1200', 'element_no.4_type': 'Radiant', 'element_no.4_wattage': '1800', 'fuel_type': 'Electric', 'included': 'No Additional Items Included', 'number_of_elements': '4 element', 'number_of_oven_racks': '2', 'number_of_rack_positions': '5', 'oven_cleaning_options': 'Manual Clean', 'oven_cooking_process': 'Standard', 'oven_features': 'Broiler in Oven', 'oven_settings': 'Sabbath Mode', 'product_weight_(lb.)': '187 lb', 'range_installation_type': 'Freestanding', 'returnable': 'Non-Returnable', 'voltage_(volts)': '240 V', 'certifications_and_listings': 'UL Listed', 'manufacturer_warranty': 'Limited 1-year'}"}