{"source_link": "https://www.homedepot.com/p/Haier-15-0-cu-ft-Bottom-Freezer-Refrigerator-in-Stainless-Steel-Fingerprint-Resistant-HRB15N3BGS/300859005", "title": "15.0 cu. ft. Bottom Freezer Refrigerator in Stainless Steel, Fingerprint Resistant", "brand": "Haier", "image": "https://images.thdstatic.com/productImages/b4c3bc0f-9a96-42b2-9bad-478e4920b3cb/svn/fingerprint-resistant-stainless-steel-haier-bottom-freezer-refrigerators-hrb15n3bgs-64_600.jpg", "breadcrumbs": "Home,Appliances,Refrigerators,Bottom Freezer Refrigerators", "description": "Your Haier 15.0 cu. ft. Bottom Freezer has recessed handles to offer a clean and concealed look. Adjustable shelves provide your family with flexible storage solutions. Haier Appliances provide up-to-date technology and exceptional quality to simplify the way you live. With a timeless appearance, this family of appliances is ideal for your family.    Quick Cool and Quick Freeze - Provides an extra boost of cold air to rapidly cool both fresh food and freezer compartments    LED lighting - longer-lasting and uses less energy than incandescent lighting while providing clear bright light on your food items    Sabbath mode Capable - Disables functions in accordance with Shabbat-observing practices    Adjustable tempered glass shelves allows flexible storage solutions    ENERGY STAR certified    2 Full-width tempered glass shelves    1 Full-width Crisper    3 Full-width door bins    1 Full-width electronic temperature controlled bin    3 full-width freezer bins    Capacitive touch display    Limited 1-year warranty entire appliance    Click here to learn more about  Eco Options and Energy Efficiency       California residents", "price": "$1169.00", "number": "300859005", "spec_str": "{'depth_(excluding_handles)': '26.625 in', 'depth_(including_handles)': '26.625 in', 'depth_(less_door)': '24', 'depth_with_door_open_90_degrees_(in)': '52', 'height_to_top_of_door_hinge_(in.)': '67.875 in', 'height_to_top_of_refrigerator_(in.)': '67.875 in', 'product_depth_(in.)': '26.625 in', 'product_height_(in.)': '67.875 in', 'product_width_(in.)': '27.625 in', 'refrigerator_width_(in.)': '27.625 in', 'appliance_category': 'Refrigerator', 'appliance_type': 'Bottom Freezer Refrigerator', 'built-in_and_standard_type': 'Bottom Freezer', 'color_-_appliance_cabinet': 'Gray', 'color_-_door_handle(s)': 'Side Pocket', 'color/finish': 'Fingerprint Resistant Stainless Steel', 'color/finish_family': 'Stainless Steel', 'defrost_type': 'Auto / Cycle', 'door_finish': 'Smooth', 'energy_consumption_(kwh/year)': '428', 'energy_efficiency_tier_rating': 'Not CEE rated', 'freezer_capacity_(cu._ft.)': '3.9 cu ft', 'freezer_door_type': 'Swing Door', 'freezer_features': 'Adjustable Temperature Control,LED Light Type', 'freezer_type': 'Bottom Door Freezer', 'general_features': 'LED Light Type', 'ice_maker_features': 'No Ice Maker', 'ice_maker_type': 'Without Ice Maker', 'ice/water_dispenser': 'None', 'indoor/outdoor': 'Indoor', 'installation_depth': 'Counter Depth', 'item_package_quantity': '1', 'number_of_doors': '2 Door', 'number_of_drawers': 'No Drawers', 'number_of_freezer_baskets/bins': '3 Baskets/Bins', 'number_of_freezer_shelves': 'No Shelves', 'number_of_refrigerator_shelves': '2 Shelves', 'operational_features': 'Sabbath Mode', 'product_weight_(lb.)': '174 lb', 'refrigeration_dispenser_features': 'No Dispenser', 'refrigerator_capacity_(cu._ft.)': '11.1 cu ft', 'returnable': 'Non-Returnable', 'shelf_material_-_freezer': 'No Shelf', 'shelf_material_-_refrigerator': 'Glass', 'storage_features': 'Adjustable Door Storage,Adjustable Racks,Gallon Door Storage,Spill Proof Shelves', 'temperature_control_type': 'External Digital', 'total_capacity_(cu._ft.)': '15 cu ft', 'water_filter_replacement_model#': 'N/A', 'certifications_and_listings': 'UL Listed', 'manufacturer_warranty': '- 1 Year Warranty (Parts and Labor)- 5 Year Sealed System'}"}