{"source_link": "https://www.homedepot.com/p/GE-Profile-30-in-Electric-Convection-Wall-Oven-with-Built-In-Microwave-in-Stainless-Steel-PWB7030SLSS/301113078", "title": "Profile 30 in. Electric Convection Wall Oven with Built-In Microwave in Stainless Steel", "brand": "GE", "image": "https://images.thdstatic.com/productImages/808612e7-0dd6-49c3-beb7-d19e24910578/svn/stainless-steel-ge-built-in-microwaves-pwb7030slss-64_600.jpg", "breadcrumbs": "Home,Appliances,Microwaves,Built-In Microwaves", "description": "GE Profile products offer the best in contemporary design. Matched with the latest in appliance technologies to transform the way you live. Sporting a bold, dramatic look and state of the art features, this collection provides the perfect combination of style and innovation throughout your kitchen.    Combination Fast Cook setting - Combining microwave and radiant heat for speed    Steam sensor - Perfectly prepare your steamed favorites    My Cycle - Create a custom cook time setting, and with 1 touch, cook your favorite dish just the way you like    Glass touch controls - Glass touch controls offer a sleek console that is both easy to use and clean    120-Volt - Plugs into any wall outlet    Stainless steel microwave oven interior    Convection cooking technology    Halogen interior oven light    Approximate dimensions: 19-1/8 H x 29-25/32 W    10 power levels    Turntable size: 16 in.    1.7 total cu. ft. capacity    Limited 1-year warranty entire appliance    PRODUCT AVAILABLE FOR HOME DELIVERY ONLY. Installation is not offered at time of delivery; check with your local The Home Depot with your Order # to schedule installation for this item.      California residents", "price": "$1798.00", "number": "301113078", "spec_str": "{'capacity_of_microwave_(cu._ft.)': '1.7', 'cut-out_front_to_back_depth_(in.)': '24.5', 'cut-out_height_(in.)': '17.5', 'cut-out_left_to_right_width_(in.)': '29.875', 'depth_with_door(s)_open_90_degrees_(in.)': '34', 'interior_depth_(in.)': '17', 'interior_height_(in.)': '8.5', 'interior_width_(in.)': '20.0625', 'product_depth_(in.)': '24.75', 'product_height_(in.)': '19.125 in', 'product_width_(in.)': '29.875', 'turntable_width_(in.)': '16 in', 'appliance_category': 'Microwave', 'appliance_series': 'GE Profile', 'appliance_type': 'Built-In Microwave', 'color/finish': 'Stainless Steel', 'color/finish_family': 'Stainless Steel', 'compatible_trim_kit_model_number': 'NA', 'controls_location': 'Bottom Controls', 'door_swing/style': 'Drop Down', 'interior_light_type': 'Halogen', 'item_package_quantity': '1', 'microwave_door_release': 'Pull', 'microwave_features': 'One Touch Cooking', 'microwave_settings': 'Defrost', 'microwave_size': 'Large', 'number_of_one-touch_settings': '3', 'number_of_power_levels': '10', 'product_weight_(lb.)': '75', 'returnable': 'Non-Returnable', 'vent_location': 'Back', 'wattage_(watts)': '1920 W', 'certifications_and_listings': 'No Certifications or Listings', 'manufacturer_warranty': 'Limited 1-year warranty entire appliance', 'safety_listing': 'UL'}"}