{"source_link": "https://www.homedepot.com/p/LG-Electronics-NeoChef-2-0-cu-ft-Countertop-Microwave-in-Stainless-Steel-LMC2075ST/301690053", "title": "NeoChef 2.0 cu. ft. Countertop Microwave in Stainless Steel", "brand": "LG Electronics", "image": "https://images.thdstatic.com/productImages/5d0e3034-8b62-47b3-b62b-5f5c267656d1/svn/stainless-steel-lg-electronics-countertop-microwaves-lmc2075st-64_600.jpg", "breadcrumbs": "Home,Appliances,Microwaves,Countertop Microwaves", "description": "Try defrosting in an ordinary microwave and you'll get alternating blasts of full power followed by a periods of no power until the timer goes off. LG smart inverter replaces this all-or-nothing approach with precise, variable power that provides more even cooking and better defrosting. Whether you're thawing a pound of hamburger or reheating last night's dinner, your food is heated evenly all the way through-with no more cold centers or overcooked edges.    Spills, splatters don't sweat it, LG's EasyClean interior resists stains and buildup, so cleaning your microwave doesn't have to be a chore, simply wipe with a damp cloth - no chemicals, no scrubbing, no problem    Intuitive smoothtouch glass controls not only look sleek but makes operating your range a snap with just a touch of your finger. Best of all they have been designed with practicality in mind - the smooth surface easily wipes clean    NeoChef microwaves provides 3 wheels for the turntable, 3 gliders and a hexagonal shaped stabilizer ring.    Eliminate the guesswork in cooking; humidity-sensing technology determines when food is cooked and automatically turns off the microwave to help prevent the over- or under-cooking of meals    Bright LED lighting makes it easy to check on the progress of your food while offering greater energy efficiency than traditional lighting    When you buy a microwave, you want something reliable that you can count on; the magnetron - which provides the power source for the microwave - is confidently backed by a 10-year warranty so you can depend on your LG microwave when you need it    Rely on your LG microwave with a 10-year warranty on the Magnetron    Avoid cold centers and overcooked edges with the precise, even heating of LG's Smart Inverter    Sleek smoothtouch glass controls for easy operation and cleaning    Uniquely shaped stabilizer ring prevents items on the turntable from tipping    Senses optimal temperature for fast results    Create a seamless, built-in look in your kitchen by coupling this microwave with LG Trim Kit MK2030NST, sold separately     Click here for more information on Electronic Recycling Programs       California residents", "price": "$242.49", "number": "301690053", "spec_str": "{'capacity_of_microwave_(cu._ft.)': '2.0', 'depth_with_door(s)_open_90_degrees_(in.)': '38', 'interior_depth_(in.)': '18.06', 'interior_height_(in.)': '11.25', 'interior_width_(in.)': '16.69', 'product_depth_(in.)': '19.81 in', 'product_height_(in.)': '13.56 in', 'product_width_(in.)': '23.87 in', 'turntable_width_(in.)': '16 in', 'appliance_category': 'Microwave', 'appliance_type': 'Countertop Microwave', 'color/finish': 'Stainless Steel', 'color/finish_family': 'Stainless Steel', 'compatible_trim_kit_model_number': 'MK2030NST', 'controls_location': 'Side Controls', 'door_swing/style': 'Right to Left Swing', 'interior_light_type': 'LED', 'microwave_door_release': 'Push Button', 'microwave_features': 'Turntable', 'microwave_settings': 'Sensor Cook', 'microwave_size': 'Medium', 'number_of_one-touch_settings': '4', 'number_of_power_levels': '10', 'product_weight_(lb.)': '36.4 lb', 'returnable': 'Non-Returnable', 'vent_location': 'Side', 'wattage_(watts)': '1200 W', 'certifications_and_listings': 'ADA Compliant,ETL Listed', 'manufacturer_warranty': '1 Year Parts and Labor (In Home Service)10 Years Limited on Magnetron (In Home Service)', 'safety_listing': 'ETL'}"}