{"source_link": "https://www.homedepot.com/p/Samsung-30-in-Electric-Steam-Cook-Wall-Oven-with-Speed-Cook-Built-In-Microwave-in-Stainless-Steel-NQ70M6650DS/301746123", "title": "30 in. Electric Steam Cook Wall Oven with Speed Cook Built-In Microwave in Stainless Steel", "brand": "Samsung", "image": "https://images.thdstatic.com/productImages/5e89b2c4-a7f4-4897-86da-3a0f981a3a4a/svn/stainless-steel-samsung-smart-cooking-nq70m6650ds-64_600.jpg", "breadcrumbs": "Home,Appliances,Wall Ovens,Wall Oven &amp; Microwave Combinations", "description": "The Samsung Microwave Combination Wall Oven has steam cooking so you can bake and roast with professional results. Steam cook delivers moisture at precise times for a crisp, browned outside, and tender inside. In the microwave oven, Speed True Convection technology improves cooking times and results. Dual Convection circulates air faster for more even and efficient cooking results in the oven.    1.9/5.1 cu. ft. capacity - the largest capacity microwave combination wall oven among leading brands    Guided light controls - intuitive, with simple step-by-step instructions for choosing cooking options    Hybrid clean - easy to clean grease and residue at low temperatures with less odor (oven)    Dual convection - circulates air for fast even cooking using true convection (oven)    WiFi connectivity - remotely monitor and control the oven from your smartphone    WiFi temperature probe - check the temperature of your roast from your phone    LED spotlights - offer a brighter interior minimizing the need to open the door and check on the progress (oven)    Easy View Window - Easily check on the status of your dish    Gliding Rack - Easily move heavy items on professional style racks that are sturdy and durable (oven)    Ceramic Plate - Great for making foods like pizza, crispy (microwave)    Rapid Preheat - Uses all of the oven elements to heat the oven quickly (oven)    Auto Latch - Retracts automatically when the door opens for a sleek design (microwave)    Available in stainless and black stainless    Based on capacity of oven and microwave based on 2016 unit sales among brands with over 90% market share of major kitchen appliances (Q4 Traqline Report)    Please call your local store with your Order # to schedule installation for this item.               Click here for more information on Electronic Recycling Programs       California residents", "price": "$3548.00", "number": "301746123", "spec_str": "{'capacity_of_microwave_(cu._ft.)': '1.9', 'cut-out_front_to_back_depth_(in.)': '23.5', 'cut-out_height_(in.)': '42.25', 'cut-out_left_to_right_width_(in.)': '28.5', 'depth_with_door(s)_open_90_degrees_(in.)': '22', 'microwave_interior_depth_(in)': '17', 'microwave_interior_height_(in)': '9.1', 'microwave_interior_width_(in)': '20.8', 'oven_interior_depth_(in)': '19.1', 'oven_interior_height_(in)': '18.4', 'oven_interior_width_(in)': '24.9', 'product_depth_(in.)': '25.68 in', 'product_height_(in.)': '43.25 in', 'product_width_(in.)': '29.875 in', 'wall_oven_size': '30 in.', 'amperage_(amps)': '40 A', 'appliance_type': 'Microwave &amp; Electric Oven Combo', 'capacity_of_oven_(cu._ft.)': '5.1', 'cleaning_type': 'Self Cleaning', 'color/finish': 'Stainless Steel', 'color/finish_family': 'Stainless Steel', 'commercial/residential': 'Residential', 'fuel_type': 'Electric', 'hub_required': 'No hub connection available', 'light_source': 'Halogen', 'microwave_control_type': 'Dial', 'microwave_door_release': 'Pull', 'microwave_features': 'Auto-Touch Control Panel,Charcoal Filter,Microwave Rack,One Touch Cooking,Safety Lock,Turntable,Turntable On/Off Option', 'microwave_settings': 'Control Lock,Cook Power', 'microwave_size': 'Large', 'microwave_wattage_(watts)': '950', 'number_of_oven_racks': '3', 'number_of_power_levels': '10', 'oven_cleaning_options': 'Self-Cleaning', 'oven_control_type': 'Dial', 'oven_cooking_process': 'Convection', 'oven_features': 'Broiler in Oven,Gliding/Roll Out Racks,Hidden Bake Element,LED Display,Oven Temperature Probe,Safety Lock,Turntable', 'oven_settings': 'Delay Bake/Delay Start,Keep Warm,Sabbath Mode,Speed Cook', 'power_options': 'Hardwired', 'product_weight_(lb.)': '119', 'rack_positions': '6', 'remote_access': 'Remote Access', 'requires_hub?': 'No Hub Required', 'returnable': 'Non-Returnable', 'smart_home': 'Smart Home Enabled', 'smart_home_protocol': 'Wi-Fi', 'vent_location': 'Back', 'voice_control_hub_required': 'No Voice Control', 'voltage_(volts)': '240', 'wattage_(watts)': '220 W', 'works_with': 'Proprietary App', 'certifications_and_listings': 'UL Listed', 'manufacturer_warranty': '1 year manufacturers warranty'}"}