{"source_link": "https://www.homedepot.com/p/Magic-Chef-10-1-cu-ft-Top-Freezer-Refrigerator-in-White-HMDR1000WE/302245066", "title": "10.1 cu. ft. Top Freezer Refrigerator in White", "brand": "Magic Chef", "image": "https://images.thdstatic.com/productImages/556f24ad-e126-4c28-afeb-6584a5b88bb6/svn/white-magic-chef-top-freezer-refrigerators-hmdr1000we-64_600.jpg", "breadcrumbs": "Home,Appliances,Refrigerators,Top Freezer Refrigerators", "description": "Keep food and drinks cold with this space-saving 10.1 cu. ft. Top Freezer Refrigerator. It's perfect for smaller kitchens, break rooms or office kitchens. It has a crisper with two adjustable-height shelves and a freezer with a slide out wire shelf. More spacious than a mini-fridge and more compact than a traditional unit, it's perfect for an office or break room.    Adjustable electronic temperature control system offers different temperature settings, giving you great control over the interior temperature    Two glass and one fixed refrigerator shelves provide for easy storage and accessibility    Clear produce crisper lets you easily identify your fruit or vegetable contents    In-door can holder allows you to grab beverage cans with ease    Clear door bins and bottle rack keep your condiments and larger bottles easily accessible    Offers 2.7 cu. ft. of freezer space and 7.4 cu. ft. of fridge space    Separate top freezer compartment for convenient frozen food storage    Automatic defrost for added convenience    Gallon door storage for larger beverages    Fresh food section has an interior incandescent light    2 reversible doors allow you to place the unit according to your space requirements    Energy Star qualified - meets or exceeds federal guidelines for energy efficiency, which means year-round energy savings    Warranty is 1 year parts and labor, 5 years compressor (part only)    This item does not qualify for the Major Appliance Delivery and Haul Away or Installation Services    Click here to learn more about  Eco Options and Energy Efficiency      Click here for more information on Electronic Recycling Programs       California residents", "price": "$349.00", "number": "302245066", "spec_str": "{'depth_(excluding_handles)': '26 in', 'depth_(including_handles)': '26 in', 'depth_(less_door)': '23.1', 'depth_with_door_open_90_degrees_(in)': '47.6', 'height_to_top_of_door_hinge_(in.)': '59.4 in', 'height_to_top_of_refrigerator_(in.)': '59.4 in', 'product_depth_(in.)': '25.2 in', 'product_height_(in.)': '59.4 in', 'product_width_(in.)': '23.6 in', 'refrigerator_width_(in.)': '23.6 in', 'appliance_category': 'Refrigerator', 'appliance_type': 'Top Freezer Refrigerator', 'built-in_and_standard_type': 'Top Freezer', 'color_-_appliance_cabinet': 'White', 'color_-_door_handle(s)': 'White', 'color/finish': 'White', 'color/finish_family': 'White', 'defrost_type': 'Frost Free', 'door_finish': 'Smooth', 'energy_consumption_(kwh/year)': '297', 'energy_efficiency_tier_rating': 'Not CEE rated', 'freezer_capacity_(cu._ft.)': '2.7 cu ft', 'freezer_door_type': 'Swing Door', 'freezer_features': 'Adjustable Leveling Legs,In-door Storage', 'freezer_type': 'Top Door Freezer', 'general_features': 'Flat-back Design,Hidden Hinge,Interior Light', 'ice_maker_features': 'No Ice Maker', 'ice_maker_type': 'Without Ice Maker', 'ice/water_dispenser': 'None', 'indoor/outdoor': 'Indoor', 'installation_depth': 'Standard Depth', 'number_of_doors': '2 Door', 'number_of_freezer_baskets/bins': 'No Baskets/Bins', 'number_of_freezer_shelves': '1 Shelf', 'number_of_refrigerator_shelves': '3 Shelves', 'operational_features': 'Dial Temperature Control', 'product_weight_(lb.)': '117 lb', 'refrigeration_dispenser_features': 'No Dispenser', 'refrigerator_capacity_(cu._ft.)': '10.1 cu ft', 'returnable': '90-Day', 'shelf_material_-_freezer': 'Wire', 'shelf_material_-_refrigerator': 'Glass', 'storage_features': 'Crisper Drawer,Gallon Door Storage,Removable Shelves,Spill Proof Shelves', 'temperature_control_type': 'Internal Digital', 'total_capacity_(cu._ft.)': '10.1 cu ft', 'water_filter_replacement_model#': 'Not Applicable', 'certifications_and_listings': 'ETL Listed', 'manufacturer_warranty': '1 Year Parts and Labor, 5 Years compressor (Part Only)'}"}