{"source_link": "https://www.homedepot.com/p/Whirlpool-1-9-cu-ft-Over-the-Range-Microwave-in-Fingerprint-Resistant-Stainless-Steel-with-Sensor-Cooking-WMH32519HZ/302260301", "title": "1.9 cu. ft. Over the Range Microwave in Fingerprint Resistant Stainless Steel with Sensor Cooking", "brand": "Whirlpool", "image": "https://images.thdstatic.com/productImages/411e5012-f450-4b21-9de2-549a78edf693/svn/fingerprint-resistant-stainless-steel-whirlpool-over-the-range-microwaves-wmh32519hz-64_600.jpg", "breadcrumbs": "Home,Appliances,Microwaves,Over-the-Range Microwaves", "description": "This Whirlpool microwave has convenient features that are easy to use no matter who's doing the cooking. Our sensor cooking microwave automatically adjusts cooking times so there's no need to guess. Free up cooktop space by steaming foods in the microwave and get quick cleanup with a CleanRelease non-stick interior. From sides to snacks, fit cooking into any schedule.    Sensor cooking: automatically tracks the cooking progress of your food and adjusts the cook time as needed    CleanRelease Non-Stick Interior: Help prevent spills from sticking with the CleanRelease Non-Stick Interior, which lets you easily clean up with the simple wipe of a damp cloth.    3-Speed, 300 CFM Motor Class: Match the right amount of ventilation to the dish being prepared and quickly get rid of cooking odors with three different fan speed settings. (Performance varies based on installation. Resources available at aham.org.)    Fingerprint Resistant: Available in easy-to-clean steel resists fingerprints and smudges.    Steam Cooking: Clear up cooktop space by steaming foods like rice, vegetables and fish right in the microwave. Steam accessory available separately.    Turntable On/Off Option: Choose whether the turntable rotates or not to accommodate a wide range of dish sizes.    Dishwasher-Safe Turntable Plate: Clean up spills on the turntable by simply putting it in the dishwasher.    Microwave Presets: Get just the right amount of heat and time, whether you're cooking or defrosting, with specific preset options.    Add 30 Seconds Option: Quickly set the microwave timer to 30 seconds or add it to already in-progress cooking time with the touch of a button.    Electronic Touch Controls: Navigate through cooking modes and options with controls that are as easy to use as they are to clean.    Adjustable Cooktop Lighting: Keep an eye on what's cooking below the microwave or keep a nightlight on in the kitchen.    Hidden Vent    Cooking Rack    Hide fingerprints and smudge with steel that easily wipes clean    UL Listed     Click here for more information on Electronic Recycling Programs       California residents", "price": "$404.00", "number": "302260301", "spec_str": "{'capacity_of_microwave_(cu._ft.)': '1.9', 'cut-out_front_to_back_depth_(in.)': '12', 'cut-out_height_(in.)': '17.13', 'cut-out_left_to_right_width_(in.)': '30', 'depth_with_door(s)_open_90_degrees_(in.)': '39.38', 'interior_depth_(in.)': '15.56', 'interior_height_(in.)': '17.13', 'interior_width_(in.)': '30', 'product_depth_(in.)': '15.56 in', 'product_height_(in.)': '17.13 in', 'product_width_(in.)': '29.88 in', 'turntable_width_(in.)': '12 in', 'appliance_category': 'Microwave', 'appliance_type': 'Over the Range Microwave', 'color/finish': 'Fingerprint Resistant Stainless Steel', 'color/finish_family': 'Stainless Steel', 'compatible_trim_kit_model_number': 'N/A', 'controls_location': 'Side Controls', 'door_swing/style': 'Right to Left Swing', 'exhaust_fan_speeds': '3', 'exhaust_maximum_cfm': '300', 'interior_light_type': 'Incandescent', 'light_source': 'Incandescent', 'microwave_door_release': 'Pull', 'microwave_features': 'Fingerprint Resistant,One Touch Cooking,Turntable', 'microwave_settings': 'Control Lock,Defrost,Keep Warm,Popcorn,Steam Cook', 'microwave_size': 'Large', 'number_of_one-touch_settings': '12', 'number_of_power_levels': '10', 'product_weight_(lb.)': '63 lb', 'returnable': 'Non-Returnable', 'vent_fan_location': 'Back', 'vent_location': 'Side', 'vent_type': 'Convertible', 'wattage_(watts)': '1000 W', 'certifications_and_listings': 'UL Listed', 'manufacturer_warranty': '1 year limited warranty', 'safety_listing': 'UL'}"}