{"source_link": "https://www.homedepot.com/p/Magic-Chef-24-in-2-2-cu-ft-Single-Electric-Wall-Oven-with-Convection-in-Stainless-Steel-MCSWOE24S/302693292", "title": "24 in. 2.2 cu. ft. Single Electric Wall Oven with Convection in Stainless Steel", "brand": "Magic Chef", "image": "https://images.thdstatic.com/productImages/9cb7bcc0-f42a-43c6-9995-67b195bd28d5/svn/stainless-steel-magic-chef-single-electric-wall-ovens-mcswoe24s-64_600.jpg", "breadcrumbs": "Home,Appliances,Wall Ovens,Electric Wall Ovens,Single Electric Wall Ovens", "description": "The Magic Chef 24 in. wide wall oven offers maximum functionality in a compact space. Prepare family size meals in its 2.2 cu. ft. capacity. Its sleek, stainless steel mirrored glass with modern lines complements any kitchen decor. The programmable convection oven features 4-convection cooking modes for perfectly cooked meals. 2-oven racks can be easily configured in multiple positions to accommodate your convection cooking needs.    2.2 cu. ft. capacity allows preparing of family size meals in a compact space    Electronic and knob controls are designed for easy operation    Convection element with fan continually distributes the heat throughout the oven cavity for evenly cooked results    Programmable cooking modes include convection, defrost, broil, , convection fan grill fan    Cooling fan comes on automatically when the oven is hot to cool down the exterior of the wall oven and stays on until cooled down sufficiently    Wall oven is manual clean    Sleek stainless steel and mirrored glass exterior looks great in any kitchen    Oven light allows you to view food while it is cooking    Defrost mode circulates air at room temperature to easily defrost foods    2-oven racks can be placed in 5-different positions to accommodate a variety of baking or broiling needs    Digital clock and timer helps to ensure food is cooked the correct amount of time    Warranty is 1-year parts and labor    Item does not qualify for the major appliance delivery and haul away or installation services     Click here for more information on Electronic Recycling Programs       California residents", "price": "$519.34", "number": "302693292", "spec_str": "{'cut-out_front_to_back_depth_(in.)': '22.5', 'cut-out_height_(in.)': '23.5', 'cut-out_left_to_right_width_(in.)': '22', 'depth_with_door(s)_open_90_degrees_(in.)': '39.13', 'oven_interior_depth_(in)': '18', 'oven_interior_height_(in)': '12', 'oven_interior_width_(in)': '17', 'product_depth_(in.)': '21.8', 'product_height_(in.)': '23.4', 'product_width_(in.)': '23.4', 'wall_oven_size': '24 in.', 'amperage_(amps)': '15 A', 'appliance_category': 'Wall Oven', 'appliance_type': 'Single Wall Electric Oven', 'capacity_of_oven_(cu._ft.)': '2.2', 'cleaning_type': 'Manual Clean', 'color/finish': 'Stainless Steel', 'color/finish_family': 'Stainless Steel', 'commercial/residential': 'Residential', 'fuel_type': 'Electric', 'number_of_oven_racks': '2', 'oven_cleaning_options': 'Manual Clean', 'oven_control_type': 'Dial', 'oven_cooking_process': 'Convection', 'oven_features': 'Safety Lock,Temperature Control', 'oven_settings': 'Defrost,No Specialty Settings', 'product_weight_(lb.)': '72', 'rack_positions': '5', 'returnable': '90-Day', 'voltage_(volts)': '208/240', 'wattage_(watts)': '2300 W', 'certifications_and_listings': 'ETL Listed'}"}