{"source_link": "https://www.homedepot.com/p/Whirlpool-25-cu-ft-Side-by-Side-Refrigerator-in-Fingerprint-Resistant-Stainless-Steel-WRS325SDHZ/302785353", "title": "25 cu. ft. Side by Side Refrigerator in Fingerprint Resistant Stainless Steel", "brand": "Whirlpool", "image": "https://images.thdstatic.com/productImages/d2fbb9e0-c3cd-4a01-9910-e26b3bebb463/svn/fingerprint-resistant-stainless-steel-whirlpool-side-by-side-refrigerators-wrs325sdhz-64_600.jpg", "breadcrumbs": "Home,Appliances,Refrigerators,Side by Side Refrigerators", "description": "Fit and find it all in this side-by-side refrigerator with purposefully-designed storage spaces for items you use most. An in-door can caddy frees up shelf space while frameless glass shelves let you store more items on each shelf for loading flexibility. The deli drawer gives you plenty of space to store meat and cheese, too.    Exterior Ice and Water Dispenser with EVERY DROP Filtration lets you access fresh filtered water and ice without ever opening the refrigerator door using dual pad dispensers    Don't worry about refilling ice trays with the pre-installed icemaker that makes sure you always have plenty of ice on hand    Clean Tap Touch controls as easily as you use them    Store more items on each shelf with wall-to-wall frameless glass shelves, which offer greater storage flexibility    Store fruits and vegetables in their ideal environment with humidity-controlled crispers    Store plenty of meat and cheese with a deli drawer    Free up shelf space and get more flexibility using the in-door Can Caddy that holds either cans or bottles    Move the adjustable gallon door bins anywhere in the door for increased loading flexibility when and where you need it    Adaptive defrost automatically monitors the freezer environment and runs the cycle only when necessary    Easily find water and ice at night when you turn on the LED dispenser night-light    Keep food looking as good as it tastes. Light is cast inside the refrigerator so food looks like it's supposed to    Get a seamless look with hidden door hinges that stay out of sight    Resist fingerprints and smudges with steel that easily wipes clean. Available in black stainless and stainless steel colors                                Click here for more information on Electronic Recycling Programs       California residents", "price": "$1529.00", "number": "302785353", "spec_str": "{'depth_(excluding_handles)': '31.63 in', 'depth_(including_handles)': '33.63', 'depth_(less_door)': '28', 'depth_with_door_open_90_degrees_(in)': '49.31', 'height_to_top_of_door_hinge_(in.)': '69.25 in', 'height_to_top_of_refrigerator_(in.)': '68.63 in', 'product_depth_(in.)': '33.63', 'product_height_(in.)': '69.63', 'product_width_(in.)': '35.5 in', 'refrigerator_width_(in.)': '35.5 in', 'appliance_category': 'Refrigerator', 'appliance_type': 'Side-by-Side Refrigerator', 'built-in_and_standard_type': 'Side-by-Side', 'color_-_appliance_cabinet': 'Gray', 'color_-_door_handle(s)': 'Stainless Steel', 'color/finish': 'Fingerprint Resistant Stainless Steel', 'color/finish_family': 'Stainless Steel', 'defrost_type': 'Auto / Cycle', 'door_finish': 'Smooth', 'energy_consumption_(kwh/year)': '0', 'energy_efficiency_tier_rating': 'Not CEE rated', 'freezer_capacity_(cu._ft.)': '9.11', 'freezer_door_type': 'Swing Door', 'freezer_features': 'Ice Maker,LED Light Type', 'freezer_type': 'Compact-in Fridge', 'general_features': 'Hidden Hinge,LED Light Type', 'ice_maker_features': 'Control Lockout,Lighted Bin', 'ice_maker_type': 'Single Ice Maker', 'ice/water_dispenser': 'Both', 'indoor/outdoor': 'Indoor', 'installation_depth': 'Standard Depth', 'number_of_doors': '2 Door', 'number_of_freezer_baskets/bins': '4 Baskets/Bins', 'number_of_freezer_shelves': '3 Shelves', 'number_of_refrigerator_shelves': '4 Shelves', 'operational_features': 'Humidity Control,Humidity Controlled Crisper', 'product_weight_(lb.)': '262 lb', 'refrigeration_dispenser_features': 'Crushed Ice,Cubed Ice,Dispenser Control Lock-Out,Water Filtration', 'refrigerator_capacity_(cu._ft.)': '15.4 cu ft', 'returnable': 'Non-Returnable', 'shelf_material_-_freezer': 'Glass', 'shelf_material_-_refrigerator': 'Glass', 'storage_features': 'Gallon Door Storage,Removable Shelves', 'temperature_control_type': 'External Digital', 'total_capacity_(cu._ft.)': '24.6 cu ft', 'water_filter_replacement_model#': 'EDR1RXD1', 'certifications_and_listings': 'ADA Compliant,UL Listed', 'manufacturer_warranty': '1 year limited warranty'}"}