{"source_link": "https://www.homedepot.com/p/GE-Profile-2-2-cu-ft-Countertop-Microwave-in-Stainless-Steel-with-Sensor-Cooking-PES7227SLSS/302944128", "title": "Profile 2.2 cu. ft. Countertop Microwave in Stainless Steel with Sensor Cooking", "brand": "GE", "image": "https://images.thdstatic.com/productImages/787ca5b2-dcf3-46d4-ba3c-bc14f1c1554c/svn/stainless-steel-ge-countertop-microwaves-pes7227slss-64_600.jpg", "breadcrumbs": "Home,Appliances,Microwaves,Countertop Microwaves", "description": "GE Profile products offer the best in contemporary design matched with the latest in appliance technologies to transform the way you live. Sporting a bold, dramatic look and state of the art features. This collection provides the perfect combination of style and innovation throughout your kitchen.    Sensor cooking controls - automatically adjusts time and power for delicious cooking results    Weight and time defrost - simply enter the weight of the food, and the oven automatically sets the optimal defrosting time and power level or set your desired time for defrosting    Extra-large 16.5 in. turntable - rotates food throughout the cycle and accommodates large cookware    Instant On controls - One-touch instant operation    Control lockout - helps prevent accidental activation    Add 30-seconds button - Add 30-seconds of microwave cooking time    Kitchen timer - Minute timer helps keep you on track    2.2 cu. ft. capacity    1100-Watt of cooking power for a thorough cooking performance    Electronic touch-pad controls for easy operation    Limited 1-year entire appliance warranty      California residents", "price": "$416.12", "number": "302944128", "spec_str": "{'capacity_of_microwave_(cu._ft.)': '2.2', 'depth_with_door(s)_open_90_degrees_(in.)': '38.375', 'interior_depth_(in.)': '19.0625', 'interior_height_(in.)': '11.0625', 'interior_width_(in.)': '17.3125', 'product_depth_(in.)': '19.75', 'product_height_(in.)': '14', 'product_width_(in.)': '24.13', 'turntable_width_(in.)': '16 in', 'appliance_category': 'Microwave', 'appliance_series': 'GE Profile', 'appliance_type': 'Countertop Microwave', 'color/finish': 'Stainless Steel', 'color/finish_family': 'Stainless Steel', 'compatible_trim_kit_model_number': 'NA', 'controls_location': 'Side Controls', 'door_swing/style': 'Right to Left Swing', 'interior_light_type': 'Incandescent', 'item_package_quantity': '1', 'microwave_door_release': 'Push Button', 'microwave_features': 'One Touch Cooking,Turntable On/Off Option', 'microwave_settings': 'Defrost,Popcorn', 'microwave_size': 'Medium', 'number_of_one-touch_settings': '8', 'number_of_power_levels': '10', 'product_weight_(lb.)': '25', 'returnable': 'Non-Returnable', 'vent_location': 'Top', 'wattage_(watts)': '1100.0', 'certifications_and_listings': 'ADA Compliant,UL Listed', 'manufacturer_warranty': 'Limited 1-year entire appliance', 'safety_listing': 'UL'}"}