{"source_link": "https://www.homedepot.com/p/GE-White-Laundry-Center-3-8-cu-ft-Washer-and-5-9-cu-ft-240-Volt-Vented-Electric-Dryer-GUD27ESSMWW/303516041", "title": "White Laundry Center 3.8 cu. ft. Washer and 5.9 cu. ft. 240-Volt Vented Electric Dryer", "brand": "GE", "image": "https://images.thdstatic.com/productImages/fdad6767-cc5b-4457-bcf4-5dbd713a9fd9/svn/white-ge-laundry-centers-gud27essmww-64_600.jpg", "breadcrumbs": "Home,Appliances,Washers &amp; Dryers,Laundry Centers", "description": "GE Appliances provide up-to-date technology and exceptional quality to simplify the way you live. With a timeless appearance, this family of appliances is ideal for your family. And, coming from one of the most trusted names in America, you know that this entire selection of appliances is as advanced as it is practical.    Rotary-electronic controls (washer) - Simplify cycle selection    11 wash cycles are designed to specifically handle various fabrics and soils    6 wash / rinse temperatures - Select the right temperature for ideal wash results    1 wash / spin speed combination - Speeds are matched to fabric type for great clothes care    Auto-load sensing with 4 water levels - Washer will automatically measure the load size and add just the right amount of water    Bleach and fabric softener dispensers - Solutions are automatically mixed with wash water for bright, soft-to-the-touch results    Cycle status lights - Easily see where your load is in the cleaning process    Rotary- electromechanical controls (dryer)-Allows fast, easy cycle selection    Quiet Packages helps to reduce operating noise    All-in-one design combines a washer and dryer into a compact Package to take up minimal floor space    Limited 1-year entire appliance warranty    Wi-Fi Capable - Monitor performance and check cycle status of your washer and dryer using your mobile device. Required ConnectPlus accessory part number PVX10W00Y0 sold separately      California residents", "price": "$1349.00", "number": "303516041", "spec_str": "{'capacity_-_washer_(cu._ft.)': '3.8', 'depth_with_door_open_90_degrees_(in)': '47.5 in', 'door_opening_height_(in.)': '54', 'door_opening_width_(in.)': '22', 'dryer_door_opening_height_(in.)': '18.625', 'dryer_door_opening_width_(in.)': '16.125', 'product_depth_(in.)': '30.88 in', 'product_height_(in.)': '75.88 in', 'product_width_(in.)': '26.75 in', 'agitator/impeller_type': 'Agitator', 'amperage_(amps)': '30 A', 'appliance_type': 'Washer &amp; Dryer Combo', 'capacity_-_dryer_(cu._ft.)': '5.9', 'color/finish': 'White', 'color/finish_family': 'White', 'control_type': 'Mechanical', 'door_material': 'Steel', 'dry_cycles': 'Auto Dry,Extra Dry', 'dryer_door_style': 'Right Swing', 'dryer_drum_material': 'Powder-Coated Steel Drum', 'dryer_features': 'Automatic Temperature Control,Lint Filter,Timed Dry', 'dryer_fuel_type': 'Electric', 'energy_consumption_(kwh/year)': '188', 'energy_efficiency_tier_rating': 'Not CEE rated', 'exhaust_vent_location': 'Left Side,Rear,Right Side', 'included': 'Hoses', 'item_package_quantity': '1', 'lint_filter_location': 'Front', 'maximum_spin_speed_(rpm)': '800', 'number_of_drying_cycles': '4', 'number_of_drying_temperatures': '4', 'number_of_rinse_cycles': '2', 'number_of_rinse_temperatures': '6', 'number_of_wash_cycles': '11', 'number_of_wash_speeds': '1', 'number_of_wash_temperatures': '6', 'product_weight_(lb.)': '249 lb', 'returnable': 'Non-Returnable', 'steam_function': 'No Steam', 'vent_type': 'Vented', 'voltage_(volts)': '240', 'wash_cycles': 'Bulky Items,Colors,Delicates,Rinse &amp; Spin,Speed Wash,Whites', 'washer_dispensers': 'Bleach,Fabric Softener,Liquid Detergent', 'washer_features': 'Wi-Fi Enabled', 'washer_tub/drum_material': 'Stainless Steel Drum', 'certifications_and_listings': 'UL Listed', 'manufacturer_warranty': 'Limited 1-year entire appliance'}"}