{"source_link": "https://www.homedepot.com/p/LG-Electronics-21-8-cu-ft-French-Door-Refrigerator-with-External-Water-Dispenser-in-Stainless-Steel-LFDS22520S/304416120", "title": "21.8 cu. ft. French Door Refrigerator with External Water Dispenser in Stainless Steel", "brand": "LG Electronics", "image": "https://images.thdstatic.com/productImages/e8ac64b4-2c05-4393-9f1f-5eeb90725ece/svn/stainless-steel-lg-electronics-french-door-refrigerators-lfds22520s-64_600.jpg", "breadcrumbs": "Home,Appliances,Refrigerators,French Door Refrigerators", "description": "You don't have to sacrifice style when shopping for smaller kitchen spaces. With a generous 21.8 cu. ft., LG's stylish French door refrigerator gives you 10% more capacity in the same 30 in. wide.    Smart cooling system is designed to maintain superior conditions within the refrigerator    Linear compressor reacts quickly to temperature fluctuations and helps keep your food fresher, longer    Strategically-placed vents in every section help to surround your food with cool air no matter where you put it    Get more space for groceries in a great feature-packed refrigerator    Generous 22 cu. ft. of space, you'll have room and room to grow    Multi-Air flow system is designed to maintain superior humidity and temperature levels to help keep your food fresher, longer    Digital sensors constantly monitor conditions within the refrigerator    2-Tier organization freezer    SmartDiagnosis helps the service center diagnose problems over the phone, helping you troubleshoot quickly    LG confidently backs the motor with a 10-year limited warranty on linear compressor    4 split shelves in refrigerator    7 total door bins    Factory installed ice maker and water dispenser    Energy Star               Click here for more information on Electronic Recycling Programs       California residents", "price": "$1998.00", "number": "304416120", "spec_str": "{'depth_(excluding_handles)': '33 in', 'depth_(including_handles)': '35.5 in', 'depth_(less_door)': '29', 'depth_with_door_open_90_degrees_(in)': '44.75 in', 'height_to_top_of_door_hinge_(in.)': '68.5 in', 'height_to_top_of_refrigerator_(in.)': '67.25 in', 'product_depth_(in.)': '35.5 in', 'product_height_(in.)': '68.5 in', 'product_width_(in.)': '29.75 in', 'refrigerator_width_(in.)': '29.75 in', 'appliance_category': 'Refrigerator', 'appliance_type': 'French Door Refrigerator', 'built-in_and_standard_type': 'French Door', 'color_-_appliance_cabinet': 'Gray', 'color_-_door_handle(s)': 'Stainless Steel', 'color/finish': 'Stainless Steel', 'color/finish_family': 'Stainless Steel', 'defrost_type': 'Auto / Cycle', 'door_finish': 'Smooth', 'energy_consumption_(kwh/year)': '587', 'energy_efficiency_tier_rating': 'Not CEE rated', 'freezer_capacity_(cu._ft.)': '7.3 cu ft', 'freezer_door_type': 'Pull Out Drawer', 'freezer_features': 'Adjustable Leveling Legs,Ice Maker', 'freezer_type': 'Drawer Freezer', 'general_features': 'Door Alarm,Hidden Hinge,LED Light Type', 'ice_maker_features': 'Automatic Ice Level Control/Shutoff,Ice Maker', 'ice_maker_type': 'Single Ice Maker', 'ice/water_dispenser': 'Water Only', 'indoor/outdoor': 'Indoor', 'installation_depth': 'Standard Depth', 'number_of_doors': '3 Door', 'number_of_drawers': 'Single Drawer', 'number_of_freezer_baskets/bins': '2 Baskets/Bins', 'number_of_freezer_shelves': 'No Shelves', 'number_of_refrigerator_shelves': '4 Shelves', 'operational_features': 'Humidity Controlled Crisper', 'product_weight_(lb.)': '237 lb', 'refrigeration_dispenser_features': 'Water Dispenser', 'refrigerator_capacity_(cu._ft.)': '14.5 cu ft', 'returnable': 'Non-Returnable', 'shelf_material_-_freezer': 'Plastic', 'shelf_material_-_refrigerator': 'Glass', 'storage_features': 'Adjustable Door Storage,Deli Drawer', 'temperature_control_type': 'Internal Digital', 'total_capacity_(cu._ft.)': '21.8 cu ft', 'water_filter_replacement_model#': 'LT700PC', 'certifications_and_listings': 'ADA Compliant,CSA Listed,Energy Star', 'manufacturer_warranty': '1 Year Parts and Labor, 7 Years on the Sealed System, 10 Years on Linear Compressor'}"}