{"source_link": "https://www.homedepot.com/p/Whirlpool-White-Laundry-Center-with-3-5-cu-ft-Washer-and-5-9-cu-ft-Electric-Dryer-with-9-Wash-cycles-and-AUTODRY-WET4027HW/304491410", "title": "White Laundry Center with 3.5 cu. ft. Washer and 5.9 cu. ft. Electric Dryer with 9 Wash cycles and AUTODRY", "brand": "Whirlpool", "image": "https://images.thdstatic.com/productImages/b0f54555-1389-4d0f-8c56-868f4149bc08/svn/white-whirlpool-laundry-centers-wet4027hw-64_600.jpg", "breadcrumbs": "Home,Appliances,Washers &amp; Dryers,Laundry Centers", "description": "Get the capacity you want and the space you need with an electric stacked washer and dryer combination. The washer with fabric softener dispenser releases fabric softener at just the right time and the dryer automatically senses when clothes are ready and stops the cycle to help prevent overdrying.    Dual action Agitator with Fabric Softener Dispenser: Get dual action cleaning and convenient fabric softener dispensing at just the right time when you fill this cap with softener before the cycle begins.    White Porcelain Basket: Keep your washer looking good thanks to the durable finish that resists scratches, chemicals and rust.    AutoDry Drying System: Help prevent overdrying with the AutoDry drying system that senses when clothes have reached the right moisture content and stops the cycle.    4 Drying Cycles: Choose the right setting for each load when you dry with Normal, Delicate, Air Only or Timed Dry cycles.    3.5 Cu. Ft. Washer Capacity: Get the space you need to easily wash everyday loads with a 3.5 cu. ft. capacity washer.    5.9 Cu. Ft. Dryer Capacity: Get the space you need to easily dry everyday loads with a 5.9 cu. ft. capacity dryer    Bleach Dispenser: Bleach is automatically added and diluted at the beginning of the wash cycle so you don't have to worry about adding it later.    Washer Option Selections: Extra Rinse    Washer Cycle Selections: Bulky Items, Casual, Clean Washer, Colors, Delicates, Drain &amp; Spin, Heavy Duty, Normal, Quick Wash    Washer Temperature Selections: Hot, Cold, Tap Cold, Cool, Warm               Click here for more information on Electronic Recycling Programs       California residents", "price": "$1349.00", "number": "304491410", "spec_str": "{'capacity_-_washer_(cu._ft.)': '3.5', 'depth_with_door_open_90_degrees_(in)': '47.94 in', 'door_opening_height_(in.)': '75.5', 'door_opening_width_(in.)': '27.5', 'dryer_door_opening_height_(in.)': '75.5', 'dryer_door_opening_width_(in.)': '27.5', 'product_depth_(in.)': '32.44 in', 'product_height_(in.)': '75.5 in', 'product_width_(in.)': '27.25 in', 'agitator/impeller_type': 'Agitator', 'amperage_(amps)': '30 A', 'appliance_type': 'Washer &amp; Dryer Combo', 'capacity_-_dryer_(cu._ft.)': '5.9', 'color/finish': 'White', 'color/finish_family': 'White', 'control_type': 'Electronic', 'door_material': 'Metal', 'dry_cycles': 'Air Fluff,Delicates,Timed Dry', 'dryer_door_style': 'Left Swing', 'dryer_drum_material': 'Powder-Coated Steel Drum', 'dryer_features': 'Control Lock,Lint Filter,Timed Dry', 'dryer_fuel_type': 'Electric', 'energy_consumption_(kwh/year)': '155', 'energy_efficiency_tier_rating': 'Not CEE rated', 'exhaust_vent_location': 'Rear', 'included': 'No Additional Items Included', 'lint_filter_location': 'None', 'maximum_spin_speed_(rpm)': '690', 'number_of_drying_cycles': '4', 'number_of_drying_temperatures': '1', 'number_of_rinse_cycles': '2', 'number_of_rinse_temperatures': '1', 'number_of_wash_cycles': '9', 'number_of_wash_speeds': '2', 'number_of_wash_temperatures': '5', 'product_weight_(lb.)': '270 lb', 'returnable': 'Non-Returnable', 'steam_function': 'No Steam', 'vent_type': 'Vented', 'voltage_(volts)': '240', 'wash_cycles': 'Bulky Items,Colors,Delicates,Drain &amp; Spin,Extra Rinse,Heavy Duty,Normal,Speed Wash', 'washer_dispensers': 'Bleach,Fabric Softener', 'washer_features': 'Automatic Temperature Control,Front Control', 'washer_tub/drum_material': 'Stainless Steel Drum', 'certifications_and_listings': 'No Certifications or Listings', 'manufacturer_warranty': '1 Year'}"}