{"source_link": "https://www.homedepot.com/p/Whirlpool-7-0-cu-ft-120-Volt-White-Gas-Vented-Dryer-with-AUTODRY-Drying-System-WGD4950HW/304751320", "title": "7.0 cu. ft. 120-Volt White Gas Vented Dryer with AUTODRY Drying System", "brand": "Whirlpool", "image": "https://images.thdstatic.com/productImages/1c15c21f-afd0-45ab-b3d8-ae60326a5e18/svn/white-whirlpool-gas-dryers-wgd4950hw-64_600.jpg", "breadcrumbs": "Home,Appliances,Washers &amp; Dryers,Dryers,Gas Dryers", "description": "Care for the whole family's fabrics with this large capacity top load dryer. Choose between the AutoDry system, which helps prevent overdrying, or Timed Dry, which lets you manually control your drying schedule. Help keep wrinkles from setting in with the Wrinkle Shield option and easily transfer loads from the washer to this automatic dryer with a wide-opening hamper door.    AutoDry Drying System: Help prevent overdrying with the AutoDry drying system that senses when clothes have reached the right moisture content and stops the cycle.    Wrinkle Shield Option: Helps keep wrinkles from setting into your clean clothes with intermittent tumbling after the dryer cycle ends.    Hamper Door: Easily transfer loads from the washer to the dryer and from the dryer to the laundry basket without worrying about clean clothes falling on the floor with this wide-opening door.    Timed Dry: Take control of your time. For those occasional times that damp load needs a little extra dry time or when using a drying rack, set the control and you can get your fabrics dried on your schedule.    3 Drying Temperatures: Choose between three drying temperatures for fabric care that fits your family's needs    7.0 Cu. Ft. Capacity: With a 7.0 cu. ft. capacity dryer drum, there's plenty of room to easily handle large loads and bulky items.    Designed, Engineered and Assembled in the U.S.A    Number of Dryer Cycles: 14    Drying Cycle Selections: Automatic Dry; Energy Preferred; Fluff Air 10; Fluff Air 20; Fluff Air 30; Heavy Duty; Less Dry; More Dry; Timed Dry 20; Timed Dry 30; Timed Dry 40; Timed Dry 50; Timed Dry 60; Timed Dry 70    Dryer Option Selections: Damp Dry Signal; Freshen Up; Wrinkle Shield    Temperature Selections: High: Low; Medium    Drum Material: Powder Coat    Control Location: Rear panel    Installation is not available in all locations, see store for details                California residents", "price": "$678.00", "number": "304751320", "spec_str": "{'depth_with_door_open_90_degrees_(in)': '42 in', 'door_opening_height_(in.)': '13.75', 'door_opening_width_(in.)': '13.75', 'product_depth_(in.)': '28.25 in', 'product_height_(in.)': '43 in', 'product_width_(in.)': '29 in', 'appliance_category': 'Dryer', 'appliance_type': 'Gas Dryer', 'capacity_-_dryer_(cu._ft.)': '7', 'color/finish': 'White', 'color/finish_family': 'White', 'control_type': 'Electro-Mechanical', 'door_material': 'Metal', 'door_shape': 'Square Door', 'door_style': 'Hamper', 'dry_cycles': 'Air Fluff,Sensor Dry,Timed Dry,Touch Up,Wrinkle Free', 'dryer_drum_material': 'Powder-Coated Steel Drum', 'dryer_features': 'Adjustable End-of-Cycle Signal,Interior Light,Sensor Dry,Timed Dry', 'dryer_fuel_type': 'Gas', 'exhaust_vent_location': 'Rear', 'included': 'Power Cord', 'lint_filter_location': 'Top', 'matching_washer_type': 'Top Load Matching', 'number_of_drying_cycles': '14', 'number_of_drying_temperatures': '3', 'pedestal_model#': 'None', 'product_weight_(lb.)': '113 lb', 'returnable': 'Non-Returnable', 'stackable': 'Not Stackable', 'stacking_kit_model#': 'None', 'steam_function': 'No Steam', 'vent_type': 'Vented', 'voltage_(volts)': '120', 'certifications_and_listings': 'UL Listed', 'manufacturer_warranty': '1 Year Limited'}"}