{"source_link": "https://www.homedepot.com/p/Whirlpool-7-0-cu-ft-240-Volt-White-Electric-Vented-Dryer-with-AUTODRY-Drying-System-WED4950HW/304753183", "title": "7.0 cu. ft. 240-Volt White Electric Vented Dryer with AUTODRY Drying System", "brand": "Whirlpool", "image": "https://images.thdstatic.com/productImages/5d815177-e9d9-4ad2-bf14-acb6ce975461/svn/white-whirlpool-electric-dryers-wed4950hw-64_600.jpg", "breadcrumbs": "Home,Appliances,Washers &amp; Dryers,Dryers,Electric Dryers", "description": "Care for the whole family's fabrics with this large capacity top load dryer. Choose between the AUTODRY system, which helps prevent overdrying, or Timed Dry, which lets you manually control your drying schedule. Help keep wrinkles from setting in with the WRINKLE SHIELD option and easily transfer loads from the washer to this automatic dryer with a wide-opening hamper door.    Help prevent overdrying with the AUTODRY drying system that senses when clothes have reached the right moisture content and stops the cycle    Help keep wrinkles from setting into your clean clothes with intermittent tumbling after the dryer cycle ends with the WRINKLE SHIELD option    Easily transfer loads from the washer to the dryer and from the dryer to the laundry basket without worrying about clean clothes falling on the floor with this wide-opening door    Take control of your time. For those occasional times that damp load needs a little extra dry time or when using a drying rack, set the control and you can get your fabrics dried on your schedule    Choose between three drying temperatures for fabric care that fits your family's needs    With a 7.0 cu. ft. capacity dryer drum, there's plenty of room to easily handle large loads and bulky items    Designed, Engineered and Assembled in the United States    3 Temperature Settings: High, Low, Medium    1/3 HP Motor Horsepower    14 Dryer Cycles    Automatic Dry Control    End of Cycle Signal    Hamper Door Style                California residents", "price": "$578.00", "number": "304753183", "spec_str": "{'depth_with_door_open_90_degrees_(in)': '42 in', 'door_opening_height_(in.)': '13.75', 'door_opening_width_(in.)': '25', 'product_depth_(in.)': '28.25 in', 'product_height_(in.)': '43 in', 'product_width_(in.)': '29 in', 'amperage_(amps)': '30 A', 'appliance_category': 'Dryer', 'appliance_type': 'Electric Dryer', 'capacity_-_dryer_(cu._ft.)': '7', 'color/finish': 'White', 'color/finish_family': 'White', 'control_type': 'Electro-Mechanical', 'door_material': 'Metal', 'door_shape': 'Square Door', 'door_style': 'Hamper', 'dry_cycles': 'Air Fluff,Auto Dry,Cool Down,Damp Dry,Delicates,Sensor Dry,Timed Dry,Wrinkle Free', 'dryer_drum_material': 'Powder-Coated Steel Drum', 'dryer_features': 'Adjustable End-of-Cycle Signal,Automatic Temperature Control,Interior Light,Lint Filter,Moisture Sensor,Timed Dry', 'dryer_fuel_type': 'Electric', 'exhaust_vent_location': 'Rear', 'included': 'No Additional Items Included', 'lint_filter_location': 'Top', 'matching_washer_type': 'Top Load Matching', 'number_of_drying_cycles': '14', 'number_of_drying_temperatures': '3', 'pedestal_model#': 'None', 'product_weight_(lb.)': '109 lb', 'returnable': 'Non-Returnable', 'stackable': 'Not Stackable', 'stacking_kit_model#': 'None', 'steam_function': 'No Steam', 'vent_type': 'Vented', 'voltage_(volts)': '240', 'certifications_and_listings': 'No Certifications or Listings', 'manufacturer_warranty': '1 Year Limited'}"}