{"source_link": "https://www.homedepot.com/p/Bosch-800-Series-24-in-1-2-cu-ft-Built-In-Drawer-Microwave-in-Stainless-Steel-with-Sensor-Cooking-HMD8451UC/304811533", "title": "800 Series 24 in. 1.2 cu. ft. Built-In Drawer Microwave in Stainless Steel with Sensor Cooking", "brand": "Bosch", "image": "https://images.thdstatic.com/productImages/2a942e07-7d89-4adf-b9c7-e976def21b1a/svn/stainless-steel-bosch-commercial-countertop-hmd8451uc-64_600.jpg", "breadcrumbs": "Home,Appliances,Microwaves,Commercial Microwaves,Commercial Countertop", "description": "Designed to fit large baking pans to tall coffee mugs. The drawer microwave oven opens and closes automatically with the push of a button, and is the ideal solution for under-counter installations saving countertop space. Bosch drawer microwave impacts design, not space.    1.2 cu. ft. large cooking interior gives you flexibility to cook various dishes    Built for speed and convenience with 950-Watt of microwave cooking power and 11 preset power levels for multiple power options    Glass touch controls with LCD white display    Convenient automatic sensor programs simplify cooking for great results    Automatic defrost determines power level and cooking time    Interior oven light to better monitor cooking progress    Sleek, low profile design can be installed flush to cabinets    Timer with cook function and automatic shut off    Able to fit a 20 oz. cup or a 13 in. x 9 in. baking oven pan    Child safety lock prevents unwanted use    Spacious enough to fit a 4 qt. casserole dish    Please call your local store with your Order # to schedule installation for this item                California residents", "price": "$1549.00", "number": "304811533", "spec_str": "{'capacity_of_microwave_(cu._ft.)': '1.2', 'depth_with_door(s)_open_90_degrees_(in.)': '33.38', 'interior_depth_(in.)': '0', 'interior_height_(in.)': '0', 'interior_width_(in.)': '0', 'product_depth_(in.)': '23.38', 'product_height_(in.)': '16.31', 'product_width_(in.)': '23.88', 'appliance_category': 'Microwave', 'appliance_type': 'Built-In Microwave', 'color/finish': 'Stainless Steel', 'color/finish_family': 'Stainless Steel', 'compatible_trim_kit_model_number': 'N/A', 'controls_location': 'Top Controls', 'door_swing/style': 'Pull-Out', 'interior_light_type': 'Incandescent', 'microwave_door_release': 'Push Button', 'microwave_features': 'Interactive Cooking System,One Touch Cooking,Safety Lock', 'microwave_settings': 'Control Lock,Cook Power,Defrost,Keep Warm,Popcorn,Sensor Cook', 'microwave_size': 'Medium', 'number_of_one-touch_settings': '5', 'number_of_power_levels': '11', 'product_weight_(lb.)': '80', 'returnable': 'Non-Returnable', 'vent_location': 'Front', 'wattage_(watts)': '1000 W', 'certifications_and_listings': 'UL Listed', 'manufacturer_warranty': '1 Year Limited', 'safety_listing': 'UL'}"}