{"source_link": "https://www.homedepot.com/p/LG-Electronics-6-9-cu-ft-Smart-Double-Oven-Slide-In-Gas-Range-with-ProBake-Convection-and-Wi-Fi-in-Stainless-Steel-LTG4715ST/304994119", "title": "6.9 cu. ft. Smart Double Oven Slide In Gas Range with ProBake Convection and Wi-Fi in Stainless Steel", "brand": "LG Electronics", "image": "https://images.thdstatic.com/productImages/2bf62b09-33e7-4dba-9c51-bf88be374ba0/svn/stainless-steel-lg-electronics-double-oven-gas-ranges-ltg4715st-64_600.jpg", "breadcrumbs": "Home,Appliances,Ranges,Gas Ranges,Double Oven Gas Ranges", "description": "No more trying to juggle and time your large meals. With 6.9 cu. ft. of capacity, you can do it all at once, all the while keeping your dishes hot and ready to serve in the warming drawer below. LG ProBake Convection gives you the confidence of professional-style baking on every rack, every time. Plus, with EasyClean, you can check a clean oven off your list after just 10 minutes and three simple steps.    LG ProBake Convection delivers even baking results on every rack, every time. Inspired by pro-style ranges, this new LG ranged moved the heating element from the bottom of the oven to the back wall for optimal heat distribution. Enjoy consistent browning on top and bottom- with every cookie baked to perfection    LG EasyClean brings you the fastest oven-cleaning feature yet. In three easy steps and 10 quick minutes your oven can be sparkling clean, without strong chemical fumes or high heat. Simply spray the oven interior with water, press EasyClean and then in 10 minutes, quickly wipe away any leftover grime. And you can still use the traditional self-clean cycle for the occasional deep clean    Use the quick-heating upper oven for smaller meals on the go. For big events, you'll have the room you need to cook all your favorite dishes, at different temperatures, at the same time. With LG, no meal (or guest list) is too big    LG UltraHeat 18,500 BTU burners deliver every bit of the precision you love about gas with even more power. No more waiting around to bring water and other liquids to a boil    Sleek, angled controls put power and visibility at your fingertips while bringing an updated, stylish look to your kitchen    5 High Performance Sealed Burners are there to meet them. These easy to clean burners provide flexible cooking power from 5,000 BTUs to 18,500 BTUs    Intuitive SmoothTouch glass controls not only look sleek but makes operating your range a snap with just a touch of your finger. Best of all they have been designed with practicality in mind the smooth surface easily wipes clean    LGs Detachable Wok Grate. Designed to lift a wok pan above the right front burner, the steady surface combined with the intense heat of the 18,500 BTU UltraHeat burner makes it easier to stir fry, steam, poach and sear. Crafted from cast iron porcelain for years of use    Gliding rack brings the dish to you, extending your reach with far less effort. It offers easy access for checking on or removing your favorite dishes from the oven    Griddle pan that fits perfectly on the oval burner on these ranges. You can start cooking right away pancakes, eggs, meat, and everything else that can be cooked on a griddle    A premium range should meet your needs and look beautiful doing it. The Brilliant Blue Interior provides an upscale look with premium interior design    Best view in the kitchen; this super-sized window allows you to easily check the progress of a meal no matter where its placed in the oven    Griddle included.    Installation is not available in all locations. See store for details.               Click here for more information on Electronic Recycling Programs       California residents", "price": "$3099.00", "number": "304994119", "spec_str": "{'depth_with_door(s)_open_90_degrees_(in.)': '48.88', 'lower_oven_interior_depth_(in)': '20.00', 'lower_oven_interior_height_(in.)': '14.25', 'lower_oven_interior_width_(in.)': '24.81', 'product_depth_(in.)': '28.94 in', 'product_height_(in.)': '37.88 in', 'product_width_(in.)': '30 in', 'range_size_(width)': '30 in.', 'upper_oven_interior_depth_(in)': '20.00', 'upper_oven_interior_height_(in.)': '9.25', 'upper_oven_interior_width_(in.)': '24.81', 'appliance_category': 'Range', 'appliance_type': 'Gas Range', 'broiler_location': 'Oven', 'burner_grate_material': 'Cast Iron', 'burner_no.1_btu': '9000', 'burner_no.2_btu': '12000', 'burner_no.3_btu': '5000', 'burner_no.4_btu': '18500', 'burner_no.5_btu': '10000', 'capacity_of_oven_(cu._ft.)': '6.9', 'cleaning_type': 'Self Cleaning', 'color_of_cooktop': 'Stainless Steel', 'color/finish': 'Stainless Steel', 'color/finish_family': 'Stainless Steel', 'commercial/residential': 'Residential', 'control_type': 'Electronic', 'controls_location': 'Front Control', 'cooktop_features': 'Control Lockout,Digital Display,Indicator Light- Heating Element On,Indicator Light- Hot Surface Indicator Light,Melting Burner,Simmer Element,Warming Zone,With Griddle', 'cooktop_surface_type': 'Recessed', 'drawer_type': 'No Drawer', 'fuel_type': 'Gas', 'ignition_type': 'Electrical', 'included': 'Hardware,Propane (LP) Conversion Kit', 'lower_oven_capacity_(cu._ft.)': '4.3', 'lower_oven_features': 'Broiler in Oven,Gliding/Roll Out Racks,Hidden Bake Element,LED Display,Safety Lock,Temperature Control', 'lower_oven_rack_positions': '4', 'lower_oven_settings': 'Delay Bake/Delay Start,Keep Warm,Proofing Mode', 'number_of_burners': '5 burner', 'number_of_oven_racks': '3', 'oven_cleaning_options': 'Lower Self-Cleaning,Upper Self-Cleaning', 'oven_cooking_process': 'Convection', 'power_options': 'Hardwired', 'product_weight_(lb.)': '225 lb', 'range_installation_type': 'Slide-In', 'remote_access': 'Remote Access', 'requires_hub?': 'No Hub Required', 'returnable': 'Non-Returnable', 'smart_home': 'Smart Home Enabled', 'smart_home_protocol': 'Wi-Fi', 'upper_oven_capacity_(cu._ft.)': '2.6', 'upper_oven_features': 'Broiler in Oven,Gliding/Roll Out Racks,Hidden Bake Element,LED Display,Safety Lock', 'upper_oven_rack_positions': '2', 'upper_oven_settings': 'Delay Bake/Delay Start,Keep Warm,Proofing Mode', 'voice_control_hub_required': 'No Hub Required for Voice Control', 'works_with': 'Alexa, Google, SmartThinQ', 'certifications_and_listings': 'ADA Compliant,CSA Listed', 'manufacturer_warranty': 'Parts &amp; Labor 2 Year'}"}