{"source_link": "https://www.homedepot.com/p/Magic-Chef-4-5-cu-ft-2-Door-Mini-Fridge-in-Stainless-Look-with-Freezer-HMDR450SE/305026385", "title": "4.5 cu. ft. 2 Door Mini Fridge in Stainless Look with Freezer", "brand": "Magic Chef", "image": "https://images.thdstatic.com/productImages/cc115637-8405-4a3a-b390-127951ccad8f/svn/stainless-look-magic-chef-mini-fridges-hmdr450se-64_600.jpg", "breadcrumbs": "Home,Appliances,Mini Fridges", "description": "Whether you're college-bound or simply want a little extra refrigerator space in your home, office, or break room, the Magic Chef 2 Door, 4.5 cu. ft. Energy Star Compact Refrigerator has the food storage options you're looking for. A can rack conveniently keeps beverage cans in the door while additional door shelves provide space for other frequently used items. Glass refrigerator shelves and a pull out crisper keep foods organized and are easy to clean. The separate top freezer compartment provides additional storage for frozen foods.    ENERGY STAR qualified to meet or exceed federal guidelines for energy efficiency for year-round energy and money savings    Upfront Interior analog controls for making quick adjustments to internal temperature    3 fresh-food shelves help keep foods organized    In Door Can rack keeps beverage and soda cans neat and convenient    Vegetable crisper makes it easy to store your produce    Separate 1.2 cu. ft. freezer capacity for storing frozen items    2 reversible doors offer multiple options for placement in a room    Door shelves and racks provide storage for larger items and smaller items to efficiently utilize interior capacity    Flush back design for versatile, space-saving placement    Stainless steel look door and black cabinet complements a variety of interior decors    Interior light for convenient viewing    Warranty is 1 Year Parts and Labor; 5 Years Compressor (parts only)    This item does not qualify for the Major Appliance Delivery and Haul Away or Installation Services     Click here for more information on Electronic Recycling Programs       California residents", "price": "$229.00", "number": "305026385", "spec_str": "{'depth_(excluding_handles)': '19.4', 'depth_(including_handles)': '19.4 in', 'depth_(less_door)': '16.5', 'depth_with_door_open_90_degrees_(in)': '36.2', 'height_to_top_of_door_hinge_(in.)': '44.8 in', 'height_to_top_of_refrigerator_(in.)': '44 in', 'product_depth_(in.)': '19.4', 'product_height_(in.)': '44.8', 'product_width_(in.)': '18.9', 'refrigerator_width_(in.)': '18.9 in', 'appliance_category': 'Refrigerator', 'appliance_type': 'Compact Refrigerator', 'color_-_appliance_cabinet': 'Black', 'color_-_door_handle(s)': 'Stainless Look', 'color/finish': 'Stainless Look', 'color/finish_family': 'Stainless Look', 'defrost_type': 'Manual', 'energy_efficiency_tier_rating': 'Not CEE rated', 'freezer_capacity_(cu._ft.)': '1.2', 'freezer_features': 'In-door Storage', 'freezer_type': 'Top Door Freezer', 'general_features': 'Flat-back Design,Interior Light', 'ice_maker_features': 'No Ice Maker', 'ice_maker_type': 'Without Ice Maker', 'indoor/outdoor': 'Indoor', 'installation_depth': 'Standard Depth', 'number_of_doors': '2 Door', 'number_of_freezer_baskets/bins': 'No Baskets/Bins', 'number_of_freezer_shelves': '1 Shelf', 'number_of_refrigerator_shelves': '3 Shelves', 'operational_features': 'Dial Temperature Control', 'product_weight_(lb.)': '63.9 lb', 'refrigeration_dispenser_features': 'No Dispenser', 'refrigerator_capacity_(cu._ft.)': '3.3 cu ft', 'returnable': '90-Day', 'shelf_material_-_refrigerator': 'Glass', 'storage_features': 'Crisper Drawer,Removable Shelves', 'temperature_control_type': 'Internal Analog', 'total_capacity_(cu._ft.)': '4.5 cu ft', 'water_filter_replacement_model#': 'Not Applicable', 'certifications_and_listings': 'CSA Listed', 'manufacturer_warranty': '1 Year Parts and Labor  5 Years Compressor (Part Only)'}"}