{"source_link": "https://www.homedepot.com/p/Magic-Chef-3-3-cu-ft-Mini-Fridge-in-Stainless-Look-HMR330SE/305026442", "title": "3.3 cu. ft. Mini Fridge in Stainless Look", "brand": "Magic Chef", "image": "https://images.thdstatic.com/productImages/2687e2bd-8181-40dd-9b2f-56d692917e11/svn/stainless-look-magic-chef-mini-fridges-hmr330se-64_600.jpg", "breadcrumbs": "Home,Appliances,Mini Fridges", "description": "Whether you're college-bound or simply want a little extra refrigerator space in your home or office the Magic Chef 3.3 cu. ft. Mini Refrigerator has the storage options you're looking for. The sleek appearance is matched by its well-designed interior, which includes a can rack to conveniently keep beverage cans in the door. Additional door shelves provide space for other frequently used items. Its three glass shelves are easy to clean. ENERGY STAR qualified design helps save on energy costs without sacrificing performance.    ENERGY STAR qualified - meets or exceeds federal guidelines for energy efficiency, which means year-round energy savings    Upfront interior analog controls for making quick adjustments to internal temperature    3 fresh-food shelves provide storage for both larger and smaller items to efficiently utilize interior capacity    Door shelves keep frequently used items up front for easy access    Can rack keeps beverage cans orderly and convenient    Full-width mini chiller/freezer compartment allows for storage of smaller frozen food items    Interior light ensures easy viewing of stored items    3.3 cu. ft. capacity design with manual defrost    Flush back design for versatile, space-saving placement    One Year Parts and Labor; 5 Years Compressor Warranty    This item does not qualify for the Major Appliance Delivery and Haul Away or Installation Services     Click here for more information on Electronic Recycling Programs       California residents", "price": "$169.00", "number": "305026442", "spec_str": "{'depth_(excluding_handles)': '17.7', 'depth_(including_handles)': '17.7 in', 'depth_(less_door)': '15.7', 'depth_with_door_open_90_degrees_(in)': '35', 'height_to_top_of_door_hinge_(in.)': '32.9 in', 'height_to_top_of_refrigerator_(in.)': '32.5 in', 'product_depth_(in.)': '17.7', 'product_height_(in.)': '32.9', 'product_width_(in.)': '19.1', 'refrigerator_width_(in.)': '19.10 in', 'appliance_category': 'Refrigerator', 'appliance_type': 'Compact Refrigerator', 'color_-_appliance_cabinet': 'Black', 'color_-_door_handle(s)': 'Stainless Look', 'color/finish': 'Stainless Look', 'color/finish_family': 'Stainless Look', 'defrost_type': 'Manual', 'energy_efficiency_tier_rating': 'Not CEE rated', 'freezer_capacity_(cu._ft.)': '0.4', 'freezer_features': 'No Additional Features', 'freezer_type': 'Compact-in Fridge', 'general_features': 'Flat-back Design,Interior Light', 'ice_maker_features': 'No Ice Maker', 'ice_maker_type': 'Without Ice Maker', 'indoor/outdoor': 'Indoor', 'installation_depth': 'Standard Depth', 'number_of_doors': '1 Door', 'number_of_freezer_baskets/bins': 'No Baskets/Bins', 'number_of_freezer_shelves': 'No Shelves', 'number_of_refrigerator_shelves': '3 Shelves', 'operational_features': 'Dial Temperature Control', 'product_weight_(lb.)': '49.6 lb', 'refrigeration_dispenser_features': 'No Dispenser', 'refrigerator_capacity_(cu._ft.)': '3.3 cu ft', 'returnable': '90-Day', 'shelf_material_-_refrigerator': 'Glass', 'storage_features': 'Removable Shelves', 'temperature_control_type': 'Internal Analog', 'total_capacity_(cu._ft.)': '3.3 cu ft', 'water_filter_replacement_model#': 'Not Applicable', 'certifications_and_listings': 'CSA Listed', 'manufacturer_warranty': '1 Year Parts and Labor; 5 Years Compressor (part Only)'}"}