{"source_link": "https://www.homedepot.com/p/Magic-Chef-0-7-cu-ft-Countertop-Microwave-in-Black-with-Gray-Cavity-HMM770B/305708068", "title": "0.7 cu. ft. Countertop Microwave in Black with Gray Cavity", "brand": "Magic Chef", "image": "https://images.thdstatic.com/productImages/8515b9f5-ce58-4d94-8698-3f0f5ee32da0/svn/black-magic-chef-countertop-microwaves-hmm770b-64_600.jpg", "breadcrumbs": "Home,Appliances,Microwaves,Countertop Microwaves", "description": "The Magic Chef 0.7 cu. ft. Countertop Microwave in Black has a compact design that doesn't obstruct your counter space, yet delivers 700-Watt of power and has 10 power levels that give you a wide variety of cooking options. There are eight quick-set buttons on the microwave that quickly cook common food items like popcorn and frozen vegetables. The microwave's glass turntable provides even, consistent cooking and is easy to clean.    0.7 cu. ft. capacity is compact yet accommodates a variety of dishes and food items    700-Watt of cooking power deliver fast, effective cooking    6 quick-set menu buttons quickly cook popcorn, pizza, soup, frozen vegetables and other common items    10 power levels for a variety of cooking options    30-second express cooking option offers quick, convenient cooking at the touch of a button    Weight and time defrost options help you thaw cold or frozen items    3 pre-programmed, 1-touch cooking menus make hot, ready-to-eat meals just a step away    Glass turntable provides even, consistent cooking and is easy to clean    Glass turntable diameter is 10.04 in    Power cord is 3.28 ft in length    Interior light illuminates the cooking space    Kitchen timer for your convenience    Warranty is 1 Year Parts and Labor; 8 Years Magnetron (part only) Carry-in Service     Available for purchase with 3.1 cu. ft. Mini Fridge in Black      Click here for more information on Electronic Recycling Programs       California residents", "price": "$59.98", "number": "305708068", "spec_str": "{'capacity_of_microwave_(cu._ft.)': '0.7', 'depth_with_door(s)_open_90_degrees_(in.)': '25.8', 'interior_depth_(in.)': '12.1', 'interior_height_(in.)': '8.1', 'interior_width_(in.)': '12.0', 'product_depth_(in.)': '14 in', 'product_height_(in.)': '10.2 in', 'product_width_(in.)': '17.3', 'turntable_width_(in.)': '10 in', 'appliance_category': 'Microwave', 'appliance_type': 'Countertop Microwave', 'color/finish': 'Black', 'color/finish_family': 'Black', 'compatible_trim_kit_model_number': 'N/A', 'controls_location': 'Side Controls', 'door_swing/style': 'Right to Left Swing', 'interior_light_type': 'Incandescent', 'microwave_door_release': 'Push Button', 'microwave_features': 'One Touch Cooking,Turntable', 'microwave_settings': 'Defrost', 'microwave_size': 'Small', 'number_of_one-touch_settings': '6', 'number_of_power_levels': '10', 'product_weight_(lb.)': '20.6', 'returnable': '90-Day', 'vent_location': 'Side', 'wattage_(watts)': '700 W', 'certifications_and_listings': 'FCC Listed', 'manufacturer_warranty': '1 Year parts and  labor  8 years magnetron (part only) Carry in Service', 'safety_listing': 'FCC,UL'}"}