{"source_link": "https://www.homedepot.com/p/Frigidaire-24-in-Single-Gas-Wall-Oven-in-Stainless-Steel-FFGW2426US/306065234", "title": "24 in. Single Gas Wall Oven in Stainless Steel", "brand": "Frigidaire", "image": "https://images.thdstatic.com/productImages/c3640596-5162-4840-9a72-9d11e0d3c08c/svn/stainless-steel-frigidaire-single-gas-wall-ovens-ffgw2426us-64_600.jpg", "breadcrumbs": "Home,Appliances,Wall Ovens,Gas Wall Ovens,Single Gas Wall Ovens", "description": "The Frigidaire 24 in. Gas Wall Oven features a large 3.3 cu. ft. oven so you have more room to cook multiple items. Ready-Select Control panel makes it easy to set cooking temperature at the touch of a button. Vari-Broil temperature control allows you to choose between two heat levels.    Large 3.3 cu. ft. large oven gives you more room to cook multiple items at once    Ready-Select Controls allow you easily select options and control cooking temperature Ready-Select Controls allow you easily select options and control cooking temperature    Vari-Broil temperature control lets you select from 2 heat levels, allowing you to tailor the broiler to your specific cooking needs    Convenient storage drawer gives you extra storage space for your cookware    Includes 2, 3 and 4-hour Self Clean cycle options so you can set the oven to begin cleaning on your schedule    Large oven window lets you easily see whats inside without opening the oven door    Halogen lighting keeps contents of the oven clearly visible so it's easy to monitor cooking progress    Includes 2 oven racks that can be placed into 5 different configurations for additional flexibility and convenience Includes 2 oven racks that can be placed into 5 different configurations for additional flexibility and convenience    Convenient kitchen timer allows you to time cooking between 1 minute and 12 hours Convenient kitchen timer allows you to time cooking between 1 minute and 12 hours    1 year limited manufacturer's warranty    Please contact your local store with your Order number for installation options     Click here for more information on Electronic Recycling Programs       California residents", "price": "$1799.00", "number": "306065234", "spec_str": "{'cut-out_front_to_back_depth_(in.)': '23.5', 'cut-out_height_(in.)': '37.5', 'cut-out_left_to_right_width_(in.)': '22', 'depth_with_door(s)_open_90_degrees_(in.)': '46.625', 'oven_interior_depth_(in)': '18.75', 'oven_interior_height_(in)': '17', 'oven_interior_width_(in)': '17.75', 'product_depth_(in.)': '25.375', 'product_height_(in.)': '38.438', 'product_width_(in.)': '23.88', 'wall_oven_size': '24 in.', 'appliance_category': 'Wall Oven', 'appliance_type': 'Single Wall Gas Oven', 'capacity_of_oven_(cu._ft.)': '3.3', 'cleaning_type': 'Self Cleaning', 'color/finish': 'Stainless Steel', 'color/finish_family': 'Stainless Steel', 'commercial/residential': 'Residential', 'fuel_type': 'Gas', 'included': 'No Additional Items Included', 'number_of_oven_racks': '2', 'oven_cleaning_options': 'Self-Cleaning', 'oven_control_type': 'Digital', 'oven_cooking_process': 'Standard', 'oven_features': 'Broiler in Oven,Safety Lock', 'oven_settings': 'No Specialty Settings', 'product_weight_(lb.)': '170', 'rack_positions': '5', 'returnable': 'Non-Returnable', 'certifications_and_listings': 'CSA Listed'}"}