{"source_link": "https://www.homedepot.com/p/LG-Electronics-30-in-Electric-Convection-and-EasyClean-Wall-Oven-with-Built-In-Microwave-in-Stainless-Steel-LWC3063ST/306529063", "title": "30 in. Electric Convection and EasyClean Wall Oven with Built-In Microwave in Stainless Steel", "brand": "LG Electronics", "image": "https://images.thdstatic.com/productImages/645534c8-a9ba-407c-8bab-b0ba3b63680f/svn/stainless-steel-lg-electronics-smart-cooking-lwc3063st-64_600.jpg", "breadcrumbs": "Home,Smart Home,Smart Appliances,Smart Wall Ovens", "description": "The extraordinary performance and design of this LG microwave and wall oven combination make it a standoutyet it still integrates seamlessly into your kitchen. From the luxury finish and pro-style knobs to the EasyClean brilliant blue interior, every detail has been crafted with your style in mind. With LGs 4-Mode crisp convection system you can be confident every dish will come out with extraordinary precision.    Conquer large meals with room to spare with this large 4.7 cu.ft. capacity oven.    Intuitive SmoothTouch glass controls not only look sleek but makes operating your range a snap with just a touch of your finger. Best of all they have been designed with practicality in mind the smooth surface easily wipes clean.    LG EasyClean brings you the fastest oven-cleaning feature yet. In three easy steps and 10 quick minutes your oven can be sparkling clean, without strong chemical fumes or high heat. Simply spray the oven interior with water, press EasyClean and then in 10 minutes, quickly wipe away any leftover grime. And you can still use the traditional self-clean cycle for the occasional deep clean.    A premium range should meet your needs and look beautiful doing it. The Brilliant Blue Interior provides an upscale look with premium interior design.    Wi-Fi enabled which allows you to monitor your range or oven remotely with an ingenious smartphone app. You can check the status of your oven or cooktop anytimeanywhere.    SmartDiagnosis helps the service center diagnose problems over the phone, helping you troubleshoot quickly.    LGs Infrared Heating technology is a fast and flavorful alternative to outdoor cooking.    Bright LED lighting makes it easy to check on the progress of your food while offering greater energy efficiency than traditional lighting.    The adjustable full extension rack glides out effortlessly and extends over the open oven door for easy access to food. Now you can baste and check on food from a safer distance.    No Preheating, Up to 20% Faster Cooking. With LGs Infrared Heating system the element locks in juices while cutting up to 20% off of your cooking timewith no preheating required.    Bring one of the healthiest ways to cook to your kitchen; steam cooking evenly distributes moisture and pairs perfectly with the true convection system for food that's golden outside and tender inside    Please call your local store with your Order # to schedule installation for this item               Click here for more information on Electronic Recycling Programs       California residents", "price": "$3899.00", "number": "306529063", "spec_str": "{'capacity_of_microwave_(cu._ft.)': '1.7', 'cut-out_front_to_back_depth_(in.)': '23.5', 'cut-out_height_(in.)': '43.42', 'cut-out_left_to_right_width_(in.)': '29.80', 'depth_with_door(s)_open_90_degrees_(in.)': '46.00', 'microwave_interior_depth_(in)': '17.38', 'microwave_interior_height_(in)': '8.36', 'microwave_interior_width_(in)': '20.72', 'oven_interior_depth_(in)': '18.88', 'oven_interior_height_(in)': '17.63', 'oven_interior_width_(in)': '24.50', 'product_depth_(in.)': '24.5 in', 'product_height_(in.)': '43.82 in', 'product_width_(in.)': '29.75 in', 'wall_oven_size': '30 in.', 'amperage_(amps)': '40 A', 'appliance_type': 'Microwave &amp; Electric Oven Combo', 'capacity_of_oven_(cu._ft.)': '6.4', 'cleaning_type': 'Self Cleaning', 'color/finish': 'Stainless Steel', 'color/finish_family': 'Stainless Steel', 'commercial/residential': 'Residential', 'fuel_type': 'Electric', 'light_source': 'Halogen', 'microwave_control_type': 'Digital', 'microwave_door_release': 'Pull', 'microwave_features': 'Auto-Touch Control Panel,Convection Oven,Microwave Rack', 'microwave_settings': 'Defrost,Speed Cook', 'microwave_size': 'Large', 'microwave_wattage_(watts)': '1500', 'number_of_oven_racks': '3', 'number_of_power_levels': '10', 'oven_cleaning_options': 'Self-Cleaning', 'oven_control_type': 'Digital', 'oven_cooking_process': 'Standard', 'oven_features': 'Broiler in Oven,Gliding/Roll Out Racks,Oven Temperature Probe', 'oven_settings': 'Proofing Mode,Sabbath Mode,Steam Oven', 'power_options': 'Hardwired', 'product_weight_(lb.)': '244 lb', 'rack_positions': '5', 'remote_access': 'Remote Access', 'requires_hub?': 'No Hub Required', 'returnable': 'Non-Returnable', 'smart_home': 'Smart Home Enabled', 'smart_home_protocol': 'Wi-Fi', 'vent_location': 'Side', 'voice_control_hub_required': 'No Hub Required for Voice Control', 'voltage_(volts)': '240 V', 'wattage_(watts)': '120 W', 'works_with': 'Alexa, Google, SmartThinQ', 'certifications_and_listings': 'ADA Compliant,UL Listed', 'manufacturer_warranty': '1 Year Parts &amp; Labor'}"}