{"source_link": "https://www.homedepot.com/p/ZLINE-Kitchen-and-Bath-24-1-2-cu-ft-Built-in-Microwave-Drawer-in-Stainless-Steel-MWD-1/307395088", "title": "24\" 1.2 cu. ft. Built-in Microwave Drawer in Stainless Steel", "brand": "ZLINE Kitchen and Bath", "image": "https://images.thdstatic.com/productImages/d50dd93b-4613-4adb-84f8-d7837aac19b4/svn/stainless-steel-zline-kitchen-and-bath-commercial-countertop-mwd-1-64_600.jpg", "breadcrumbs": "Home,Appliances,Microwaves,Microwave Drawers", "description": "Luxury is made attainable with the ZLINE Professional Stainless Steel Microwave Drawer. Seamlessly integrate this cooking essential to perfectly fit into your kitchen design with installation flexibility. The under-counter built-in installation provides a clutter-free countertop and a sleek, modern look. Enjoy an easily-accessible LCD button display and an effortless open and close operation. This top loading microwave drawer provides unmatched convenience and space-saving qualities to enhance your kitchen experience. Make every meal a masterpiece with superb professional cooking with 11 power levels, multiple defrost settings, and 1,000 watt cooking power. The MWD-1 Microwave Drawer ships next business day when in stock.    Open the drawer with a touch of a button - easy to use open and close buttons for added convenience    Space-saving microwave designed to be seamlessly installed built-in under a counter or in a wall    Choose from 11 power levels for the perfect power option for your cooking needs    Features 1,000 watt cooking power for fast cooking    Boil water as quickly as 1 minute and 50 seconds with standard microwave settings    Easy to use glass touch controls and LED display    Easily melt or soften butter, chocolate, ice cream, cheese, or marshmallows with pre-programmed settings    Enjoy multiple microwave modes such as defrost, popcorn, and beverage heating    With 1.2 cu ft capacity, the interior accommodates coffee mugs up to 7 inches tall and dishes up to 16 x 16 inches    2 year parts warranty    Defrosting rack included    ETL Listed and ADA Compliant                       ", "price": "$1349.95", "number": "307395088", "spec_str": "{'capacity_of_microwave_(cu._ft.)': '1.2', 'depth_with_door(s)_open_90_degrees_(in.)': '38.5', 'interior_depth_(in.)': '17', 'interior_height_(in.)': '7', 'interior_width_(in.)': '17.25', 'product_depth_(in.)': '25 in', 'product_height_(in.)': '14.6 in', 'product_width_(in.)': '24 in', 'appliance_category': 'Microwave', 'appliance_type': 'Microwave Drawer', 'color/finish': 'Stainless Steel', 'color/finish_family': 'Stainless Steel', 'compatible_trim_kit_model_number': 'TK-MWD', 'controls_location': 'Hidden Controls', 'door_swing/style': 'Pull-Out', 'interior_light_type': 'LED', 'microwave_door_release': 'Pull', 'microwave_features': 'Auto-Touch Control Panel', 'microwave_settings': 'Defrost,Popcorn,Sensor Cook', 'microwave_size': 'Medium', 'number_of_one-touch_settings': '4', 'number_of_power_levels': '11', 'product_weight_(lb.)': '70.5 lb', 'returnable': '90-Day', 'vent_location': 'Back', 'wattage_(watts)': '900 W', 'certifications_and_listings': 'ADA Compliant,ETL Listed', 'manufacturer_warranty': '2 Year Parts Warranty', 'safety_listing': 'ETL'}"}