{"source_link": "https://www.homedepot.com/p/Frigidaire-2-2-cu-ft-Built-In-Microwave-in-Stainless-Steel-FGMO226NUF/307587840", "title": "2.2 cu. ft. Built-In Microwave in Stainless Steel", "brand": "Frigidaire", "image": "https://images.thdstatic.com/productImages/36fefaf8-88f4-49db-b7e5-94bdfc46b190/svn/smudge-proof-stainless-steel-frigidaire-built-in-microwaves-fgmo226nuf-64_600.jpg", "breadcrumbs": "Home,Appliances,Microwaves,Built-In Microwaves", "description": "Save on time and effort by making dinner with the push of a button with the Frigidaire Built-In Microwave Oven. This model makes your kitchen look great and efficient in function. The sensors in this microwave prevent over-heating errors by sensing the moisture in your food. This makes sure your dishes taste great, but also prevents the nasty smells of overcooked food that tend to linger in a microwave.    Fits-More Microwave: Extra-large microwave provides 2.2 cu. ft. of cooking space    Over 30 Setting Options: Offers multiple settings to meet your cooking needs, including chicken nuggets and snacks    Effortless Reheat: Reheat almost anything at the touch of a button    Sensor Cooking Options: Microwave automatically adjusts power levels and cooking times to cook a variety of items, effortlessly    1-Touch Options: Our microwaves feature easy-to-use one-touch buttons so you can cook baked potatoes, popcorn or even add 30 seconds with the touch of a button    1-Touch Keep Warm Setting: Just one touch of a button keeps food warm until everything - and everyone - is ready    Smudge-Proof Stainless Steel: Resists fingerprints and cleans easily    LED display: Offers a clear view of available settings    Included turntable ensures even heating by rotating and turning food as it cooks, helping to deliver properly prepared, delicious dishes    Child lock feature    Complies with 2016 DOE Energy Conservation Standards    Please contact your local store with your Order number for installation options     Click here for more information on Electronic Recycling Programs       California residents", "price": "$459.00", "number": "307587840", "spec_str": "{'capacity_of_microwave_(cu._ft.)': '2.2', 'cut-out_front_to_back_depth_(in.)': '19.6', 'cut-out_height_(in.)': '13.6', 'cut-out_left_to_right_width_(in.)': '24.4375', 'depth_with_door(s)_open_90_degrees_(in.)': '40.9', 'interior_depth_(in.)': '19.125', 'interior_height_(in.)': '11.25', 'interior_width_(in.)': '17.875', 'product_depth_(in.)': '19.6', 'product_height_(in.)': '13.6', 'product_width_(in.)': '24.4375', 'turntable_width_(in.)': '16 in', 'appliance_category': 'Microwave', 'appliance_type': 'Built-In Microwave', 'color/finish': 'Smudge-Proof Stainless Steel', 'color/finish_family': 'Stainless Steel', 'compatible_trim_kit_model_number': 'MWTK30FGUD', 'controls_location': 'Side Controls', 'door_swing/style': 'Right to Left Swing', 'interior_light_type': 'LED', 'microwave_door_release': 'Push Button', 'microwave_features': 'Fingerprint Resistant,One Touch Cooking,Turntable', 'microwave_settings': 'Defrost,Popcorn,Sensor Cook', 'microwave_size': 'Medium', 'number_of_one-touch_settings': '9', 'number_of_power_levels': '9', 'product_weight_(lb.)': '49', 'returnable': 'Non-Returnable', 'vent_location': 'Back', 'wattage_(watts)': '1100 W', 'certifications_and_listings': 'UL Listed,cUL Listed', 'manufacturer_warranty': '1 Year limited Parts &amp; Labor', 'safety_listing': 'No Safety Listings'}"}