{"source_link": "https://www.homedepot.com/p/FRIGIDAIRE-GALLERY-1-6-cu-ft-Built-in-Microwave-in-Stainless-Steel-with-Drop-Down-Door-FGMO3067UF/307747316", "title": "1.6 cu. ft. Built in Microwave in Stainless Steel with Drop Down Door", "brand": "FRIGIDAIRE GALLERY", "image": "https://images.thdstatic.com/productImages/d42e7a6c-3047-4605-8226-2833655f98d6/svn/smudge-proof-stainless-steel-frigidaire-gallery-built-in-microwaves-fgmo3067uf-64_600.jpg", "breadcrumbs": "Home,Appliances,Microwaves,Built-In Microwaves", "description": "This Frigidaire Gallery 30 in. Stainless Steel Built-In Microwave Oven With Drop-Down Door comes with Interior LED Lighting and Sensor cooking technology. The Extra-large microwave provides 1.6 cu. ft. of cooking space and the exterior Smudge proof Stainless Steel resists fingerprints and cleans easily.    Fits-More Microwave: Extra-large microwave provides 1.6 cu. ft. of cooking space    Interior LED Lighting: LED interior microwave light stays on while your dish cooks.    Sensor Cooking Options: Microwave automatically adjusts power levels and cooking times to cook a variety of items, effortlessly    Smudge-Proof Stainless Steel: Resists fingerprints and cleans easily    Drop-Down Door: Faster, easier access to what you are cooking with the Drop Down Door configuration.    Extra-Large 14 in. 3/16 Diameter Glass Turntable: Big bowls and large casserole dishes are no problem for our extra-large glass turntable. It rotates for even cooking.    Effortless Reheat: Reheat almost anything at the touch of a button    Approved Over Frigidaire Electric Wall Ovens: Approved for installation above any of our Single Electric Wall Ovens    9 Power Levels    5 Cook Options: Bacon, Frozen Dinner, Rice, Frozen Breakfast, Frozen Pizza    Please contact your local store with your Order number for installation options     Click here for more information on Electronic Recycling Programs       California residents", "price": "$1124.00", "number": "307747316", "spec_str": "{'capacity_of_microwave_(cu._ft.)': '1.6', 'cut-out_front_to_back_depth_(in.)': '19.75', 'cut-out_height_(in.)': '19.25', 'cut-out_left_to_right_width_(in.)': '30', 'depth_with_door(s)_open_90_degrees_(in.)': '19.75', 'interior_depth_(in.)': '16.53', 'interior_height_(in.)': '9.84', 'interior_width_(in.)': '16.53', 'product_depth_(in.)': '19.75', 'product_height_(in.)': '19.25', 'product_width_(in.)': '30', 'turntable_width_(in.)': '14 in', 'appliance_category': 'Microwave', 'appliance_type': 'Built-In Microwave', 'color/finish': 'Smudge-Proof Stainless Steel', 'color/finish_family': 'Stainless Steel', 'compatible_trim_kit_model_number': 'FRIGSPLAT', 'controls_location': 'Top Controls', 'door_swing/style': 'Drop Down', 'interior_light_type': 'LED', 'microwave_door_release': 'Pull', 'microwave_features': 'Fingerprint Resistant,One Touch Cooking,Turntable,With Trim Kit', 'microwave_settings': 'Defrost,Popcorn', 'microwave_size': 'Large', 'number_of_one-touch_settings': '24', 'number_of_power_levels': '9', 'product_weight_(lb.)': '87', 'returnable': 'Non-Returnable', 'vent_location': 'Front', 'wattage_(watts)': '950 W', 'certifications_and_listings': 'No Certifications or Listings', 'manufacturer_warranty': '1 year Limited Parts &amp; Labor', 'safety_listing': 'No Safety Listings'}"}