{"source_link": "https://www.homedepot.com/p/GE-4-2-cu-ft-White-Top-Load-Washing-Machine-with-Stainless-Steel-Basket-GTW335ASNWW/308653937", "title": "4.2 cu. ft. White Top Load Washing Machine with Stainless Steel Basket", "brand": "GE", "image": "https://images.thdstatic.com/productImages/3fa49413-771b-4a18-88fa-15996556141b/svn/white-ge-top-load-washers-gtw335asnww-64_600.jpg", "breadcrumbs": "Home,Appliances,Washers &amp; Dryers,Washing Machines,Top Load Washers", "description": "GE appliances provide up-to-date technology and exceptional quality to simplify the way you live. With a timeless appearance, this family of appliances is ideal for your family. And, coming from one of the most trusted names in America, you know that this entire selection of appliances is as advanced as it is practical.    The largest capacity in its class - class is defined as washers up to a $649 MSRP    Deep clean cycle - achieve the ultimate deep clean for your toughest laundry loads with 67% more cleaning power than the most commonly used cycle, colors, normal cycle    Capacity - wash large items and do laundry less often with a large 4.2 cu. ft. of capacity    Water level/load size - take the guesswork out of choosing the right water level with PreciseFill or manually select any water level for maximum cleaning performance    Deep rinse - ensure clothes are thoroughly rinsed free of detergent, fabric softener and other additives    Heavy-duty agitator - thoroughly clean every load thanks to a powerful washing motion    Stainless steel basket - long-lasting, durable stainless steel resists rust and wont chip, peel or snag clothes    11 wash cycles - choose from 11 wash cycles that accommodate every load type    6 water temperatures - pick the water temperature you prefer and wash your way    700 RPM spin speed - efficiently remove water and minimize drying time with a fast spin speed    Bleach and fabric softener dispensers - improve results with dispensers that automatically release bleach and fabric softener at the optimal point during the wash cycle    Cycle status lights - easily track your wash cycle with lights that indicate fill, soak, wash, rinse or spin status with just a glance    44 in. H x 27 in. W x 27 in. D    Limited 1-year entire appliance warranty      California residents", "price": "$599.00", "number": "308653937", "spec_str": "{'capacity_-_washer_(cu._ft.)': '4.2', 'height_with_lid_open_90_degrees_(in)': '54', 'product_depth_(in.)': '27 in', 'product_height_(in.)': '44 in', 'product_width_(in.)': '27 in', 'agitator/impeller_type': 'Agitator', 'amperage_(amps)': '15 A', 'appliance_category': 'Washer', 'appliance_type': 'Top Load Washer', 'color/finish': 'White', 'color/finish_family': 'White', 'control_type': 'Electronic', 'door_material': 'Aluminized Steel', 'energy_consumption_(kwh/year)': '187', 'energy_efficiency_tier_rating': 'Not CEE rated', 'included': 'Hoses,Power Cord', 'item_package_quantity': '1', 'maximum_spin_speed_(rpm)': '700', 'number_of_rinse_cycles': '2', 'number_of_rinse_temperatures': '6', 'number_of_wash_cycles': '11', 'number_of_wash_speeds': '2', 'number_of_wash_temperatures': '6', 'product_weight_(lb.)': '147 lb', 'returnable': 'Non-Returnable', 'stackable': 'Not Stackable', 'steam_function': 'No Steam', 'voltage_(volts)': '120', 'wash_cycles': 'Bulky Items,Colors,Delicates,Light,Normal,Rinse &amp; Spin,Speed Wash,Whites', 'washer_dispensers': 'Not Available', 'washer_features': 'Adaptive Fill,Adjustable Legs,Control Lock,Cycle Status Indicator,Spin Speed Option', 'washer_tub/drum_material': 'Stainless Steel Drum', 'certifications_and_listings': 'UL Listed', 'manufacturer_warranty': '1 Year'}"}