{"source_link": "https://www.homedepot.com/p/GE-4-5-cu-ft-High-Efficiency-White-Top-Load-Washing-Machine-with-Stainless-Steel-Basket-GTW465ASNWW/308653940", "title": "4.5 cu. ft. High-Efficiency White Top Load Washing Machine with Stainless Steel Basket", "brand": "GE", "image": "https://images.thdstatic.com/productImages/cedebd73-e771-4c51-b98d-e61678d43baa/svn/white-ge-top-load-washers-gtw465asnww-64_600.jpg", "breadcrumbs": "Home,Appliances,Washers &amp; Dryers,Washing Machines,Top Load Washers", "description": "GE appliances provide up-to-date technology and exceptional quality to simplify the way you live. With a timeless appearance, this family of appliances is ideal for your family. And, coming from one of the most trusted names in America, you know that this entire selection of appliances is as advanced as it is practical.    Deep fill - enjoy total control and customization of your water levels with the touch of a button that lets you add just a little extra water or fill the tub    Deep clean cycle - achieve the ultimate deep clean for your toughest laundry loads with 67% more cleaning power than the most commonly used cycle; colors, normal cycle    Speed wash - save time when you are in a hurry with a quick wash for lightly soiled items    Deep rinse - ensure clothes are thoroughly rinsed free of detergent, fabric softener and other additives    2nd rinse - ensure removal of detergent, bleach and other additives with an optional extra rinse after the wash cycle    Auto soak - loosen stains by soaking for 15 minutes 30 minutes, one hour, or two hours for optimal stain removal    Water level/load size - take the guesswork out of choosing the right water level with PreciseFill or manually select any water level for maximum cleaning performance    Dual-action agitator - achieve a thorough clean every time with an agitator that enables a reversing, powerful wash action    700 RPM spin speed - efficiently remove water and minimize drying time with a fast spin speed    14 wash cycles - choose from 14 wash cycles to accommodate any load type    6 water temperatures - pick the water temperature you prefer and wash your way    44 in. H x 27 in. W x 27 in. D    Limited 1-year entire appliance warranty      California residents", "price": "$674.00", "number": "308653940", "spec_str": "{'capacity_-_washer_(cu._ft.)': '4.5', 'height_with_lid_open_90_degrees_(in)': '54', 'product_depth_(in.)': '27 in', 'product_height_(in.)': '44 in', 'product_width_(in.)': '27 in', 'agitator/impeller_type': 'Agitator', 'amperage_(amps)': '10 A', 'appliance_category': 'Washer', 'appliance_type': 'Top Load Washer', 'color/finish': 'White', 'color/finish_family': 'White', 'control_type': 'LED', 'door_material': 'Aluminized Steel', 'energy_consumption_(kwh/year)': '284', 'energy_efficiency_tier_rating': 'Not CEE rated', 'included': 'Power Cord', 'item_package_quantity': '1', 'maximum_spin_speed_(rpm)': '750', 'number_of_rinse_cycles': '6', 'number_of_rinse_temperatures': '1', 'number_of_wash_cycles': '14', 'number_of_wash_speeds': '2', 'number_of_wash_temperatures': '6', 'product_weight_(lb.)': '147 lb', 'returnable': 'Non-Returnable', 'stackable': 'Not Stackable', 'steam_function': 'No Steam', 'voltage_(volts)': '120', 'wash_cycles': 'Active Wear,Bulky Items,Colors,Deep Fill,Delicates,Light,Normal,Rinse &amp; Spin,Speed Wash,Towels and Sheets,Whites', 'washer_dispensers': 'Bleach,Fabric Softener', 'washer_features': 'Adaptive Fill,Adjustable Legs,End-Of-Cycle Signal,Rear Control', 'washer_tub/drum_material': 'Stainless Steel Drum', 'certifications_and_listings': 'UL Listed', 'manufacturer_warranty': 'Limited 1-year entire appliance'}"}