{"source_link": "https://www.homedepot.com/p/Samsung-28-cu-ft-4-Door-French-Door-Refrigerator-in-Fingerprint-Resistant-Stainless-Steel-RF28R7201SR/308743988", "title": "28 cu. ft. 4-Door French Door Refrigerator in Fingerprint Resistant Stainless Steel", "brand": "Samsung", "image": "https://images.thdstatic.com/productImages/a96028e5-d3c2-4066-85d8-b4f76aa3a914/svn/fingerprint-resistant-stainless-steel-samsung-french-door-refrigerators-rf28r7201sr-64_600.jpg", "breadcrumbs": "Home,Appliances,Refrigerators,French Door Refrigerators", "description": "A refrigerator that is beautifully designed, with a modern dispenser, polished door, and sleek handles. The FlexZone Drawer helps keep a variety of food organized. Now available in beautiful Tuscan Stainless.    FlexZoneDrawer - Aflexible storage drawer with 4 different temperature settings and an adjustable Smart Divider to stay organized    Adjustable shelves go from standard to slide-in or flip-up, to store tall items with ease    Wi-Fi and Bixby Enabled - Use your smartphone tocontrol the temperature and monitor your refrigerator remotely    Fingerprint Resistant Finish - A special finish to reduce smudges and minimize cleaning    High-Efficiency LED lighting designed to beautifully light up the interior of your fridge so youre able to quickly spot what you want    Accessibility (ADA Compliant) - Easy to reach controls for everyone    Twin Cooling Plus - Near-commercial grade humidity levels, helps prevent spoiling and freezer burn    Ice Max - Large capacity, storesup to 4.8 lbs. of ice    ENERGY STAR Certified - Eco-friendly and energy-efficient    Fingerprint resistant finish available in 3 colors: Stainless Steel, Black Stainless Steel, and beautiful new Tuscan Stainless Steel    Refrigerator Capacity 15.9 Cu. Ft    Mid Drawer Capacity 3.8 Cu. Ft    Freezer Capacity 8.3 Cu. Ft     Click Here for details on the services included with Delivery &amp; Basic Hook-up and Installation options for Major Appliances     Click here to learn more about  Eco Options and Energy Efficiency      Click here for more information on Electronic Recycling Programs       California residents", "price": "$2398.00", "number": "308743988", "spec_str": "{'depth_(excluding_handles)': '34 in', 'depth_(including_handles)': '36.5', 'depth_(less_door)': '29.4', 'depth_with_door_open_90_degrees_(in)': '48.25', 'height_to_top_of_door_hinge_(in.)': '70 in', 'height_to_top_of_refrigerator_(in.)': '68.8 in', 'product_depth_(in.)': '36.5', 'product_height_(in.)': '70', 'product_width_(in.)': '35.75', 'refrigerator_width_(in.)': '35.75 in', 'appliance_category': 'Refrigerator', 'appliance_type': 'French Door Refrigerator', 'built-in_and_standard_type': 'French Door', 'color_-_appliance_cabinet': 'Stainless', 'color_-_door_handle(s)': 'Fingerprint Resistant Stainless Steel', 'color/finish': 'Fingerprint Resistant Stainless Steel', 'color/finish_family': 'Stainless Steel', 'defrost_type': 'Auto / Cycle', 'door_finish': 'Smooth', 'energy_consumption_(kwh/year)': '755', 'energy_efficiency_tier_rating': 'Not CEE rated', 'freezer_capacity_(cu._ft.)': '8.3', 'freezer_door_type': 'Pull Out Drawer', 'freezer_features': 'Adjustable Leveling Legs,Adjustable Temperature Control,LED Light Type,Sliding-Bulk Storage Baskets', 'freezer_type': 'Drawer Freezer', 'general_features': 'Child Lock,Door Alarm,Hidden Hinge,LED Light Type,Wheels', 'ice_maker_features': 'Automatic Ice Level Control/Shutoff,Control Lockout,Filtered Ice,Ice Maker', 'ice_maker_type': 'Single Ice Maker', 'ice/water_dispenser': 'Both', 'indoor/outdoor': 'Indoor', 'installation_depth': 'Standard Depth', 'number_of_doors': '4 Door', 'number_of_drawers': 'Double Drawer', 'number_of_freezer_baskets/bins': '1 Basket/Bin', 'number_of_freezer_shelves': 'No Shelves', 'number_of_refrigerator_shelves': '5 Shelves', 'operational_features': 'Dual Evaporated Cooling System,Humidity Controlled Crisper,LED Controls', 'product_weight_(lb.)': '328 lb', 'refrigeration_dispenser_features': 'Crushed Ice,Cubed Ice,Dispenser Control Lock-Out,Dispenser Location-In Door,Filtration Replacement Indicator Light,Filtration System,Water Dispenser,Water Filtration', 'refrigerator_capacity_(cu._ft.)': '15.9 cu ft', 'returnable': 'Non-Returnable', 'shelf_material_-_freezer': 'No Shelf', 'shelf_material_-_refrigerator': 'Glass', 'storage_features': 'Adjustable Door Storage,Deli Drawer,Gallon Door Storage,Removable Shelves,Slide-Out Fresh Food Shelves,Spill Proof Shelves', 'temperature_control_type': 'External Electric', 'total_capacity_(cu._ft.)': '28 cu ft', 'water_filter_replacement_model#': 'HAF-QIN', 'certifications_and_listings': 'ADA Compliant,Energy Star', 'manufacturer_warranty': 'Five (5) years Parts and Labor on sealed Refrigeration system only*Ten (10) years Part and Five (5) years Labor on Digital Inverter Compressor(*Compressor, evaporator, condenser, drier, connecting tubing)'}"}