{"source_link": "https://www.homedepot.com/p/LG-Electronics-7-3-cu-ft-Ultra-Large-Graphite-Steel-Smart-Electric-Vented-Dryer-with-EasyLoad-Door-and-Sensor-Dry-ENERGY-STAR-DLE7300VE/308716454", "title": "7.3 cu. ft. Ultra Large Graphite Steel Smart Electric Vented Dryer with EasyLoad Door and Sensor Dry, ENERGY STAR", "brand": "LG Electronics", "image": "https://images.thdstatic.com/productImages/c634764f-164c-419d-9f0d-92da735e00c6/svn/graphite-steel-lg-electronics-electric-dryers-dle7300ve-64_600.jpg", "breadcrumbs": "Home,Appliances,Washers &amp; Dryers,Dryers,Electric Dryers", "description": "No one said laundry day was easy-but LG dryer innovations might just change your mind. It starts with the flexible LG EasyLoad door that opens 2 ways for easy loading and unloading. LG Sensor Dry system measures the amount of moisture levels throughout the cycle and automatically adjusts the drying time. One touch says it all: perfectly dry clothes.     2022 LG Cleanup Promo - purchase LG washer and dryer with an eligible LG stick vacuum and receive an instant rebate up to $700     Do laundry a little less often, with 7.3 cu. ft. of capacity, this dryer handles really large loads, saving you time and energy    Load and unload the way you want to with the dual-opening options of the LG EasyLoad dryer door    Sensor dry system measures the moisture levels during the cycle and automatically adjusts the drying time    Monitor or stop your dryer anytime anywhere    Intuitive dial-a-cycle controls and easy to read dual LED display indicators help you find the right setting every time    Heat is on - SmartThinQ technology lets you monitor your dryer remotely and update it with the hottest innovations    Aluminized alloy steel drum has toughness and an attractive finish that will last for years    Just pop your dry clothes in for a tumble on the wrinkle care option to reduce creases    Troubleshoot quickly and efficiently with SmartDiagnosis    3-minute smart installation check feature ensures that the dryer has been installed properly and is working correctly    With the FlowSense duct clogging indicator you'll know when it's time to clean the ducts out to ensure great drying every time    Even quieter, there's no need for laundry to be noisy, the LG LoDecibel motor: chances are you may not even notice it    When your dryer uses about 20% less energy, you're going to make an impact on your utility bills, your energy consumption and most importantly, the environment    Setup an LG service appointment to reverse the EasyLoad dryer door, free of charge, Monday-Friday (excluding Public Holidays) 8:00 am to 6:00 pm CST at 800-243-0000. Reference MODEL# DLE7300VE.    ENERGY STAR                                Click here for more information on Electronic Recycling Programs       California residents", "price": "$998.00", "number": "308716454", "spec_str": "{'depth_with_door_open_90_degrees_(in)': '50.25 in', 'door_opening_height_(in.)': '17.25', 'door_opening_width_(in.)': '19.5', 'product_depth_(in.)': '29.5 in', 'product_height_(in.)': '44.25 in', 'product_width_(in.)': '27 in', 'amperage_(amps)': '30 A', 'appliance_category': 'Dryer', 'appliance_type': 'Electric Dryer', 'capacity_-_dryer_(cu._ft.)': '7.3', 'color/finish': 'Graphite Steel', 'color/finish_family': 'Gray', 'control_type': 'Electronic', 'door_material': 'Solid Surface', 'door_shape': 'Square Door', 'door_style': 'Reversible', 'dry_cycles': 'Air Fluff,Bedding,Bulky Items,Cotton,Delicates,Heavy Duty,Permanent Press,Quick Dry,Sanitize,Wrinkle Free', 'dryer_drum_material': 'Aluminized Alloy Steel Drum', 'dryer_features': 'Control Lock,Damp Alert,Digital Cycle Countdown,Interior Light,Sensor Dry,Wi-Fi Enabled', 'dryer_fuel_type': 'Electric', 'exhaust_vent_location': 'Left Side,Rear,Right Side', 'included': 'No Additional Items Included', 'lint_filter_location': 'Top', 'matching_washer_type': 'Top Load Matching', 'number_of_drying_cycles': '8', 'number_of_drying_temperatures': '8', 'pedestal_model#': 'N/A', 'power_options': 'Hardwired', 'product_weight_(lb.)': '129.8 lb', 'remote_access': 'Remote Access', 'requires_hub?': 'No Hub Required', 'returnable': 'Non-Returnable', 'smart_home': 'Smart Home Enabled', 'smart_home_protocol': 'Wi-Fi', 'stackable': 'Not Stackable', 'stacking_kit_model#': 'N/a', 'steam_function': 'No Steam', 'vent_type': 'Vented', 'voice_control_hub_required': 'No Hub Required for Voice Control', 'voltage_(volts)': '240', 'works_with': 'Alexa, Google, SmartThinQ', 'certifications_and_listings': 'CSA Listed,Energy Star', 'manufacturer_warranty': '1 Year Limited Warranty Parts &amp; Labor'}"}