{"source_link": "https://www.homedepot.com/p/Cafe-30-in-7-0-cu-ft-Smart-Slide-In-Double-Oven-Gas-Range-with-Self-Cleaning-and-Lower-Convection-Oven-in-Stainless-Steel-CGS750P2MS1/308803543", "title": "30 in. 7.0 cu. ft. Smart Slide-In Double-Oven Gas Range with Self-Cleaning and Lower Convection Oven in Stainless Steel", "brand": "Cafe", "image": "https://images.thdstatic.com/productImages/6f08c028-3321-44bb-b0eb-f1cd0e866556/svn/stainless-steel-cafe-double-oven-gas-ranges-cgs750p2ms1-64_600.jpg", "breadcrumbs": "Home,Smart Home,Smart Appliances,Smart Cooking", "description": "Nothing about your personal style is standard. So why should your appliances be? Created for those who want to reflect their true style in every room of their home, Caf\u00e9 is distinct by design. Choose between two bold collections. The Customizable Professional Collection boasts a distinct line of hardware options, and the Modern Glass Collection features a seamless, contemporary design. Backed by showstopping features, every Caf\u00e9 appliance gives you the form and the function you've been craving.    Create dinners and desserts at the exact same time - From everyday gourmet meals to large dinner parties, achieve impressive results with two independent ovens with a total capacity of 7.0 cu. ft. for true cooking flexibility, along with the accurate heat circulation of True European Convection with Precise Air in the lower oven    An attractive appearance at all times - Every detail of your kitchen is designed to delight, thanks to a sleek backlit glass touch control panel that visually disappears when not in use and wakes up when prompted    Enjoy total control in the kitchen and beyond - Control your oven with your smart device or simply your voice using Wi-Fi Connect    Expansive six-burner cooktop helps you entertain with ease - Entertaining for large groups is easy with the industry's first six burner, edge-to-edge cooktop that can accommodate cookware of all sizes and a cast-iron integrated griddle that provides enough room to perfectly flip crab cakes, arepas and other crowd favorites    Share favorite creations with your favorite people - Create an unforgettable dinner, using a 21K triple ring burner to do everything from searing scallops to simmering a lemon caper white wine sauce and a 15K power boil burner to boil water quickly for al dente angel hair pasta    Prepare foods to perfect doneness - Get roasts and meats just right with a temperature probe that lets you monitor progress without opening the oven door    Create a look that matches your personal style - Select any combination of premium finishes and hardwareoptionsto create a stunning look customized to any owners taste    Durable racks that make cleaning easy - Easily remove everything from heavy roasts to delicate desserts with self- clean racks that stay in the oven during the self-clean cycle    Allow your appliances to interact with one another - Create a chef-like experience with Chef Connect, which can synchronize your appliance clocks and surface lights and vent when a range burner is in use, and even your microwave and range clocks    Choose the range you want with total confidence - When you're updating your kitchen, attention to detail is a priority. Thats why Cafe 30 slide-in ranges are guaranteed for an exact fit or Cafe Appliances will pay up to $300 toward modifications    Limited 1-year entire appliance warranty    Installation is not available in all locations. See store for details.      California residents", "price": "$3328.00", "number": "308803543", "spec_str": "{'depth_with_door(s)_open_90_degrees_(in.)': '43.875', 'lower_oven_interior_depth_(in)': '20.625', 'lower_oven_interior_height_(in.)': '15', 'lower_oven_interior_width_(in.)': '24', 'product_depth_(in.)': '29.5 in', 'product_height_(in.)': '37.38 in', 'product_width_(in.)': '29.88 in', 'range_size_(width)': '30 in.', 'upper_oven_interior_depth_(in)': '19.125', 'upper_oven_interior_height_(in.)': '9.125', 'upper_oven_interior_width_(in.)': '24', 'appliance_category': 'Range', 'appliance_type': 'Gas Range', 'broiler_location': 'Oven', 'burner_grate_material': 'Cast Iron', 'burner_no.1_btu': '12000', 'burner_no.2_btu': '5000', 'burner_no.3_btu': '21000', 'burner_no.4_btu': '15000', 'burner_no.5_btu': '9500', 'burner_no.6_btu': '9500', 'capacity_of_oven_(cu._ft.)': '6.7', 'cleaning_type': 'Self Cleaning', 'color_of_cooktop': 'Matte Black', 'color/finish': 'Stainless Steel', 'color/finish_family': 'Stainless Steel', 'commercial/residential': 'Residential', 'control_type': 'Manual', 'controls_location': 'Front Control', 'cooktop_features': 'LP Convertible,Sealed Burners,Simmer Element,With Griddle', 'cooktop_surface_type': 'Recessed', 'drawer_type': 'No Drawer', 'fuel_type': 'Gas', 'ignition_type': 'Electrical', 'included': 'Propane (LP) Conversion Kit', 'item_package_quantity': '1', 'lower_oven_capacity_(cu._ft.)': '4.3', 'lower_oven_features': 'Broiler in Oven,Temperature Control', 'lower_oven_rack_positions': '4', 'lower_oven_settings': 'Delay Bake/Delay Start,Sabbath Mode', 'number_of_burners': '6 burner', 'number_of_oven_racks': '3', 'oven_cleaning_options': 'Lower Self-Cleaning', 'oven_cooking_process': 'True Convection', 'power_options': 'Plug-in', 'product_weight_(lb.)': '236 lb', 'range_installation_type': 'Slide-In', 'remote_access': 'Remote Access', 'requires_hub?': 'No Hub Required', 'returnable': 'Non-Returnable', 'smart_home': 'Smart Home Enabled', 'smart_home_protocol': 'Wi-Fi', 'upper_oven_capacity_(cu._ft.)': '2.4', 'upper_oven_features': 'Broiler in Oven,Temperature Control', 'upper_oven_rack_positions': '2', 'upper_oven_settings': 'Delay Bake/Delay Start,Sabbath Mode', 'voice_control_hub_required': 'Alexa via Proprietary Bridge/Gateway Google Assistant via Proprietary Bridge/Gateway', 'works_with': 'Alexa, Google, Google Assistant, IFTTT, Proprietary App', 'certifications_and_listings': 'ADA Compliant,UL Listed', 'manufacturer_warranty': 'Limited 1-year entire appliance'}"}