{"source_link": "https://www.homedepot.com/p/Samsung-7-4-cu-ft-White-Electric-Dryer-with-Sensor-Dry-DVE50R5200W/309171907", "title": "7.4 cu. ft. White Electric Dryer with Sensor Dry", "brand": "Samsung", "image": "https://images.thdstatic.com/productImages/6f234af1-557c-436e-b745-1d17cad0c5b7/svn/white-samsung-electric-dryers-dve50r5200w-64_600.jpg", "breadcrumbs": "Home,Appliances,Washers &amp; Dryers,Dryers,Electric Dryers", "description": "Advanced features like Sensor Dry optimize cycle time and temperature to thoroughly dry without damaging your clothes. With 10 preset drying cycles, you can cover almost every drying need for your active family. Smart Care allows for easy troubleshooting from the convenience of your smartphone1.    Sensor Dry automatically optimizes the time and temperature of your drying cycle to protect your clothes from heat damage, while avoiding excess energy use    10 Preset Drying Cycles - More cyclesto cover almost every drying need for your active family    Smart Care - Easy troubleshooting from the convenience of your smartphone1. Smart Care interacts with your washer and dryer to perform an immediate diagnosis and offer quick solutions    Interior Drum Light -Put an end to stray socks or smaller laundry items that are hard to spot    Reversible Dryer Door -Choose the direction your dryer door opens to better suit your homes layout    Lint Filter Indicator -Provides a helpful reminder when its time to clean the filter    Accessibility (AUI, Braille) -Designed for easy use for everyone    9 Additional Drying Options -Further options to enhance your drying cycle, providing optimal care for all fabric types    5 Temperature Levels -Select the ideal temperature to dry your clothes gently and thoroughly    Wrinkle Prevent -Tumbles your laundry even after the cycle is complete to prevent wrinkles    Flexible Venting Options- 4-way venting options allow your dryer to be vented on multiple sides    Matching Washer: WA50R5200AW    Requires Samsung Smart Washer/Dryer App. The Samsung Smart Washer/Dryer app supports Android OS 2.3.6 or later and iOS 3 or later for iPhone models. Smart Washer/Dryer App available in App Store and Play Store     Click Here for details on the services included with Delivery &amp; Basic Hook-up, Installation options for Major Appliances, and Appliance Return Policy Information      Click here to learn more about  Eco Options and Energy Efficiency      Click here for more information on Electronic Recycling Programs       California residents", "price": "$808.00", "number": "309171907", "spec_str": "{'depth_with_door_open_90_degrees_(in)': '52.5 in', 'door_opening_height_(in.)': '25.79', 'door_opening_width_(in.)': '21.46', 'product_depth_(in.)': '30.2 in', 'product_height_(in.)': '44.6 in', 'product_width_(in.)': '27 in', 'amperage_(amps)': '15 A', 'appliance_category': 'Dryer', 'appliance_type': 'Electric Dryer', 'capacity_-_dryer_(cu._ft.)': '7.4', 'color/finish': 'White', 'color/finish_family': 'White', 'control_type': 'Electronic', 'door_material': 'Metal', 'door_shape': 'Square Door', 'door_style': 'Reversible', 'dry_cycles': 'Air Fluff,Bedding,Delicates,Heavy Duty,Permanent Press,Quick Dry,Sanitize,Sensor Dry,Wrinkle Free', 'dryer_drum_material': 'Powder-Coated Steel Drum', 'dryer_features': 'Adjustable Legs,Control Lock,Control Sounds On/Off,Delay Start,Digital Cycle Countdown,Four-Way Venting,Interior Light,Lint Filter,Moisture Sensor,Sensor Dry,Timed Dry', 'dryer_fuel_type': 'Electric', 'exhaust_vent_location': 'Back,Bottom,Left Side,Right Side', 'included': 'No Additional Items Included', 'lint_filter_location': 'Front', 'matching_washer_type': 'Top Load Matching', 'number_of_drying_cycles': '10', 'number_of_drying_temperatures': '5', 'pedestal_model#': 'NA', 'product_weight_(lb.)': '119 lb', 'returnable': 'Non-Returnable', 'stackable': 'Not Stackable', 'stacking_kit_model#': 'N/A', 'steam_function': 'No Steam', 'vent_type': 'Vented', 'voltage_(volts)': '240', 'certifications_and_listings': 'UL Listed', 'manufacturer_warranty': 'One (1) Year Parts and Labor'}"}