{"source_link": "https://www.homedepot.com/p/Samsung-5-0-cu-ft-Hi-Efficiency-White-Top-Load-Washing-Machine-with-Active-Water-Jet-ENERGY-STAR-WA50R5200AW/309171868", "title": "5.0 cu. ft. Hi-Efficiency White Top Load Washing Machine with Active Water Jet, ENERGY STAR", "brand": "Samsung", "image": "https://images.thdstatic.com/productImages/32171504-0d89-4f23-ae13-f3bb761a06ec/svn/white-samsung-top-load-washers-wa50r5200aw-64_600.jpg", "breadcrumbs": "Home,Appliances,Washers &amp; Dryers,Washing Machines,Top Load Washers", "description": "Samsungs top load washer has a large 5.0 cu. ft. capacity to help you fit more in every load and cut down on laundry time, leaving more time for you. Itis also equipped with Active WaterJeta built-in faucet that lets you pretreat stained clothes with a press of a button and an EZ Access tub design that allows you to easily reach the bottom of the washer tub, stretch free.    Large 5.0 cu. ft. Capacity - Fewer loads, less time in the laundry room, and more time doing the things you love. Save time, energy, and water    Active WaterJet - Built-in water faucet lets you easily pretreat soiled or stained clothes with a press of a button    New EZ Access tub design allows you to easily reach the bottom of the washer tub to remove your clothes after the cycle finishes    Deep Fill -Choose to maximize the water level used during the washing cycle    Smart Care -Easy troubleshooting from the convenience of your smartphone1    VRT Plus Technology -Reduces noise and vibration for quiet washing    Swirl+ Tub Interior -Improved tub pattern extracts more water more quickly    Self Clean -Keeps your washer tub fresh and clean    Soft-Close Lid -Closes smoothly, safely, and silently    ENERGY STAR Certified -Eco-friendly and energy-efficient    Accessibility (AUI, Braille) -Designed for easy use for everyone    10 Preset Washing Cycles -More cycles to best suit your washing needs    7 Additional Washing Options -Further options to enhance your washing cycle, providing optimal care for all fabric types    5 Temperature Levels -Select the ideal temperature to wash your clothes gently and thoroughly    Matching Dryer: DVE50R5200W (Electric), DVG50R5200W (Gas)    Requires Samsung Smart Washer/Dryer App. The Samsung Smart Washer/Dryer app supports Android OS 2.3.6 or later and iOS 3 or later for iPhone models. Smart Washer/Dryer App available in App Store and Play Store     Click Here for details on the services included with Delivery &amp; Basic Hook-up and Installation options for Major Appliances     Click here to learn more about  Eco Options and Energy Efficiency      Click here for more information on Electronic Recycling Programs       California residents", "price": "$808.00", "number": "309171868", "spec_str": "{'capacity_-_washer_(cu._ft.)': '5', 'height_with_lid_open_90_degrees_(in)': '58.1', 'product_depth_(in.)': '29.4 in', 'product_height_(in.)': '44.6 in', 'product_width_(in.)': '27.5 in', 'agitator/impeller_type': 'Impeller', 'amperage_(amps)': '15 A', 'appliance_category': 'Washer', 'appliance_type': 'Top Load Washer', 'color/finish': 'White', 'color/finish_family': 'White', 'control_type': 'Electronic', 'door_material': 'Metal', 'energy_consumption_(kwh/year)': '199', 'energy_efficiency_tier_rating': 'Not CEE rated', 'included': 'Power Cord', 'maximum_spin_speed_(rpm)': '750', 'number_of_rinse_cycles': '4', 'number_of_rinse_temperatures': '5', 'number_of_wash_cycles': '10', 'number_of_wash_speeds': '5', 'number_of_wash_temperatures': '5', 'product_weight_(lb.)': '130.1 lb', 'returnable': 'Non-Returnable', 'stackable': 'Not Stackable', 'steam_function': 'No Steam', 'voltage_(volts)': '120', 'wash_cycles': 'Bedding,Delicates,Drain &amp; Spin,Handwashable,Heavy Duty,Normal,Permanent Press,Presoak,Rinse &amp; Spin', 'washer_dispensers': 'Bleach,Fabric Softener,Liquid Detergent', 'washer_features': 'Adjustable Legs,Advanced Vibration Control,Control Lock,Control Sounds On/Off,Cycle Status Indicator,Delay Start,End-Of-Cycle Signal,High-Efficiency Detergent Required,Rear Control,Soft Close Lid', 'washer_tub/drum_material': 'Stainless Steel Drum', 'certifications_and_listings': 'Energy Star,UL Listed', 'manufacturer_warranty': 'One (1) Year Parts and Labor. Three (3) Years Stainless Steel Tub (Part Only). Ten (10) Years Direct Drive Motor (Part Only/0'}"}