{"source_link": "https://www.homedepot.com/p/FRIGIDAIRE-GALLERY-1-7-cu-Ft-Over-the-Range-Microwave-in-Smudge-Proof-Stainless-Steel-with-Sensor-Cooking-Technology-FGMV17WNVF/309777316", "title": "1.7 cu. Ft. Over the Range Microwave in Smudge-Proof Stainless Steel with Sensor Cooking Technology", "brand": "FRIGIDAIRE GALLERY", "image": "https://images.thdstatic.com/productImages/bc77c8ff-08f5-430b-b481-6d2803857182/svn/smudge-proof-stainless-steel-frigidaire-gallery-over-the-range-microwaves-fgmv17wnvf-64_600.jpg", "breadcrumbs": "Home,Appliances,Microwaves,Over-the-Range Microwaves", "description": "This extra-large Frigidaire Gallery 1.7 cu. Ft. Over-The-Range Microwave has over 30 cooking options and several 1-Touch options so you can easily warm up any meal. Easily wipe away and clean spills from your microwave with the Effortless Clean Interior surface. Make meal preparation and cooking simple with LED lighting that offers a clear, bright view of your cooktop.    Effortless Clean Interior - Easily wipe away and clean spills from your microwave with the Effortless Clean Interior surface    Sensor Cooking - Microwave automatically adjusts power levels and cooking times to cook a variety of items, effortlessly    Cooktop LED Lighting - Make meal preparation and cooking simple with LED lighting that offers a clear, bright view of your cooktop    Effortless Reheat - Reheat almost anything at the touch of a button    SpaceWise Rack - Our SpaceWise Rack creates more room so you can cook multiple dishes at once    Extra-Large 13-1/2 in. Diameter Glass Turntable - Big bowls and large casserole dishes are no problem for our extra-large glass turntable. It rotates for even cooking    Over 30 Options - Versatile settings include: Chicken nuggets and snacks    Interior LED Lighting - LED interior microwave light stays on while your dish cooks    1-Touch Options - Our microwaves feature easy-to-use one-touch buttons so you can cook baked potatoes, popcorn or even add 30 seconds with the touch of a button    Smudge-Proof Black Stainless Steel - Resists fingerprints and cleans easily     Click here for more information on Electronic Recycling Programs       California residents", "price": "$386.00", "number": "309777316", "spec_str": "{'capacity_of_microwave_(cu._ft.)': '1.7', 'cut-out_front_to_back_depth_(in.)': '14', 'cut-out_height_(in.)': '17', 'cut-out_left_to_right_width_(in.)': '30', 'depth_with_door(s)_open_90_degrees_(in.)': '25.25', 'interior_depth_(in.)': '14.40625', 'interior_height_(in.)': '9.4375', 'interior_width_(in.)': '20.9375', 'product_depth_(in.)': '15.03', 'product_height_(in.)': '16.41', 'product_width_(in.)': '29.88', 'turntable_width_(in.)': '14 in', 'appliance_category': 'Microwave', 'appliance_type': 'Over the Range Microwave', 'color/finish': 'Smudge-Proof Stainless Steel', 'color/finish_family': 'Stainless Steel', 'compatible_trim_kit_model_number': 'GMTK2768AF', 'controls_location': 'Side Controls', 'door_swing/style': 'Right to Left Swing', 'exhaust_fan_speeds': '2', 'exhaust_maximum_cfm': '300', 'interior_light_type': 'LED', 'light_source': 'LED', 'microwave_door_release': 'Pull', 'microwave_features': 'Auto-Touch Control Panel,Charcoal Filter,Fingerprint Resistant,Microwave Rack,One Touch Cooking,Safety Lock,Turntable,Turntable On/Off Option', 'microwave_settings': 'Auto Defrost,Control Lock,Cook Power,Defrost,Popcorn,Start/ +30 Sec', 'microwave_size': 'Large', 'number_of_one-touch_settings': '10', 'number_of_power_levels': '9', 'product_weight_(lb.)': '54', 'returnable': 'Non-Returnable', 'vent_fan_location': 'Front', 'vent_location': 'Top', 'vent_type': 'External', 'wattage_(watts)': '1000 W', 'certifications_and_listings': 'UL Listed', 'manufacturer_warranty': '1 Year Limited', 'safety_listing': 'UL'}"}