{"source_link": "https://www.homedepot.com/p/Frigidaire-13-9-cu-ft-Top-Freezer-Refrigerator-in-Brushed-Steel-ENERGY-STAR-FFHT1425VV/310378589", "title": "13.9 cu. ft. Top Freezer Refrigerator in Brushed Steel, ENERGY STAR", "brand": "Frigidaire", "image": "https://images.thdstatic.com/productImages/2a87819f-d69a-447e-a1ea-c3f048a4cfcd/svn/brushed-steel-frigidaire-top-freezer-refrigerators-ffht1425vv-64_600.jpg", "breadcrumbs": "Home,Appliances,Refrigerators,Top Freezer Refrigerators", "description": "The Frigidaire 13.9 cu. ft. Top Freezer Refrigerator features 2 full-width glass shelves, a humidity-controlled crisper drawer for storing fruits and vegetables, and flexible sliding deli for meats and cheeses. Equipped with bright LED lighting to keep contents clearly visible, the refrigerator is easy to control with a single temperature knob inside. The freezer compartment offers a full-width glass shelf for flexible storage options as well as two full-width door racks to house additional frozen food.    ENERGY STAR qualified to exceed federal guidelines for energy efficiency for year-round energy and money savings    Reversible door can be installed to open left or right based on your needs    Door storage includes 3 full-width racks that give you room for larger items like a gallon of milk    Color coordinated cabinet and door gives you a refined look    Bright LED lighting makes it easy to see what's inside    Humidity-controlled crisper drawer keeps your fruits and vegetables fresh    Large 10.0 cu. ft. fresh food capacity has the space to keep foods organized while 3.9 cu. ft. freezer capacity gives you room for storing all your frozen foods    Optional icemaker eliminates the need to fill ice trays and ensures you have a steady supply of ice on hand    2 full-width freezer door racks and 1 full-width glass shelf give you more usable space and better organization    Single knob control inside refrigerator for easy temperature management    Our EvenTemp cooling system's optimized airflow ensures a consistent temperature throughout your refrigerator    Brushed Steel Finish    Optional ice maker sold separately (Model # IM117000)    Click here to learn more about  Eco Options and Energy Efficiency      Click here for more information on Electronic Recycling Programs       California residents", "price": "$701.00", "number": "310378589", "spec_str": "{'depth_(excluding_handles)': '31.25 in', 'depth_(including_handles)': '31.25 in', 'depth_(less_door)': '25.25', 'depth_with_door_open_90_degrees_(in)': '54', 'height_to_top_of_door_hinge_(in.)': '60.5 in', 'height_to_top_of_refrigerator_(in.)': '59.875 in', 'product_depth_(in.)': '29.375 in', 'product_height_(in.)': '59.875 in', 'product_width_(in.)': '27.625 in', 'refrigerator_width_(in.)': '27.625 in', 'appliance_category': 'Refrigerator', 'appliance_type': 'Top Freezer Refrigerator', 'built-in_and_standard_type': 'Top Freezer', 'color_-_appliance_cabinet': 'Gray', 'color_-_door_handle(s)': 'Gray', 'color/finish': 'Brushed Steel', 'color/finish_family': 'Stainless Look', 'defrost_type': 'Frost Free', 'door_finish': 'Smooth', 'energy_consumption_(kwh/year)': '322', 'energy_efficiency_tier_rating': 'Tier III', 'freezer_capacity_(cu._ft.)': '3.9 cu ft', 'freezer_door_type': 'Swing Door', 'freezer_features': 'Adjustable Temperature Control,In-door Storage', 'freezer_type': 'Top Door Freezer', 'general_features': 'Flat-back Design,LED Light Type,Self-Closing Door', 'ice_maker_features': 'No Ice Maker', 'ice_maker_type': 'Without Ice Maker', 'ice/water_dispenser': 'None', 'indoor/outdoor': 'Indoor', 'installation_depth': 'Standard Depth', 'number_of_doors': '2 Door', 'number_of_freezer_baskets/bins': '2 Baskets/Bins', 'number_of_freezer_shelves': '1 Shelf', 'number_of_refrigerator_shelves': '3 Shelves', 'operational_features': 'Humidity Controlled Crisper,Self-Closing Door', 'product_weight_(lb.)': '135 lb', 'refrigeration_dispenser_features': 'No Dispenser', 'refrigerator_capacity_(cu._ft.)': '10 cu ft', 'returnable': 'Non-Returnable', 'shelf_material_-_freezer': 'Glass', 'shelf_material_-_refrigerator': 'Glass', 'storage_features': 'Adjustable Shelves/Racks,Crisper Drawer,Deli Drawer,Gallon Door Storage', 'temperature_control_type': 'Internal Analog', 'total_capacity_(cu._ft.)': '13.9 cu ft', 'water_filter_replacement_model#': 'N/A', 'certifications_and_listings': 'ADA Compliant,UL Listed', 'manufacturer_warranty': 'One Year Limited'}"}