{"source_link": "https://www.homedepot.com/p/Samsung-23-cu-ft-3-Door-French-Door-Refrigerator-in-Stainless-Steel-with-CoolSelect-Pantry-Counter-Depth-RF23R6201SR/310428856", "title": "23 cu. ft. 3-Door French Door Refrigerator in Stainless Steel with CoolSelect Pantry, Counter Depth", "brand": "Samsung", "image": "https://images.thdstatic.com/productImages/f187cfc6-f4c6-4195-95e1-ad21b18c38a5/svn/fingerprint-resistant-stainless-steel-samsung-french-door-refrigerators-rf23r6201sr-64_600.jpg", "breadcrumbs": "Home,Appliances,Refrigerators,French Door Refrigerators", "description": "A full depth refrigerator that is beautifully designed, with a minimal dispenser, sleek-edge doors, and modern handles. CoolSelect Pantry provides a full-width drawer to chill or defrost food to ideal temperatures. Now available in beautiful Tuscan Stainless.    Twin Cooling Plus keeps food fresher longer    CoolSelect Pantry chills or defrosts food to ideal temperatures    Ice Max stores up to 42 lbs. of ice    Fingerprint Resistant Finish helps reduce smudges and minimize cleaning    Wi-Fi and Bixby Enabled control and monitor your fridge remotely    Adjustable Shelves to fit taller items    High-Efficiency LED Lighting designed to beautifully light up the interior of your fridge    Accessibility (ADA Compliant) with easy to reach controls for everyone    ENERGY STAR Certified that is Eco-friendly and energy efficient    Also available in Black Stainless Steel and Tuscan Stainless Steel    Also includes a water filter indicator to notify when it needs to be changed               Click here for more information on Electronic Recycling Programs       California residents", "price": "$1998.00", "number": "310428856", "spec_str": "{'depth_(excluding_handles)': '28.5 in', 'depth_(including_handles)': '31', 'depth_(less_door)': '24', 'depth_with_door_open_90_degrees_(in)': '42.75', 'height_to_top_of_door_hinge_(in.)': '70 in', 'height_to_top_of_refrigerator_(in.)': '68.75 in', 'product_depth_(in.)': '31', 'product_height_(in.)': '70', 'product_width_(in.)': '35.75', 'refrigerator_width_(in.)': '35.75 in', 'appliance_category': 'Refrigerator', 'appliance_type': 'French Door Refrigerator', 'built-in_and_standard_type': 'French Door', 'color_-_appliance_cabinet': 'White', 'color_-_door_handle(s)': 'Fingerprint Resistant Stainless steel', 'color/finish': 'Fingerprint Resistant Stainless Steel', 'color/finish_family': 'Stainless Steel', 'defrost_type': 'Auto / Cycle', 'door_finish': 'Smooth', 'energy_consumption_(kwh/year)': '699', 'energy_efficiency_tier_rating': 'Tier I', 'freezer_capacity_(cu._ft.)': '6.9', 'freezer_door_type': 'Pull Out Drawer', 'freezer_features': 'Adjustable Leveling Legs,Adjustable Temperature Control,LED Light Type', 'freezer_type': 'Bottom Door Freezer', 'general_features': 'Child Lock,Door Alarm,Hidden Hinge,LED Light Type,Wheels', 'ice_maker_features': 'Control Lockout,Filtered Ice,Removable Basket', 'ice_maker_type': 'Single Ice Maker', 'ice/water_dispenser': 'Both', 'indoor/outdoor': 'Indoor', 'installation_depth': 'Counter Depth', 'number_of_doors': '3 Door', 'number_of_drawers': 'Single Drawer', 'number_of_freezer_baskets/bins': '1 Basket/Bin', 'number_of_freezer_shelves': '1 Shelf', 'number_of_refrigerator_shelves': '5 Shelves', 'operational_features': 'Dual Evaporated Cooling System,Humidity Control,Humidity Controlled Crisper', 'product_weight_(lb.)': '279 lb', 'refrigeration_dispenser_features': 'Crushed Ice,Cubed Ice,Dispenser Control Lock-Out,Filtration Replacement Indicator Light,Filtration System,Water Dispenser,Water Filtration', 'refrigerator_capacity_(cu._ft.)': '15.7 cu ft', 'returnable': 'Non-Returnable', 'shelf_material_-_freezer': 'Plastic', 'shelf_material_-_refrigerator': 'Glass', 'storage_features': 'Adjustable Door Storage,Adjustable Racks,Deli Drawer,Gallon Door Storage,Removable Shelves,Slide-Out Fresh Food Shelves,Spill Proof Shelves', 'temperature_control_type': 'Internal Digital', 'total_capacity_(cu._ft.)': '22.6 cu ft', 'water_filter_replacement_model#': 'HAF-QIN', 'certifications_and_listings': 'ADA Compliant,Energy Star', 'manufacturer_warranty': 'One (1) Year All Parts and Labor Five (5) Years Sealed System Parts and Labor Ten (10) Years Compressor Parts Only'}"}