{"source_link": "https://www.homedepot.com/p/Magic-Chef-7-4-cu-ft-2-Door-Mini-Fridge-in-Platinum-Steel-with-Freezer-MCDR740STE/310700107", "title": "7.4 cu. ft. 2-Door Mini Fridge in Platinum Steel with Freezer", "brand": "Magic Chef", "image": "https://images.thdstatic.com/productImages/f219c4b4-2bde-4b99-8be2-696fc239348d/svn/platinum-steel-magic-chef-mini-fridges-mcdr740ste-64_600.jpg", "breadcrumbs": "Home,Appliances,Mini Fridges", "description": "The Magic Chef 7.4 cu. ft. Top Freezer Refrigerator is the perfect in-between, or extra fridge; more spacious than a mini but more compact than a standard household unit. It is a suitable appliance for smaller kitchens, break rooms, office kitchenettes or anywhere with space constraints. It occupies a small footprint but offers numerous cold-storage options for foods and beverages, including a glass-covered crisper to keep produce fresh. It's equipped with two adjustable-height glass shelves in the refrigerator and one wire shelf in the freezer, with several other storage options built into the reversible doors.    Adjustable upfront temperature control offers different temperature settings, giving you great control over the interior temperature    2 removable Glass and 1 fixed refrigerator shelves provide for easy storage and accessibility    Clear produce crisper lets you easily identify your fruit or vegetable contents    Clear door racks keep your condiments and bottles easily accessibleSeparate top freezer compartment for convenient frozen food storage    Offers 1.4 cu. ft. of freezer space and 6.0 cu. ft. of fridge space    Manual defrosting is very easy to do    Gallon door storage for larger beverages    ENERGY STAR qualified - meets or exceeds federal guidelines for energy efficiency, which means year-round energy savings    2 reversible doors allow you to place the unit according to your space requirements    Fresh food section has an interior incandescent light    Warranty is 1-year Parts and Labor, 5-year Compressor (part only)    This item does not qualify for Appliance Delivery and Haul Away or Installation     Click here for more information on Electronic Recycling Programs       California residents", "price": "$299.99", "number": "310700107", "spec_str": "{'depth_(excluding_handles)': '22.8', 'depth_(including_handles)': '22.8 in', 'depth_(less_door)': '20.7', 'depth_with_door_open_90_degrees_(in)': '42.4', 'height_to_top_of_door_hinge_(in.)': '55.3 in', 'height_to_top_of_refrigerator_(in.)': '55.3 in', 'product_depth_(in.)': '22.8', 'product_height_(in.)': '55.7', 'product_width_(in.)': '21.7', 'refrigerator_width_(in.)': '21.70 in', 'appliance_category': 'Refrigerator', 'appliance_type': 'Compact Refrigerator', 'color_-_appliance_cabinet': 'Black', 'color_-_door_handle(s)': 'Platinum Steel', 'color/finish': 'Platinum Steel', 'color/finish_family': 'Stainless Steel', 'defrost_type': 'Manual', 'energy_efficiency_tier_rating': 'Tier I', 'freezer_capacity_(cu._ft.)': '1.4', 'freezer_features': 'No Additional Features', 'freezer_type': 'Top Door Freezer', 'general_features': 'Flat-back Design,Interior Light', 'ice_maker_features': 'No Ice Maker', 'ice_maker_type': 'Without Ice Maker', 'indoor/outdoor': 'Indoor', 'installation_depth': 'Standard Depth', 'number_of_doors': '1 Door', 'number_of_freezer_baskets/bins': 'No Baskets/Bins', 'number_of_freezer_shelves': '1 Shelf', 'number_of_refrigerator_shelves': '3 Shelves', 'operational_features': 'Dial Temperature Control', 'product_weight_(lb.)': '85.5 lb', 'refrigeration_dispenser_features': 'No Dispenser', 'refrigerator_capacity_(cu._ft.)': '6 cu ft', 'returnable': 'Non-Returnable', 'shelf_material_-_refrigerator': 'Glass', 'storage_features': 'Crisper Drawer,Removable Shelves', 'temperature_control_type': 'Internal Analog', 'total_capacity_(cu._ft.)': '7.4 cu ft', 'water_filter_replacement_model#': 'Not Applicable', 'certifications_and_listings': 'CSA Certified', 'manufacturer_warranty': '1 Year Parts and Labor 5 Years Compressor (part only)'}"}