{"source_link": "https://www.homedepot.com/p/Magic-Chef-7-4-cu-ft-2-Door-Mini-Fridge-in-Black-MCDR740BE/310700103", "title": "7.4 cu. ft. 2 Door Mini Fridge in Black", "brand": "Magic Chef", "image": "https://images.thdstatic.com/productImages/df2816e0-79bc-4f37-b1b1-c9db22cc2d56/svn/black-magic-chef-mini-fridges-mcdr740be-64_600.jpg", "breadcrumbs": "Home,Appliances,Mini Fridges", "description": "The Magic Chef 7.4 cu. ft. Top Freezer Refrigerator is the perfect in-between, or extra fridge; more spacious than a mini but more compact than a standard household unit. It is a suitable appliance for smaller kitchens, break rooms, office kitchenettes or anywhere with space constraints. It occupies a small footprint but offers numerous cold-storage options for foods and beverages, including a glass-covered crisper to keep produce fresh. It's equipped with two adjustable-height glass shelves in the refrigerator and one wire shelf in the freezer, with several other storage options built into the reversible doors.    Adjustable upfront temperature control offers different temperature settings, giving you great control over the interior temperature    2 removable Glass and 1 fixed refrigerator shelves provide for easy storage and accessibility    Clear produce crisper lets you easily identify your fruit or vegetable contents    Clear door bins and bottle rack keep your condiments and larger bottles easily accessible    Offers 1.4 cu. ft. of freezer space and 6.0 cu. ft. of fridge space    Separate top freezer compartment for convenient frozen food storage    Manual defrosting is very easy to do    2 reversible doors allow you to place the unit according to your space requirementsGallon door storage for larger beverages    Fresh food section has an interior incandescent light    ENERGY STAR qualified - meets or exceeds federal guidelines for energy efficiency, which means year-round energy savings    Warranty is 1 Year Parts and Labor, 5 Years Compressor (part only)    This item does not qualify for Appliance Delivery and Haul Away or Install     Click here for more information on Electronic Recycling Programs       California residents", "price": "$274.99", "number": "310700103", "spec_str": "{'depth_(excluding_handles)': '22.8', 'depth_(including_handles)': '22.8 in', 'depth_(less_door)': '20.7', 'depth_with_door_open_90_degrees_(in)': '42.4', 'height_to_top_of_door_hinge_(in.)': '55.3 in', 'height_to_top_of_refrigerator_(in.)': '55.3 in', 'product_depth_(in.)': '22.8', 'product_height_(in.)': '55.3', 'product_width_(in.)': '21.7', 'refrigerator_width_(in.)': '21.70 in', 'appliance_category': 'Refrigerator', 'appliance_type': 'Compact Refrigerator', 'color_-_appliance_cabinet': 'Black', 'color_-_door_handle(s)': 'Black', 'color/finish': 'Black', 'color/finish_family': 'Black', 'defrost_type': 'Manual', 'energy_efficiency_tier_rating': 'Tier I', 'freezer_capacity_(cu._ft.)': '1.4', 'freezer_features': 'No Additional Features', 'freezer_type': 'Top Door Freezer', 'general_features': 'Flat-back Design,Interior Light,Reversible Door Hinge', 'ice_maker_features': 'No Ice Maker', 'ice_maker_type': 'Without Ice Maker', 'indoor/outdoor': 'Indoor', 'installation_depth': 'Standard Depth', 'number_of_doors': '2 Door', 'number_of_freezer_baskets/bins': 'No Baskets/Bins', 'number_of_freezer_shelves': '1 Shelf', 'number_of_refrigerator_shelves': '3 Shelves', 'operational_features': 'Dial Temperature Control', 'product_weight_(lb.)': '85.5 lb', 'refrigeration_dispenser_features': 'No Dispenser', 'refrigerator_capacity_(cu._ft.)': '6 cu ft', 'returnable': 'Non-Returnable', 'shelf_material_-_refrigerator': 'Glass', 'storage_features': 'Crisper Drawer,Removable Shelves', 'temperature_control_type': 'Internal Analog', 'total_capacity_(cu._ft.)': '7.4 cu ft', 'water_filter_replacement_model#': 'Not Applicable', 'certifications_and_listings': 'CSA Certified', 'manufacturer_warranty': '1 Year Parts and Labor 5 Years Compressor (part only)'}"}