{"source_link": "https://www.homedepot.com/p/LG-Electronics-30-in-W-20-2-cu-ft-Top-Freezer-Refrigerator-in-Stainless-Steel-with-Multi-Air-Flow-and-Reversible-Door-LTCS20020S/311231763", "title": "30 in. W 20.2 cu. ft. Top Freezer Refrigerator in Stainless Steel with Multi-Air Flow and Reversible Door", "brand": "LG Electronics", "image": "https://images.thdstatic.com/productImages/4ff95ae4-6b41-4f70-bf3f-a2aca37c4b7a/svn/stainless-steel-lg-electronics-top-freezer-refrigerators-ltcs20020s-64_600.jpg", "breadcrumbs": "Home,Appliances,Refrigerators,Top Freezer Refrigerators", "description": "Capacity means a lot to you, and our top-mount refrigerator features 30 in. width 20 cu. ft. refrigerator and freezer storage space. You're also focused on freshness, and thats why youre sure to appreciate LGs humidity-controlled crisper and full-width gallon door bins. Theyre on a mission to extend the life of your fruits and vegetables, freshness that shines clear through with LGs advanced LED interior lighting.    Nothing beats the convenience of having more food when you need it, and with a generous 20 cu. ft. of space, you'll have room and room to grow    Contoured doors and a host of great interior features give your refrigerator a look that's as sophisticated as it is functional    Humidity-controlled crispers help maintain humidity levels to help extend the life of your fruits and vegetables    LED light located on the top of the refrigerator provide an exceptionally bright interior and saves energy over traditional lighting (No Freezer Light)    Digital sensors constantly monitor conditions within the refrigerator to keep things cool    Smart diagnosis helps the service center diagnose problems over the phone, helping you troubleshoot quickly    Positively impact your energy bill, energy consumption and the environment with this refrigerator that meets the new department of energy standards    Multi-air flow freshness system designed to monitor and maintain conditions to help keep food fresh    2 Gal. sized door storage bins provide ample room, freeing up shelf space    2-humidity crisper bins, and dairy bin help organize all your items with ease    ENERGY STAR qualified LG refrigerator exceeds federal energy standards to positively impact your energy bill, your energy consumption and most importantly, the environment     Optional Ice Maker is available - Model # LK65C                Click here for more information on Electronic Recycling Programs       California residents", "price": "$898.00", "number": "311231763", "spec_str": "{'depth_(excluding_handles)': '33.38 in', 'depth_(including_handles)': '33.38 in', 'depth_(less_door)': '29', 'depth_with_door_open_90_degrees_(in)': '60', 'height_to_top_of_door_hinge_(in.)': '66.13 in', 'height_to_top_of_refrigerator_(in.)': '65.5 in', 'product_depth_(in.)': '33.38 in', 'product_height_(in.)': '66.13 in', 'product_width_(in.)': '29.75 in', 'refrigerator_width_(in.)': '29.75 in', 'appliance_category': 'Refrigerator', 'appliance_type': 'Top Freezer Refrigerator', 'built-in_and_standard_type': 'Top Freezer', 'color_-_appliance_cabinet': 'Gray', 'color_-_door_handle(s)': 'Stainless Steel', 'color/finish': 'Stainless Steel', 'color/finish_family': 'Stainless Steel', 'defrost_type': 'Auto / Cycle', 'door_finish': 'Smooth', 'energy_consumption_(kwh/year)': '430', 'energy_efficiency_tier_rating': 'Not CEE rated', 'freezer_capacity_(cu._ft.)': '5.5 cu ft', 'freezer_door_type': 'Swing Door', 'freezer_features': 'No Additional Features', 'freezer_type': 'Top Door Freezer', 'general_features': 'LED Light Type,Reversible Door Hinge', 'ice_maker_features': 'No Ice Maker', 'ice_maker_type': 'Without Ice Maker', 'ice/water_dispenser': 'None', 'indoor/outdoor': 'Indoor', 'installation_depth': 'Standard Depth', 'number_of_doors': '2 Door', 'number_of_freezer_baskets/bins': '2 Baskets/Bins', 'number_of_freezer_shelves': '1 Shelf', 'number_of_refrigerator_shelves': '2 Shelves', 'operational_features': 'Humidity Controlled Crisper', 'product_weight_(lb.)': '202 lb', 'refrigeration_dispenser_features': 'No Dispenser', 'refrigerator_capacity_(cu._ft.)': '14.7 cu ft', 'returnable': 'Non-Returnable', 'shelf_material_-_freezer': 'Glass', 'shelf_material_-_refrigerator': 'Glass', 'storage_features': 'Adjustable Shelves/Racks,Crisper Drawer,Gallon Door Storage', 'temperature_control_type': 'Internal Digital', 'total_capacity_(cu._ft.)': '20.2 cu ft', 'water_filter_replacement_model#': 'LK65C', 'certifications_and_listings': 'CSA Listed,Energy Star', 'manufacturer_warranty': '1 Year Parts and Labor, 5 Year Sealed System &amp; Compressor Parts and Labor, and 6-10 years Inverter Compressor Parts Only'}"}