{"source_link": "https://www.homedepot.com/p/GE-4-8-cu-ft-High-Efficiency-White-Top-Load-Washing-Machine-with-FlexDispense-and-Sanitize-with-Oxi-ENERGY-STAR-GTW720BSNWS/311324410", "title": "4.8 cu. ft. High-Efficiency White Top Load Washing Machine with FlexDispense and Sanitize with Oxi, ENERGY STAR", "brand": "GE", "image": "https://images.thdstatic.com/productImages/1143568c-8530-46ea-8b4a-4d36347b3b8c/svn/white-ge-top-load-washers-gtw720bsnws-64_600.jpg", "breadcrumbs": "Home,Appliances,Washers &amp; Dryers,Washing Machines,Top Load Washers", "description": "GE appliances provide up-to-date technology and exceptional quality to simplify the way you live. With a timeless appearance, this family of appliances is ideal for your family. And, coming from one of the most trusted names in America, you know that this entire selection of appliances is as advanced as it is practical.    FlexDispense - Automatically releases liquid or powder detergent, fabric softener, and even detergent packs like Tide PODs, at the right time for faster activation and optimal cleaning performance    QuietWash - Enjoy a quieter wash and reduced vibration thanks to innovative Dynamic Balancing Technology    Stain Removal Guide - Easily remove five of the most common stains with preset modifications available on each wash cycle    Deep Fill - Customize your water-fill levels with just the touch of a button and fill the tub with as much water as you want so you can wash your way    Multiple Rinse Options - Ultimate flexibility with your rinse cycles to remove detergent, fabric softener, and stubborn soils with options like Deep Rinse, Extra Rinse and Warm Rinse    10-year limited warranty - Rest assured knowing your washer is backed by a 10-year limited warranty    Sanitize with Oxi - Remove 99.9% of bacteria with a dedicated cycle that uses an Oxi additive to boost your detergent's cleaning power, while keeping fabrics looking and feeling their best    Auto Soak - Loosens stains by soaking for up to 2 hours    Speed Wash - Provides a quick wash for lightly soiled items that are needed in a hurry    Automatic Dispensing - Provides total dosing flexibility for liquid detergent, powder detergent, detergent packs, softener, and bleach by dispensing at the right time for the best results    Wash Cycles - Offers 12 unique wash cycles to provide an ultimate clean for any load    800-RPM spin speed - Fast speeds remove more water during the spin cycle to minimize drying time    Approx. Dimensions (in.) - 46 H x 27 W x 27 D      California residents", "price": "$599.00", "number": "311324410", "spec_str": "{'capacity_-_washer_(cu._ft.)': '4.8', 'height_with_lid_open_90_degrees_(in)': '56', 'product_depth_(in.)': '27 in', 'product_height_(in.)': '46 in', 'product_width_(in.)': '27 in', 'agitator/impeller_type': 'Impeller', 'amperage_(amps)': '10 A', 'appliance_category': 'Washer', 'appliance_type': 'Top Load Washer', 'color/finish': 'White', 'color/finish_family': 'White', 'control_type': 'Electronic', 'door_material': 'Glass', 'energy_consumption_(kwh/year)': '165', 'energy_efficiency_tier_rating': 'Not CEE rated', 'included': 'No Additional Items Included', 'item_package_quantity': '1', 'maximum_spin_speed_(rpm)': '800', 'number_of_rinse_cycles': '3', 'number_of_rinse_temperatures': '6', 'number_of_wash_cycles': '12', 'number_of_wash_speeds': '5', 'number_of_wash_temperatures': '6', 'product_weight_(lb.)': '147 lb', 'returnable': 'Non-Returnable', 'stackable': 'Not Stackable', 'steam_function': 'No Steam', 'voltage_(volts)': '120', 'wash_cycles': 'Active Wear,Bulky Items,Cold,Colors,Deep Fill,Drain &amp; Spin,Normal,Sanitize,Soak,Speed Wash,Towels and Sheets,Whites', 'washer_dispensers': 'Bleach,Detergent Packs,Fabric Softener,Liquid Detergent,Powdered Detergent', 'washer_features': 'Adaptive Fill,Automatic Temperature Control,Control Sounds On/Off,Cycle Status Indicator,Delay Start,Door Window,End-Of-Cycle Signal,Soft Close Lid,Spin Speed Option', 'washer_tub/drum_material': 'Stainless Steel Drum', 'certifications_and_listings': 'Energy Star,UL Listed', 'manufacturer_warranty': 'Limited 1-year entire appliance'}"}