{"source_link": "https://www.homedepot.com/p/GE-7-4-cu-ft-240-Volt-White-Electric-Vented-Dryer-with-Sanitize-Cycle-ENERGY-STAR-GTD72EBSNWS/311324406", "title": "7.4 cu. ft. 240-Volt White Electric Vented Dryer with Sanitize Cycle, ENERGY STAR", "brand": "GE", "image": "https://images.thdstatic.com/productImages/7fe08415-7780-4415-bf0d-33bb777e8b0f/svn/white-ge-electric-dryers-gtd72ebsnws-64_600.jpg", "breadcrumbs": "Home,Appliances,Washers &amp; Dryers,Dryers,Electric Dryers", "description": "GE appliances provide up-to-date technology and exceptional quality to simplify the way you live. With a timeless appearance, this family of appliances is ideal for your family. And, coming from one of the most trusted names in America, you know that this entire selection of appliances is as advanced as it is practical.    Sensor Dry - Prevent over-drying and get more wear out of your clothing thanks to innovative dual thermistor technology, that continually monitors temperature and moisture in the dryer    Up to 120 ft. venting - Maximize your dryers performance with innovative venting, designed to provide optimal airflow, enhanced drying ability, and flexible installation    Wrinkle Care - Spend less time ironing thanks to an innovative wrinkle care system that allows you to tumble clothes without heat to reduce creasing    My Cycle Settings - Streamline your laundry by choosing your favorite dryer settings on any cycle and saving them for future use    Quick Dry - Dry a full load in less time thanks to innovative quick dry technology    Damp Alert - Be notified when clothes are the ideal dampness to remove from the dryer for wrinkle-free results    Dry Level Options - 4 different drying levels to dry the way you want    Temperature Options - 4 different temperatures for full control over the drying process    Sanitize Cycle - Reduce certain types of bacteria by 99.8% with this cycle    Warm Up - Quickly warm up your clothes and release set wrinkles    ENERGY STAR qualified - Meets or exceeds federal guidelines for energy efficiency for year-round energy and money savings    Check Vent Alert - Ensure optimal drying performance with this notification to alert you when your dryer vent needs to be cleaned    Limited 1-year entire appliance warranty      California residents", "price": "$599.00", "number": "311324406", "spec_str": "{'depth_with_door_open_90_degrees_(in)': '51.75 in', 'door_opening_height_(in.)': '18.5', 'door_opening_width_(in.)': '22.5', 'product_depth_(in.)': '30.5 in', 'product_height_(in.)': '46 in', 'product_width_(in.)': '27 in', 'amperage_(amps)': '24 A', 'appliance_category': 'Dryer', 'appliance_type': 'Electric Dryer', 'capacity_-_dryer_(cu._ft.)': '7.4', 'color/finish': 'White', 'color/finish_family': 'White', 'control_type': 'Electronic', 'door_material': 'Glass', 'door_shape': 'Square Door', 'door_style': 'Reversible', 'dry_cycles': 'Air Fluff,Bulky Items,Cotton,Damp Dry,Delicates,Mixed Loads,Quick Dry,Sanitize,Timed Dry,Towels and Sheets,Warm Up,eDry', 'dryer_drum_material': 'Aluminized Alloy Steel Drum', 'dryer_features': 'Adjustable End-of-Cycle Signal,Damp Alert,Delay Start,Digital Cycle Countdown,Door Window,Four-Way Venting,Interior Light,Lint Filter,Timed Dry', 'dryer_fuel_type': 'Electric', 'exhaust_vent_location': 'Back,Bottom,Left Side,Right Side', 'included': 'No Additional Items Included', 'item_package_quantity': '1', 'lint_filter_location': 'Front', 'matching_washer_type': 'Top Load Matching', 'number_of_drying_cycles': '12', 'number_of_drying_temperatures': '4', 'pedestal_model#': 'N/A', 'product_weight_(lb.)': '107 lb', 'returnable': 'Non-Returnable', 'stackable': 'Not Stackable', 'stacking_kit_model#': 'N/A', 'steam_function': 'No Steam', 'vent_type': 'Vented', 'voltage_(volts)': '240', 'certifications_and_listings': 'Energy Star,UL Listed', 'manufacturer_warranty': 'Limited 1-year entire appliance'}"}