{"source_link": "https://www.homedepot.com/p/Samsung-30-in-1-9-cu-ft-Over-the-Range-Microwave-in-Fingerprint-Resistant-Stainless-Steel-ME19R7041FS/311444990", "title": "30 in. 1.9 cu. ft. Over-the-Range Microwave in Fingerprint Resistant Stainless Steel", "brand": "Samsung", "image": "https://images.thdstatic.com/productImages/0a4330ec-7a71-4928-be26-06ad7888c8f0/svn/fingerprint-resistant-stainless-steel-samsung-over-the-range-microwaves-me19r7041fs-64_600.jpg", "breadcrumbs": "Home,Appliances,Microwaves,Over-the-Range Microwaves", "description": "The Samsung 1.9 cu. ft. large capacity Over-the-Range Microwave has sensor cooking technology and a ceramic enamel interior that is durable and easy to clean. This Samsung Over-the-Range Microwave makes preparing multiple dishes effortless with the large 1.9 cu. ft. capacity, accommodating even your biggest dishes. Sensor Cook technology automatically adjusts your cooking time for optimal results. Additionally, the Fingerprint Resistant finish helps reduce smudges and minimizes cleaning.    1.9 cu. ft. Capacity Accommodates an assortment of plates, bowls, mugs and pans    1000-Watt of Power    400 CFM Ventilation System Quickly and quietly eliminates steam, fumes and odors from the kitchen    10 Power Levels Helps deliver more precise cooking    2-Stage Programmable Cooking    Auto Defrost/Sensor Reheat Preset to specific times and temperatures for various foods    Ceramic Enamel Interior- Scratch-resistant and easy-to-clean    Clock (12 hour/24 hour) Has daylight savings time adjustment    Kitchen Timer Built in so you can keep track of your cooking progress    End Signal Alerts you again if your food is ready and you haven't opened the door yet    LED Display- Striking blue LED display adds clarity and style to your kitchen    Color Options Also available in Black Stainless, Tuscan Stainless Steel, White, and Black    1-Year Parts and Labor, 10-Year Parts on Magnetron    One (1) Year Parts and Labor, Ten (10) Years Parts on Magnetron               Click here for more information on Electronic Recycling Programs       California residents", "price": "$298.00", "number": "311444990", "spec_str": "{'capacity_of_microwave_(cu._ft.)': '1.9', 'cut-out_front_to_back_depth_(in.)': '18', 'cut-out_height_(in.)': '17', 'cut-out_left_to_right_width_(in.)': '30', 'depth_with_door(s)_open_90_degrees_(in.)': '17', 'interior_depth_(in.)': '14.56', 'interior_height_(in.)': '10.81', 'interior_width_(in.)': '22.01', 'product_depth_(in.)': '16.5 in', 'product_height_(in.)': '17.0625 in', 'product_width_(in.)': '29.875 in', 'turntable_width_(in.)': '14 in', 'appliance_category': 'Microwave', 'appliance_type': 'Over the Range Microwave', 'color/finish': 'Fingerprint Resistant Stainless Steel', 'color/finish_family': 'Stainless Steel', 'compatible_trim_kit_model_number': 'N/A', 'controls_location': 'Side Controls', 'door_swing/style': 'Right to Left Swing', 'exhaust_fan_speeds': '4', 'exhaust_maximum_cfm': '400', 'interior_light_type': 'LED', 'light_source': 'LED', 'microwave_door_release': 'Pull', 'microwave_features': 'Charcoal Filter,Fingerprint Resistant,One Touch Cooking,Removable Filter,Safety Lock,Timer,Turntable,Turntable On/Off Option', 'microwave_settings': 'Auto Defrost,Beverage,Cook Power,Keep Warm,Pizza,Popcorn,Reheat,Sensor Cook', 'microwave_size': 'Large', 'number_of_one-touch_settings': '12', 'number_of_power_levels': '10', 'product_weight_(lb.)': '55', 'returnable': 'Non-Returnable', 'vent_fan_location': 'Back', 'vent_location': 'Back,Top', 'vent_type': 'Convertible', 'wattage_(watts)': '1000 W', 'certifications_and_listings': 'CE Certified', 'manufacturer_warranty': 'One (1) Year Parts and Labor, Ten (10) Years Parts on Magnetron', 'safety_listing': 'CE'}"}