{"source_link": "https://www.homedepot.com/p/Frigidaire-18-3-cu-ft-Top-Freezer-Refrigerator-in-White-FFTR1835VW/311743494", "title": "18.3 cu. ft. Top Freezer Refrigerator in White", "brand": "Frigidaire", "image": "https://images.thdstatic.com/productImages/0e110a14-8846-4edf-89f6-e85c125c2cc4/svn/white-frigidaire-top-freezer-refrigerators-fftr1835vw-64_600.jpg", "breadcrumbs": "Home,Appliances,Refrigerators,Top Freezer Refrigerators", "description": "The Frigidaire 18.3 cu. ft. Top Freezer Refrigerator has 2 full-width glass shelves and two humidity control crisper drawers for storing fruits and vegetables. It's equipped with bright lighting to keep contents clearly visible. The freezer has a full-width glass shelf for flexible storage options as well as 2 full-width door racks.    EvenTemp Cooling System - Prevent warm spots and unwanted freezing with our EvenTemp cooling system's optimized airflow that ensures a consistent temperature throughout your refrigerator    Flexible Interior Storage System - Find a place for everything with our flexible interior storage options designed for busy families, including full-width glass shelving in the freezer and refrigerator, a sliding half-width deli drawer, and spacious door bins    Humidity-Controlled Crisper Drawers With Roller Support - Keep produce fresher longer, so you waste less and save money with our humidity-controlled crisper drawers with roller support    Avoid spoiled food and soupy ice cream with our auto-close doors, which ensure your doors are never left slightly open by automatically closing once the door is a jar 5 in. or less    42-Point Quality Check Ensures Strong Performance - Each refrigerator goes through a 42-point quality check to guarantee strong performance for years to come    Ice Maker Ready - Enjoy the largest ice bucket capacity available without sacrificing valuable freezer space thanks to our optional slim ice maker, model IM117000    Single knob control inside the refrigerator for easy temperature management    Large 13.4 cu. ft. fresh food capacity has the space to keep foods organized while 4.9 cu. ft. freezer capacity gives you room for storing all your frozen foods    Door can be installed to open left or right based on your needs    Bright lighting makes it easy to see what's inside    2-door refrigerator model that features the freezer on top and the refrigerator on the bottom     Click here for more information on Electronic Recycling Programs       California residents", "price": "$719.00", "number": "311743494", "spec_str": "{'depth_(excluding_handles)': '26.625 in', 'depth_(including_handles)': '30.375 in', 'depth_(less_door)': '26.625', 'depth_with_door_open_90_degrees_(in)': '57', 'height_to_top_of_door_hinge_(in.)': '66.375 in', 'height_to_top_of_refrigerator_(in.)': '65.875 in', 'product_depth_(in.)': '30.375 in', 'product_height_(in.)': '65.875 in', 'product_width_(in.)': '30 in', 'refrigerator_width_(in.)': '30 in', 'appliance_category': 'Refrigerator', 'appliance_type': 'Top Freezer Refrigerator', 'built-in_and_standard_type': 'Top Freezer', 'color_-_appliance_cabinet': 'White', 'color_-_door_handle(s)': 'N/A', 'color/finish': 'White', 'color/finish_family': 'White', 'defrost_type': 'Frost Free', 'door_finish': 'Smooth', 'energy_consumption_(kwh/year)': '410', 'energy_efficiency_tier_rating': 'Not CEE rated', 'freezer_capacity_(cu._ft.)': '4.9 cu ft', 'freezer_door_type': 'Swing Door', 'freezer_features': 'Adjustable Temperature Control,In-door Storage', 'freezer_type': 'Top Door Freezer', 'general_features': 'LED Light Type', 'ice_maker_features': 'No Ice Maker', 'ice_maker_type': 'Without Ice Maker', 'ice/water_dispenser': 'None', 'indoor/outdoor': 'Indoor', 'installation_depth': 'Standard Depth', 'number_of_doors': '2 Door', 'number_of_freezer_baskets/bins': 'No Baskets/Bins', 'number_of_freezer_shelves': '1 Shelf', 'number_of_refrigerator_shelves': '2 Shelves', 'operational_features': 'Humidity Controlled Crisper', 'product_weight_(lb.)': '164 lb', 'refrigeration_dispenser_features': 'No Dispenser', 'refrigerator_capacity_(cu._ft.)': '13.4 cu ft', 'returnable': 'Non-Returnable', 'shelf_material_-_freezer': 'Glass', 'shelf_material_-_refrigerator': 'Glass', 'storage_features': 'Adjustable Shelves/Racks,Crisper Drawer,Deli Drawer,Gallon Door Storage', 'temperature_control_type': 'Internal Analog', 'total_capacity_(cu._ft.)': '18.3 cu ft', 'water_filter_replacement_model#': 'N/A', 'certifications_and_listings': 'ADA Compliant,UL Listed', 'manufacturer_warranty': 'One Year Limited'}"}