{"source_link": "https://www.homedepot.com/p/Samsung-7-5-cu-ft-Platinum-Gas-Dryer-with-Steam-DVG45R6100P/311996349", "title": "7.5 cu. ft. Platinum Gas Dryer with Steam", "brand": "Samsung", "image": "https://images.thdstatic.com/productImages/16153b4b-d153-4c8c-8987-332bfb0fe2d5/svn/platinum-samsung-gas-dryers-dvg45r6100p-64_600.jpg", "breadcrumbs": "Home,Appliances,Washers &amp; Dryers,Dryers,Gas Dryers", "description": "Advanced features like Steam Sanitize+ eliminate 99.9% of germs and bacteria, while Multi-Steam technology relaxes and smooths away wrinkles from everyday wear. Sensor Dry optimizes cycle time and temperature to thoroughly dry without damaging your clothes, and Smart Care allows for easy troubleshooting from the convenience of your smartphone. Bring inspiration to your laundry room with the beautiful platinum finish.    SteamSanitize eliminates 99.9% of bacteria and germs    Sensor Dry helps prevent over-drying for optimal fabric care    Smart Care allows for easy troubleshooting from the convenience of your smartphone    Interior Drum Light puts an end to stray socks or smaller laundry items that are hard to spot    Reversible Dryer Door allows you to choose the direction your dryer door opens to better suit your homes layout    Lint Filter Indicator provides a helpful reminder when its time to clean the filter    Accessibility (ADA Compliant3, AUI, Braille) designed for easy use for everyone    10 Preset Drying Cycles to best suit your drying needs    9 Additional Drying Options to enhance your drying cycle, providing optimal care for all fabric types    5 Temperature Levels allows you to select the ideal temperature to dry your clothes gently and thoroughly    Flexible Venting Options with 3 (Gas) venting options that allow your dryer to be vented on multiple sides    Matching Washer is WF45R6100AP    Matching Pedestal is WE402NP    Matching Laundry Pedestal Model #WE402NP (sold separately) enhances storage space and reduces bending and back strain while doing laundry  Click here to shop the pedestal     Installation is not available in all locations. See store for details.     Click Here for details on the services included with Delivery &amp; Basic Hook-up and Installation options for Major Appliances     Click here to learn more about  Eco Options and Energy Efficiency      Click here for more information on Electronic Recycling Programs       California residents", "price": "$848.00", "number": "311996349", "spec_str": "{'depth_with_door_open_90_degrees_(in)': '54.6 in', 'door_opening_height_(in.)': '11.75', 'door_opening_width_(in.)': '22', 'product_depth_(in.)': '31.5 in', 'product_height_(in.)': '38.75 in', 'product_width_(in.)': '27 in', 'appliance_category': 'Dryer', 'appliance_type': 'Gas Dryer', 'capacity_-_dryer_(cu._ft.)': '7.5', 'color/finish': 'Platinum', 'color/finish_family': 'Silver', 'control_type': 'Electronic', 'door_material': 'Metal', 'door_shape': 'Round Door', 'door_style': 'Reversible', 'dry_cycles': 'Air Fluff,Auto Dry,Bedding,Delicates,Heavy Duty,Permanent Press,Quick Dry,Sanitize,Timed Dry', 'dryer_drum_material': 'Stainless Steel Drum', 'dryer_features': 'Adjustable Legs,Control Lock,Control Sounds On/Off,Digital Cycle Countdown,Door Window,Four-Way Venting,Front Control,Interior Light,Moisture Sensor,Remote Diagnostics,Sensor Dry,Timed Dry', 'dryer_fuel_type': 'Gas', 'exhaust_vent_location': 'Back,Bottom,Left Side', 'included': 'No Additional Items Included', 'lint_filter_location': 'Front', 'matching_washer_type': 'Front Load Matching', 'number_of_drying_cycles': '5', 'number_of_drying_temperatures': '5', 'pedestal_model#': 'WE402', 'product_weight_(lb.)': '123 lb', 'returnable': 'Non-Returnable', 'stackable': 'Stackable', 'stacking_kit_model#': 'Samsung Kit Model# SKK-8K', 'steam_function': 'Steam', 'vent_type': 'Vented', 'voltage_(volts)': '120', 'certifications_and_listings': 'ADA Compliant,CSA Listed', 'manufacturer_warranty': 'One year parts and labor'}"}