{"source_link": "https://www.homedepot.com/p/GE-5-0-cu-ft-Sapphire-Blue-Front-Load-Washing-Machine-with-OdorBlock-UltraFresh-Vent-System-with-Sanitize-and-Allergen-GFW850SPNRS/311972521", "title": "5.0 cu. ft. Sapphire Blue Front Load Washing Machine with OdorBlock UltraFresh Vent System with Sanitize and Allergen", "brand": "GE", "image": "https://images.thdstatic.com/productImages/bf03a171-f111-4ced-932f-c4779eaf8699/svn/blue-sapphire-ge-front-load-washers-gfw850spnrs-64_600.jpg", "breadcrumbs": "Home,Appliances,Washers &amp; Dryers,Washing Machines,Front Load Washers", "description": "At GE Appliances, we bring good things to life, by designing and building the world's best appliances. Our goal is to help people improve their lives at home by providing quality appliances that were made for real life. Whether it's enjoying the tradition of making meals from scratch or tackling a mountain of muddy jeans and soccer jerseys, GE Appliances are crafted to support any and every task in the home.    UltraFresh vent system with OdorBlock - the first and only UltraFresh Vent System with OdorBlock eliminates excess moisture to help prevent odors ensuring your washer stays fresh and clean    Microban antimicrobial technology - Built into components including the gasket, dispenser and draining system delivering protection that lives on load after load    SmartDispense Technology - Save time and make laundry effortless with an intelligent dispenser that holds up to 32 loads of detergent and automatically dispenses the right amount each time    1 Step Wash + Dry - Wash and dry a small load in your washer, eliminating the need to transfer clothes to the dryer    Sanitize + Allergen - Industry-first cycle sanitizes fabrics to kill 99% of common bacteria and allergens such as dust mites    Built-in WiFi - Start, stop and monitor your laundry from anywhere while receiving real-time notifications and updates    Dynamic Balancing Technology (dBT\u2122) - Our patented, time saving technology senses and rebalances uneven loads during the spin cycle, providing a quiet wash    Reversible Door - Easily reverse your washer and dryer door for superior installation flexibility    PowerSteam - Safely penetrates deep into fabric fibers, loosening stains to deliver enhanced cleaning performance    Sanitize Cycle - Sterilize clothing with elevated temperatures designed to kill common household bacteria    ENERGY STAR qualified - Meets or exceeds federal guidelines for energy efficiency for year-round energy and money savings    Approx. Dimensions (in.) - 39 3/4 H x 28 W x 34 D    Limited 1-year entire appliance warranty    Energy Star      California residents", "price": "$1169.00", "number": "311972521", "spec_str": "{'capacity_-_washer_(cu._ft.)': '5', 'depth_with_door_open_90_degrees_(in)': '56.5 in', 'door_opening_height_(in.)': '15.25', 'door_opening_width_(in.)': '22.5', 'product_depth_(in.)': '34 in', 'product_height_(in.)': '39.75 in', 'product_width_(in.)': '28 in', 'amperage_(amps)': '20 A', 'appliance_category': 'Washer', 'appliance_type': 'Front Load Washer', 'color/finish': 'Blue Sapphire', 'color/finish_family': 'Blue', 'control_type': 'Electronic', 'door_material': 'Glass', 'door_shape': 'Round Door', 'door_style': 'Reversible', 'energy_consumption_(kwh/year)': '158', 'energy_efficiency_tier_rating': 'Tier I', 'included': 'Power Cord', 'item_package_quantity': '1', 'maximum_spin_speed_(rpm)': '1300', 'number_of_rinse_cycles': '2', 'number_of_rinse_temperatures': '5', 'number_of_wash_cycles': '12', 'number_of_wash_speeds': '5', 'number_of_wash_temperatures': '5', 'pedestal_model#': 'GFP1528PNRS', 'power_options': 'Plug-in', 'product_weight_(lb.)': '246 lb', 'remote_access': 'Remote Access', 'requires_hub?': 'No Hub Required', 'returnable': 'Non-Returnable', 'smart_home': 'Smart Home Enabled', 'smart_home_protocol': 'Wi-Fi', 'stackable': 'Stackable', 'stacking_kit_model#': 'GFA28KITN', 'steam_function': 'Steam', 'voice_control_hub_required': 'Alexa via Proprietary Bridge/Gateway Google Assistant via Proprietary Bridge/Gateway', 'voltage_(volts)': '120', 'wash_cycles': 'Active Wear,Allergen,Bedding,Bulky Items,Cold,Delicates,Drain &amp; Spin,Extra Rinse,Normal,Prewash,Rinse &amp; Spin,Sanitize,Time Saving,Towels and Sheets,Whites', 'washer_dispensers': 'Bleach,Bulk Dispenser,Fabric Softener,Liquid Detergent,Powdered Detergent', 'washer_features': 'Adaptive Fill,Adjustable Legs,Advanced Vibration Control,Automatic Temperature Control,Cycle Status Indicator,Delay Start,Door Window,Spin Speed Option,Wi-Fi Enabled', 'washer_tub/drum_material': 'Stainless Steel Drum', 'works_with': 'Alexa, Google, Google Assistant', 'certifications_and_listings': 'ADA Compliant,Energy Star,UL Listed', 'manufacturer_warranty': 'Limited 1-year entire appliance'}"}