{"source_link": "https://www.homedepot.com/p/Samsung-4-5-cu-ft-High-Efficiency-Platinum-Front-Load-Washing-Machine-with-Steam-ENERGY-STAR-WF45R6100AP/311996219", "title": "4.5 cu. ft. High-Efficiency Platinum Front Load Washing Machine with Steam, ENERGY STAR", "brand": "Samsung", "image": "https://images.thdstatic.com/productImages/7bbf8d65-92fa-4d9b-81a6-3e979c290a9f/svn/platinum-samsung-front-load-washers-wf45r6100ap-64_600.jpg", "breadcrumbs": "Home,Appliances,Washers &amp; Dryers,Washing Machines,Front Load Washers", "description": "The Samsung 4.5 cu. ft. capacity front load washer with steam eliminates stains without the need to pretreat. Self Clean+ keeps your washer drum fresh and clean, while Smart Care allows for easy troubleshooting from the convenience of your smartphone. Bring inspiration to your laundry room with the beautiful platinum finish.    Steam provides powerful stain removal without pretreatment    Self Clean+ keeps your washer drum fresh and clean    Smart Care allows easy troubleshooting from the convenience of your smartphone    VRT Plus Technology reduces noise and vibration for quiet washing    Swirl+Drum Interior improves drum pattern extracts more water more quickly    Closet Depth Fit3 provides space-saving design, great for flexible installation in any laundry space    Accessibility (ADA Compliant4, AUI, Braille) certified which are designed for easy use for everyone    10 Preset Washing Cycles to best suit your washing needs    7 Additional Washing Options to enhance your washing cycle, providing optimal care for all fabric types    ENERGY STAR Certified for eco-friendly and energy-efficient use    5 Temperature Levels for the ideal temperature to wash your clothes gently and thoroughly    The matching dryers are DVG45R6100P (gas) and DVE45R6100P (electric)    Matching pedestal is WE402NP    Matching Laundry Pedestal Model #WE402NP (sold separately) enhances storage space and reduces bending and back strain while doing laundry  Click here to shop the pedestal      Click Here for details on the services included with Delivery &amp; Basic Hook-up and Installation options for Major Appliances     Click here to learn more about  Eco Options and Energy Efficiency      Click here for more information on Electronic Recycling Programs       California residents", "price": "$748.00", "number": "311996219", "spec_str": "{'capacity_-_washer_(cu._ft.)': '4.5', 'depth_with_door_open_90_degrees_(in)': '54.6 in', 'door_opening_height_(in.)': '11.75', 'door_opening_width_(in.)': '22', 'product_depth_(in.)': '31.4 in', 'product_height_(in.)': '38.75 in', 'product_width_(in.)': '27 in', 'amperage_(amps)': '15 A', 'appliance_category': 'Washer', 'appliance_type': 'Front Load Washer', 'color/finish': 'Platinum', 'color/finish_family': 'Silver', 'control_type': 'Electronic', 'door_material': 'Metal', 'door_shape': 'Round Door', 'door_style': 'Left Swing', 'energy_consumption_(kwh/year)': '80', 'energy_efficiency_tier_rating': 'Tier I', 'included': 'Hoses,Power Cord', 'maximum_spin_speed_(rpm)': '1200', 'number_of_rinse_cycles': '3', 'number_of_rinse_temperatures': '4', 'number_of_wash_cycles': '10', 'number_of_wash_speeds': '5', 'number_of_wash_temperatures': '5', 'pedestal_model#': 'WE402NP', 'product_weight_(lb.)': '201 lb', 'returnable': 'Non-Returnable', 'stackable': 'Stackable', 'stacking_kit_model#': 'Samsung Kit Model# SKK-8K', 'steam_function': 'Steam', 'voltage_(volts)': '120', 'wash_cycles': 'Bedding,Delicates,Heavy Duty,Normal,Permanent Press,Rinse &amp; Spin,Sanitize,Speed Wash,Whites', 'washer_dispensers': 'Bleach,Fabric Softener,Liquid Detergent', 'washer_features': 'Adjustable Legs,Advanced Vibration Control,Control Lock,Control Sounds On/Off,Cycle Status Indicator,Delay Start,Door Window,End-Of-Cycle Signal,Front Control,Remote Diagnostics,Water Heater', 'washer_tub/drum_material': 'Stainless Steel Drum', 'certifications_and_listings': 'ADA Compliant,Energy Star,UL Listed', 'manufacturer_warranty': 'One (1) Year Parts and Labor. Three (3) Years Stainless Steel Drum (Part Only). Ten (10) Years Direct Drive Motor (Part Only)'}"}