{"source_link": "https://www.homedepot.com/p/LG-Electronics-25-50-cu-ft-Bottom-Freezer-Refrigerator-in-PrintProof-Stainless-Steel-with-Filtered-Ice-and-Smart-Cooling-LRDCS2603S/312284005", "title": "25.50 cu. ft. Bottom Freezer Refrigerator in PrintProof Stainless Steel with Filtered Ice and Smart Cooling", "brand": "LG Electronics", "image": "https://images.thdstatic.com/productImages/4634172c-3ea6-4f49-b7a7-09dfcafcfd98/svn/printproof-stainless-steel-lg-electronics-bottom-freezer-refrigerators-lrdcs2603s-64_600.jpg", "breadcrumbs": "Home,Appliances,Refrigerators,Bottom Freezer Refrigerators", "description": "Large capacity bottom freezer refrigerator that gives you great space in style. A generous 26 cu. ft. of space gives you ample room for your needs. With contoured doors, hidden hinges, and a host of great interior features like Door Cooling+ and LED lighting give your refrigerator a look as sophisticated as it is functional.    Stock-up and store everything you need. With a cavernous 26 cu. ft. of space, this LG Bottom Mount refrigerator gives you ample space for all of your family's favorite foods and keeps them conveniently organized within reach    Now you can have all of the things you love about stainless, without the need for special cleaners or constant attention. LG's PrintProof fingerprint and smudge resistant finish easily wipes clean with a soft, dry cloth for a distinctive kitchen that handles real-life in style    Multi-Air Flow System is designed to maintain superior humidity and temperature levels to help keep your food fresher, longer. Digital sensors constantly monitor conditions within the refrigerator and strategically-placed vents in every section to help surround your food with cool air no matter where you put it    Consistent temperatures are the key to food freshness. LG took its advanced freshness system one step further by adding Door Cooling+ to provide a steady supply of cold air to help keep door contents at peak freshness    Smart Cooling system is designed to maintain superior conditions within the refrigerator    LED lighting recessed on top provide an exceptionally bright interior and saves energy over traditional lighting    SmartDiagnosis helps the service center diagnose problems over the phone, helping you troubleshoot quickly    ENERGY STAR qualified LG refrigerator exceeds federal energy standards to positively impact your energy bill, your energy consumption, and most importantly, the environment    Humidity-controlled crispers help maintain humidity levels to help extend the life of your fruits and vegetables    Elegant clean lines, contoured doors, hidden hinges, and a host of great interior features give your refrigerator a look as sophisticated as it is functional    Linear Compressor reacts quickly to temperature fluctuations and helps keep your food fresher, longer. Meanwhile, strategically-placed vents in every section help to surround your food with cool air no matter where you put it     For optimal results, replace water filter every 6 months (LT1000PC)                Click here for more information on Electronic Recycling Programs       California residents", "price": "$1598.00", "number": "312284005", "spec_str": "{'depth_(excluding_handles)': '33 in', 'depth_(including_handles)': '34.88 in', 'depth_(less_door)': '29', 'depth_with_door_open_90_degrees_(in)': '62.75 in', 'height_to_top_of_door_hinge_(in.)': '69.88 in', 'height_to_top_of_refrigerator_(in.)': '68.63 in', 'product_depth_(in.)': '34.88 in', 'product_height_(in.)': '69.88 in', 'product_width_(in.)': '32.75 in', 'refrigerator_width_(in.)': '32.75 in', 'appliance_category': 'Refrigerator', 'appliance_type': 'Bottom Freezer Refrigerator', 'built-in_and_standard_type': 'Bottom Freezer', 'color_-_appliance_cabinet': 'Gray', 'color_-_door_handle(s)': 'Stainless Steel', 'color/finish': 'PrintProof Stainless Steel', 'color/finish_family': 'Stainless Steel', 'defrost_type': 'Auto / Cycle', 'door_finish': 'Smooth', 'energy_consumption_(kwh/year)': '562', 'energy_efficiency_tier_rating': 'Not CEE rated', 'freezer_capacity_(cu._ft.)': '8.3 cu ft', 'freezer_door_type': 'Pull Out Drawer', 'freezer_features': 'LED Light Type', 'freezer_type': 'Drawer Freezer', 'general_features': 'Door Alarm,Hidden Hinge,Self-Closing Door,Smudge-Proof', 'ice_maker_features': 'Ice Maker,LED Light Type', 'ice_maker_type': 'Single Ice Maker', 'ice/water_dispenser': 'None', 'indoor/outdoor': 'Indoor', 'installation_depth': 'Standard Depth', 'number_of_doors': '2 Door', 'number_of_drawers': 'Single Drawer', 'number_of_freezer_baskets/bins': '2 Baskets/Bins', 'number_of_freezer_shelves': 'No Shelves', 'number_of_refrigerator_shelves': '2 Shelves', 'operational_features': 'Sabbath Mode,Self-Closing Door', 'product_weight_(lb.)': '226 lb', 'refrigeration_dispenser_features': 'Cubed Ice,Dispenser Location-Internal,Filtration System', 'refrigerator_capacity_(cu._ft.)': '17.2 cu ft', 'returnable': 'Non-Returnable', 'shelf_material_-_freezer': 'No Shelf', 'shelf_material_-_refrigerator': 'Glass', 'storage_features': 'Adjustable Door Storage,Adjustable Shelves/Racks,Spill Proof Shelves', 'temperature_control_type': 'External Digital', 'total_capacity_(cu._ft.)': '25.5 cu ft', 'water_filter_replacement_model#': 'LT1000P', 'certifications_and_listings': 'Energy Star', 'manufacturer_warranty': '1 Year Parts &amp; Labor, 5 Years Sealed System (Parts &amp; Labor), 5 Years Compressor (Parts &amp; Labor), 6-10 Years Inverter Compressor (Parts Only)'}"}