{"source_link": "https://www.homedepot.com/p/Samsung-27-4-cu-ft-Side-by-Side-Refrigerator-in-Fingerprint-Resistant-Stainless-Steel-RS27T5200SR/312283386", "title": "27.4 cu. ft. Side by Side Refrigerator in Fingerprint Resistant Stainless Steel", "brand": "Samsung", "image": "https://images.thdstatic.com/productImages/8357c46b-ae5b-4b44-94b3-ade93671a049/svn/fingerprint-resistant-stainless-steel-samsung-side-by-side-refrigerators-rs27t5200sr-64_600.jpg", "breadcrumbs": "Home,Appliances,Refrigerators,Side by Side Refrigerators", "description": "The Samsung 27.4 cu. ft. large capacity Side by Side refrigerator that is beautifully designed with a minimal display dispenser, modern design that blends beautifully into your kitchen and a finish that withstands everyday smudges.    Large Capacity fits more than ever before with over 10% more capacity    Modern Design with clean lines and modern form to blend beautifully    Fingerprint Resistant Finish for less smudging which means less cleaning    All Around Cooling to keep every item evenly cooled    In-Door Ice Maker with high capacity and saves shelf space    Minimal Display Dispenser provides easy access    LED lighting designed to beautifully light up the interior of your fridge    Gallon Door Bins provides more shelf space inside the fridge    2 Clear Drawers to keep your fruits and vegetables organized    Top shelf in freezer can easily be adjusted to fit taller items and provide flexible storage    Door Alarm alerts you if the doors are left open    Accessibility (ADA Compliant) for easy to reach controls for everyone     Click Here for details on the services included with Delivery &amp; Basic Hook-up, Installation options for Major Appliances, and Appliance Return Policy Information      Click here to learn more about  Eco Options and Energy Efficiency      Click here for more information on Electronic Recycling Programs       California residents", "price": "$1398.00", "number": "312283386", "spec_str": "{'depth_(excluding_handles)': '33.5 in', 'depth_(including_handles)': '33.5 in', 'depth_(less_door)': '28.94', 'depth_with_door_open_90_degrees_(in)': '51.34', 'height_to_top_of_door_hinge_(in.)': '70.09 in', 'height_to_top_of_refrigerator_(in.)': '68.66 in', 'product_depth_(in.)': '33.5 in', 'product_height_(in.)': '70.09 in', 'product_width_(in.)': '35.91 in', 'refrigerator_width_(in.)': '35.91 in', 'appliance_category': 'Refrigerator', 'appliance_type': 'Side-by-Side Refrigerator', 'built-in_and_standard_type': 'Side-by-Side', 'color_-_appliance_cabinet': 'Stainless', 'color_-_door_handle(s)': 'Fingerprint Resistant Stainless Steel', 'color/finish': 'Fingerprint Resistant Stainless Steel', 'color/finish_family': 'Stainless Steel', 'defrost_type': 'Auto / Cycle', 'door_finish': 'Smooth', 'energy_consumption_(kwh/year)': '728', 'energy_efficiency_tier_rating': 'Not CEE rated', 'freezer_capacity_(cu._ft.)': '9.5', 'freezer_door_type': 'Swing Door', 'freezer_features': 'Adjustable Leveling Legs,Adjustable Temperature Control,Ice Maker,In-door Storage,LED Light Type,Power On Light Indicator,Roll In,Safety Lock,Sliding-Bulk Storage Baskets,Temperature Alarm', 'freezer_type': 'Side Door Freezer', 'general_features': 'Child Lock,Door Alarm,Interior Light,LED Light Type,Roll In,Smudge-Proof,Wheels', 'ice_maker_features': 'Automatic Ice Level Control/Shutoff,Filtered Ice,Ice Maker,In-Door Ice Maker,No Additional Features,Removable Basket', 'ice_maker_type': 'Single Ice Maker', 'ice/water_dispenser': 'Both', 'indoor/outdoor': 'Indoor', 'installation_depth': 'Standard Depth', 'number_of_doors': '2 Door', 'number_of_freezer_baskets/bins': '3 Baskets/Bins', 'number_of_freezer_shelves': '5 Shelves', 'number_of_refrigerator_shelves': '4 Shelves', 'operational_features': 'Humidity Controlled Crisper,LED Controls,LED Temperature Controls,Sabbath Mode', 'product_weight_(lb.)': '289 lb', 'refrigeration_dispenser_features': 'Crushed Ice,Cubed Ice,Dispenser Control Lock-Out,Dispenser Location-In Door,Filtration Replacement Indicator Light,Filtration System,Fingerprint Resistant,Water Dispenser,Water Filtration', 'refrigerator_capacity_(cu._ft.)': '17.9 cu ft', 'returnable': 'Non-Returnable', 'shelf_material_-_freezer': 'Glass', 'shelf_material_-_refrigerator': 'Glass', 'storage_features': 'Adjustable Shelves/Racks,Crisper Drawer,Removable Shelves,Spill Proof Shelves', 'temperature_control_type': 'Internal Digital', 'total_capacity_(cu._ft.)': '27.4 cu ft', 'water_filter_replacement_model#': 'HAF-QINS', 'certifications_and_listings': 'ADA Compliant,UL Listed', 'manufacturer_warranty': 'Five (5) years Parts and Labor on sealed Refrigeration system only* Ten (10) years Part and Five (5) years Labor on Digital Inverter Compressor (*Compressor, evaporator, condenser, drier, connecting tubing)'}"}