{"source_link": "https://www.homedepot.com/p/LG-Electronics-4-5-cu-ft-Ultra-Large-Capacity-White-Front-Load-Washer-with-Coldwash-Technology-WM3400CW/312399923", "title": "4.5 cu. ft. Ultra Large Capacity White Front Load Washer with Coldwash Technology", "brand": "LG Electronics", "image": "https://images.thdstatic.com/productImages/a8b2bb7c-39c3-4f6f-9c01-a1298ece4082/svn/white-lg-electronics-front-load-washers-wm3400cw-64_600.jpg", "breadcrumbs": "Home,Appliances,Washers &amp; Dryers,Washing Machines,Front Load Washers", "description": "LG's ultra large capacity washer saves you time and energy while not compromising on cleaning performance. Our 6motion technology uses up to 6 different wash motions to provide a smart cleaning experience that is gentle on clothes and maximizes washing performance. The 4.5 cu.ft. capacity on washer means you have the room to do more laundry in fewer loads. And ColdWash technology uses cold water and enhanced washing motions to penetrate deep into fabrics, giving you cold water savings with warm water performance.     2022 LG Cleanup Promo - purchase LG washer and dryer with an eligible LG stick vacuum and receive an instant rebate up to $700     Towers of towels, piles of sweatshirts, and a mountain of jeans, the ultra-large capacity (4.5 cu. ft.) tub lets you do more laundry in fewer loads, thats time saved and sore backs avoided    Based on the cycle you select, LG 6Motion technology uses up to 6 different wash motions, each designed to get clothes cleaner and help them last longer, options range from a scrubbing Power motion that helps to dissolve stains to the gentle Swinging motion thats ideal for delicates    Saving energy doesnt have to mean compromising on cleaning with the Cold wash option, powered by the LG Direct Drive Motor and 6Motion technology, its ideal for cleaning all types of clotheseven those you normally wash in warm water, can be used with almost any wash cycle and virtually all fabric types    When you buy a washer, you want something reliable that you can count on, because the Direct Drive Motor uses fewer moving parts and operates more efficiently, LG confidently backs the motor with a 10-year limited warranty    LG high efficiency top load washer uses far less water and energy than a conventional washer for savings that add up with each load, get additional savings with load-sensing technology that adjusts water levels and wash times or by adding the Cold wash option to almost any cycle    LG washer is LG SideKick compatible, which means you can add the mini pedestal washer to your front load washer and now tackle 2 loads of laundry both large and small all at the same time, now you can divide and conquer your laundry and whatever messy moments life throws at you    Get extra capacity without taking up extra space, thanks to a 30 in. depth that easily fits into smaller spaces or second floor closets    Unlike tubs made from porcelain or plastic, the full stainless steel tub avoids the chips and nicks that can snag fabrics and ruin expensive clothing, durable surface actually gets smoother over time and keeps your washer looking like new, even after years of use    Run the washer whenever you wantthe motor and other components are designed for quiet operation that wont interrupt naptime or your favorite show    You shouldnt know your washer is on from the next room, the LG TrueBalance anti-vibration system is designed to reduce washer noise and vibration for smooth, quiet performance in any room of the house even if it's on another floor    TubClean Cycle is designed for easy, periodic maintenance to keep your washer fresh, the cycle uses water jets to clean the wash tub and door, and an air dryer removes excess moisture, helping to keep your high-performing washer in tip-top condition    If you ever experience an issue with your LG washer, you don't have to worry, the SmartDiagnosis feature helps the service center diagnose problems over the phone, or with a simple app on your smart phone, helping you minimize costly, inconvenient service calls    To get your clothes as clean as possible, you need the washer itself to stay clean and fresh, the TubFresh system includes an advanced tub-cleaning cycle and other innovations that help you easily maintain your washer's freshness by cleaning and drying the wash tub, door, and gaskets    Its a big washer, but that doesnt mean you have to do a big load every time, our SenseClean System automatically sets the water level and wash time for each load based on the weight    Let's face it: Sometimes, you just don't have time to wait for a standard wash cycle. When you need clean clothes fast, LG's Speed wash Cycle can have small loads clean and fresh in just 15 minutes    Stacking kit (model # KSTK1) not included    Energy Star                                Click here for more information on Electronic Recycling Programs       California residents", "price": "$798.00", "number": "312399923", "spec_str": "{'capacity_-_washer_(cu._ft.)': '4.5', 'depth_with_door_open_90_degrees_(in)': '55 in', 'door_opening_height_(in.)': '39', 'door_opening_width_(in.)': '27', 'product_depth_(in.)': '30.25 in', 'product_height_(in.)': '39 in', 'product_width_(in.)': '27 in', 'amperage_(amps)': '10 A', 'appliance_category': 'Washer', 'appliance_type': 'Front Load Washer', 'color/finish': 'White', 'color/finish_family': 'White', 'control_type': 'Electro-Mechanical', 'door_material': 'Glass', 'door_shape': 'Round Door', 'door_style': 'Left Swing', 'energy_consumption_(kwh/year)': '100', 'energy_efficiency_tier_rating': 'Tier II', 'included': 'No Additional Items Included', 'maximum_spin_speed_(rpm)': '1300', 'number_of_rinse_cycles': '6', 'number_of_rinse_temperatures': '5', 'number_of_wash_cycles': '8', 'number_of_wash_speeds': '3', 'number_of_wash_temperatures': '5', 'pedestal_model#': 'WDP4W', 'product_weight_(lb.)': '187.4 lb', 'returnable': 'Non-Returnable', 'stackable': 'Stackable', 'stacking_kit_model#': 'KSTK1', 'steam_function': 'No Steam', 'voltage_(volts)': '120', 'wash_cycles': 'Bedding,Cold,Delicates,Extra Rinse,Heavy Duty,Normal,Permanent Press,Prewash,Rinse &amp; Spin,Speed Wash,Towels and Sheets,Tub Clean', 'washer_dispensers': 'Bleach,Fabric Softener,Liquid Detergent,Prewash Detergent', 'washer_features': 'Adjustable Legs,Advanced Vibration Control,Control Lock,Delay Start,Door Window,End-Of-Cycle Signal,Front Control,Spin Speed Option', 'washer_tub/drum_material': 'Stainless Steel Aluminized Alloy Steel Drum', 'certifications_and_listings': 'CSA Listed,Energy Star,UL Listed', 'manufacturer_warranty': 'Limited 1 Year Parts and Labor, 10 Year Direct Drive Motor, 3 Year Drum Warranty'}"}