{"source_link": "https://www.homedepot.com/p/LG-Electronics-7-4-cu-ft-Ultra-Large-Graphite-Steel-Smart-Electric-Vented-Dryer-with-Sensor-Dry-and-Wi-Fi-Enabled-DLE3600V/312441398", "title": "7.4 cu. ft. Ultra Large Graphite Steel Smart Electric Vented Dryer with Sensor Dry and Wi-Fi Enabled", "brand": "LG Electronics", "image": "https://images.thdstatic.com/productImages/8ea44c85-e6c2-4069-8900-27102a6a6313/svn/graphite-steel-lg-electronics-electric-dryers-dle3600v-64_600.jpg", "breadcrumbs": "Home,Appliances,Washers &amp; Dryers,Dryers,Electric Dryers", "description": "Tired of toggling through endless cycles only to have clothes come out damp or overdry. This dryer takes out the guesswork, with built-in intelligence that uses advanced sensors and AI technology to automatically select the right drying motions, temperatures and more. It can even talk to your washer to select a compatible cycle - so you don't have to. What could be easier, use the ThinQ app to start or stop the dryer from anywhere, and even receive an alert when clothes are dry. Durable and stylish tempered glass door with white or silver accents adds the perfect finish.     2022 LG Cleanup Promo - purchase LG washer and dryer with an eligible LG stick vacuum and receive an instant rebate up to $700     Free up your day-fit more clothes in every load with 7.4 cu. ft. of space, running fewer loads saves energy and money on your utility bill    Built-in intelligence takes out the guesswork - AI technology selects optimal dry motions and settings; washer can auto select a compatible drying cycle    Stay ahead of the cycle and access key LG dryer features remotely with ThinQ technology    LG front load washers and dryers are the first to use tempered glass doors for a sleek, stylish look that resists shock and scratches; the premium feel is further enhanced by matching door trim and control knob accents; disclaimer: accent colors and finishes vary by model; door trim and matching control knob accents available in white/silver    With the FlowSense duct clogging and clean filter indicators, you'll know when it's time to clean the ducts and the lint filter out to ensure great drying every time, lower utility bills and fewer service calls    High efficiency sensor drying and low-heat settings save energy and money by using about 20% less energy than conventional models without sacrificing features or performance    More style, less space and LG closet-depth washers and dryers have a shallower depth to fit in more places and add sleek style to any room    Aluminized alloy steel drum has toughness and an attractive finish that will last for years    Designed for quiet operation, run the dryer without interrupting naptime or your favorite show    Dryer door can easily be reversed from a right swing to a left swing in minutes to give you more installation options    Periodically tumbles dry for up to 3 hours after the cycle is done to help keep wrinkles at bay    Stackable with matching washer (WM3500CW) to conserve space within your laundry room with stack kit (model: KSTK1) sold separately    10 wash programs; normal, perm, press, heavy duty, delicates, towels, speed wash, bedding, tub clean, whites, additional downloadable programs also available    11 wash options; fresh care, prewash, remote start, delay wash, Wi-Fi, add, garments, coldwash, water plus, extra rinse, rinse plus spin, child lock    All compatible LG washers, dryer, SideKick pedestal washers and laundry pedestals sold separately                                Click here for more information on Electronic Recycling Programs       California residents", "price": "$998.00", "number": "312441398", "spec_str": "{'depth_with_door_open_90_degrees_(in)': '51 in', 'door_opening_height_(in.)': '16.06', 'door_opening_width_(in.)': '16.06', 'product_depth_(in.)': '30.13 in', 'product_height_(in.)': '39 in', 'product_width_(in.)': '27 in', 'amperage_(amps)': '30 A', 'appliance_category': 'Dryer', 'appliance_type': 'Electric Dryer', 'capacity_-_dryer_(cu._ft.)': '7.4', 'color/finish': 'Graphite Steel', 'color/finish_family': 'Black Stainless Steel', 'control_type': 'Electronic', 'door_material': 'Glass', 'door_shape': 'Round Door', 'door_style': 'Reversible', 'dry_cycles': 'Air Fluff,Bedding,Cotton,Delicates,Heavy Duty,Permanent Press,Quick Dry,Sensor Dry,Towels and Sheets,Wrinkle Free', 'dryer_drum_material': 'Aluminized Alloy Steel Drum', 'dryer_features': 'Adjustable Legs,Automatic Temperature Control,Control Lock,Damp Alert,Digital Cycle Countdown,Door Window,Four-Way Venting,Front Control,Remote Diagnostics,Sensor Dry,Spin Speed Option,Wi-Fi Enabled', 'dryer_fuel_type': 'Electric', 'exhaust_vent_location': 'Back,Left Side,Right Side', 'included': 'Hardware', 'lint_filter_location': 'Front', 'matching_washer_type': 'Front Load Matching', 'number_of_drying_cycles': '10', 'number_of_drying_temperatures': '3', 'pedestal_model#': 'WDP4W', 'power_options': 'Hardwired', 'product_weight_(lb.)': '122 lb', 'remote_access': 'Remote Access', 'requires_hub?': 'No Hub Required', 'returnable': 'Non-Returnable', 'smart_home': 'Smart Home Enabled', 'smart_home_protocol': 'Wi-Fi', 'stackable': 'Stackable', 'stacking_kit_model#': 'KSTK1', 'steam_function': 'No Steam', 'vent_type': 'Vented', 'voice_control_hub_required': 'No Hub Required for Voice Control', 'voltage_(volts)': '240', 'works_with': 'Alexa, Alexa, Google, Google Assistant, SmartThinQ', 'certifications_and_listings': 'CSA Listed,Energy Star', 'manufacturer_warranty': 'Parts and Labor 1 Year'}"}