{"source_link": "https://www.homedepot.com/p/LG-Electronics-7-4-cu-ft-Vented-Smart-Electric-Dryer-with-Sensor-Dry-in-White-DLE3400W/312429301", "title": "7.4 cu. ft. Vented Smart Electric Dryer with Sensor Dry in White", "brand": "LG Electronics", "image": "https://images.thdstatic.com/productImages/82139587-e820-484d-8668-dd7f081d7e6b/svn/white-lg-electronics-electric-dryers-dle3400w-64_600.jpg", "breadcrumbs": "Home,Appliances,Washers &amp; Dryers,Dryers,Electric Dryers", "description": "Forget pulling still-damp loads from the dryer with Sensor Dry, the dryer can detect moisture and automatically adjust drying time for loads of all sizes saving energy with less wear and tear on clothes. You can even save time with ultra large capacity that fits more clothes in every load. Plus, keep your dryer clean, efficient and safe with the FlowSense Duct Clogging Indicator that lets you know when your ducts need cleaning to avoid lint buildup, improves the dryers performance for greater efficiency and lower utility bills and gives you safer, worry-free operation with fewer service calls.     2022 LG Cleanup Promo - purchase LG washer and dryer with an eligible LG stick vacuum and receive an instant rebate up to $700     Spend less time on laundry with more room for clothes, free up your day fit more clothes in every load with 7.4 cu. ft. of space, running fewer loads saves energy and money on your utility bill    With sensor dry, the dryer can detect moisture and automatically adjust drying time for loads of all sizes - saving energy with less wear and tear on clothes    FlowSense lets you know when your ducts need cleaning to avoid lint buildup, improves the dryer's performance for greater efficiency and lower utility bills and gives you safer, worry-free operation with fewer service calls    High efficiency sensor drying, and low-heat settings save energy and money by using 20% less energy than minimum ENERGY STAR requirements without sacrificing performance    Get extra capacity without taking up extra space, thanks to a 30 in. depth that easily fits into smaller spaces or second floor closets    Aluminized alloy steel drum has toughness and an attractive finish that will last for years    Designed for quiet operation, run the dryer without interrupting naptime or your favorite show    SmartDiagnosis feature helps the service center diagnose problems over the phone or with a simple app on your smart phone, helping you minimize costly, inconvenient service calls    Pressed for time, just pop your dry clothes in for a tumble on the wrinkle care option to reduce creases    Who likes ironing, the EasyIron option lightly moistens clothes to make ironing easier and more efficient    Don't know if you installed your dryer correctly, our 3-minute smart installation check feature will run through a set of diagnostics to ensure that the dryer has been installed properly and is working correctly    Let's face it: sometimes, you just don't have time to wait for a standard dry cycle - LG's SpeedDry cycle can have clothes dry in just 15 minutes    Intuitive dial-a-cycle controls and easy to read dual LED display indicators help you find the right setting every time    Stacking kit (model # KSTK1) not included    ENERGY STAR                                Click here for more information on Electronic Recycling Programs       California residents", "price": "$798.00", "number": "312429301", "spec_str": "{'depth_with_door_open_90_degrees_(in)': '51 in', 'door_opening_height_(in.)': '38.69', 'door_opening_width_(in.)': '27', 'product_depth_(in.)': '30 in', 'product_height_(in.)': '38.69 in', 'product_width_(in.)': '27 in', 'amperage_(amps)': '30 A', 'appliance_category': 'Dryer', 'appliance_type': 'Electric Dryer', 'capacity_-_dryer_(cu._ft.)': '7.4', 'color/finish': 'White', 'color/finish_family': 'White', 'control_type': 'Electronic', 'door_material': 'Steel', 'door_shape': 'Round Door', 'door_style': 'Reversible', 'dry_cycles': 'Air Fluff,Bedding,Cotton,Delicates,Heavy Duty,Permanent Press,Quick Dry,Sensor Dry,Timed Dry,Towels and Sheets,Wrinkle Free', 'dryer_drum_material': 'Aluminized Alloy Steel Drum', 'dryer_features': 'Control Lock,Damp Alert,Door Window,Four-Way Venting,Front Control,Sensor Dry,Timed Dry', 'dryer_fuel_type': 'Electric', 'exhaust_vent_location': 'Back', 'included': 'No Additional Items Included', 'lint_filter_location': 'External', 'matching_washer_type': 'Front Load Matching', 'number_of_drying_cycles': '8', 'number_of_drying_temperatures': '3', 'pedestal_model#': 'WDP4W', 'product_weight_(lb.)': '122 lb', 'returnable': 'Non-Returnable', 'stackable': 'Stackable', 'stacking_kit_model#': 'N/A', 'steam_function': 'No Steam', 'vent_type': 'Vented', 'voltage_(volts)': '240', 'certifications_and_listings': 'CSA Listed,Energy Star', 'manufacturer_warranty': 'Limited 1 Year Parts and Labor'}"}