{"source_link": "https://www.homedepot.com/p/LG-Electronics-7-4-cu-ft-White-Ultra-Large-Capacity-Electric-Dryer-with-Sensor-Dry-Turbo-Steam-DLEX4000W/312440282", "title": "7.4 cu. ft. White Ultra Large Capacity Electric Dryer with Sensor Dry, Turbo Steam", "brand": "LG Electronics", "image": "https://images.thdstatic.com/productImages/d62d4c85-e0a7-43ae-84ad-228830ca215a/svn/white-lg-electronics-electric-dryers-dlex4000w-64_600.jpg", "breadcrumbs": "Home,Appliances,Washers &amp; Dryers,Dryers,Electric Dryers", "description": "Meet the intelligent dryer that helps you save time and enhances fabric care, all at the same time. TurboSteam technology reduces wrinkles and odors in up to 5 garments to refresh clothes in between washes. Built-in intelligence automatically selects the right drying motions, temperatures and more, and even talks to your washer to select a compatible cycle-making it the ultimate laundry hack. You'll even score high on the durability and style scale, thanks to the scratch-resistant tempered glass door and rose gold accents.     2022 LG Cleanup Promo - purchase LG washer and dryer with an eligible LG stick vacuum and receive an instant rebate up to $700     Free up your day-fit more clothes in every load with 7.4 cu. ft. of space, running fewer loads saves energy and money on your utility bill    Steam refresh clothes in between washes, refresh instantly with TurboSteam that generates steam penetrating deep into fabrics    Built-in intelligence takes out the guesswork - AI technology selects optimal dry motions and settings, washer can auto-select a compatible drying cycle    Stay ahead of the cycle and access key LG dryer features remotely with ThinQ technology    LG front load washers and dryers are the first to use tempered glass doors for a sleek, stylish look that resists shock and scratches, the premium feel is further enhanced by matching door trim and control knob accents    FlowSense duct clogging indicator will tell you when it's time to clean the ducts out, clean ducts mean a great drying every time    High efficiency sensor drying and low-heat settings save energy and money by using about 20% less energy than conventional models without sacrificing features or performance    Handles surprisingly big loads with a compact, closet depth design that offers plenty of installation options    Aluminized alloy steel drum has toughness and an attractive finish that will last for years    Designed for quiet operation, run the dryer without interrupting naptime or your favorite show    Dryer door can easily be reversed from a right swing to a left swing in minutes to give you more installation options    Periodically tumbles dry for up to 3 hours after the cycle is done to help keep wrinkles at bay    With smart pairing, the washer can even tell the dryer to select a compatible drying cycle, making it the ultimate laundry hack                                Click here for more information on Electronic Recycling Programs       California residents", "price": "$998.00", "number": "312440282", "spec_str": "{'depth_with_door_open_90_degrees_(in)': '51.38 in', 'door_opening_height_(in.)': '16.93', 'door_opening_width_(in.)': '16.93', 'product_depth_(in.)': '30.13 in', 'product_height_(in.)': '39 in', 'product_width_(in.)': '27 in', 'amperage_(amps)': '30 A', 'appliance_category': 'Dryer', 'appliance_type': 'Electric Dryer', 'capacity_-_dryer_(cu._ft.)': '7.4', 'color/finish': 'White', 'color/finish_family': 'White', 'control_type': 'Electronic', 'door_material': 'Glass', 'door_shape': 'Round Door', 'door_style': 'Reversible', 'dry_cycles': 'Air Fluff,Bedding,Cotton,Delicates,Heavy Duty,Permanent Press,Quick Dry,Sanitize,Towels and Sheets', 'dryer_drum_material': 'Aluminized Alloy Steel Drum', 'dryer_features': 'Door Window,Sensor Dry,Wi-Fi Enabled', 'dryer_fuel_type': 'Electric', 'exhaust_vent_location': 'Back', 'included': 'Hardware', 'lint_filter_location': 'Front', 'matching_washer_type': 'Front Load Matching', 'number_of_drying_cycles': '12', 'number_of_drying_temperatures': '5', 'pedestal_model#': 'WDP4W', 'product_weight_(lb.)': '139.3 lb', 'returnable': 'Non-Returnable', 'stackable': 'Stackable', 'stacking_kit_model#': 'KSTK1', 'steam_function': 'Steam', 'vent_type': 'Vented', 'voltage_(volts)': '240', 'certifications_and_listings': 'CSA Listed,Energy Star', 'manufacturer_warranty': 'Limited Warranty: 1 Parts &amp; Labor,'}"}