{"source_link": "https://www.homedepot.com/p/LG-Electronics-5-0-cu-ft-Mega-Capacity-White-Top-Load-Washer-with-TurboDrum-Technology-WT7150CW/312441660", "title": "5.0 cu. ft. Mega Capacity White Top Load Washer with TurboDrum Technology", "brand": "LG Electronics", "image": "https://images.thdstatic.com/productImages/2b5c54f9-ca04-4a7f-ba2c-b6e50b3ccfc1/svn/white-lg-electronics-top-load-washers-wt7150cw-64_600.jpg", "breadcrumbs": "Home,Appliances,Washers &amp; Dryers,Washing Machines,Top Load Washers", "description": "Power through laundry day in less time with enough room to fit a king-size comforter and bedding in a single load. With TurboDrum technology for a complete but gentler clean. Offering a fresh take on the familiar top load design, this washer's streamlined control panel and silver knob and lid accents elevate your style game.     2022 LG Cleanup Promo - purchase LG washer and dryer with an eligible LG stick vacuum and receive an instant rebate up to $700     Get It all done in less time. Mega Capacity (4.8 cu. ft.) means you have even more room to do laundry in fewer loads    TurboDrum Technology simulates the agitator effect of traditional top load washers    Based on the cycle you select, LG 6Motion technology uses up to 6 different wash motions, each designed to get clothes cleaner and help them last longer    You ever experience an issue with your LG washer or dryer, you don't have to worry, the SmartDiagnosis feature helps the service center diagnose problems over the phone, or with a simple app on your smart phone, helping you minimize costly, inconvenient service calls    The deep clean you already expect from LG top load washers, plus a deep fill option to add extra water to any cycle with the touch of a button    Cycle already started, just hit Pause, Water Plus and then Start, another plus-the one-time setting will automatically switch back to high-efficiency water levels the next time you're ready to wash    Cold Wash technology provides cold-water savings with warm water performance    Backed by a 10-year limited warranty, the LG Direct Drive Motor delivers peace of mind with every load    LG high efficiency washer uses far less water and energy than a conventional washer for savings that add up with each load    Get additional savings with load-sensing technology that adjusts water levels and wash times or by adding the ColdWash option to almost any cycle    Run the washer whenever you want- LG 's TrueBalance Anti-Vibration and LoDecibel systems are designed for quiet operation that keeps even big loads in balance to reduce washer noise and vibration, a must-have for main-floor or second-floor laundry rooms    Let's face it: Sometimes, you just don't have time to wait for a standard wash cycle, when you're in a rush, LG's SpeedWash Cycle gets small lightly soiled loads refreshed in just 15-minutes    Enjoy the convenience of a clear lid that allows you to watch your washer in action, uninterrupted, and the convenient SlamProof Lid automatically closes and firmly holds itself at certain angles, thanks to our smooth-operating hydraulic hinge                      Click here for more information on Electronic Recycling Programs       California residents", "price": "$798.00", "number": "312441660", "spec_str": "{'capacity_-_washer_(cu._ft.)': '5.0', 'height_with_lid_open_90_degrees_(in)': '57.20', 'product_depth_(in.)': '28.38 in', 'product_height_(in.)': '44.5 in', 'product_width_(in.)': '27.63 in', 'agitator/impeller_type': 'Impeller', 'amperage_(amps)': '5 A', 'appliance_category': 'Washer', 'appliance_type': 'Top Load Washer', 'color/finish': 'White', 'color/finish_family': 'White', 'control_type': 'Electro-Mechanical', 'door_material': 'Glass', 'energy_consumption_(kwh/year)': '220', 'energy_efficiency_tier_rating': 'Not CEE rated', 'included': 'No Additional Items Included', 'maximum_spin_speed_(rpm)': '800', 'number_of_rinse_cycles': '9', 'number_of_rinse_temperatures': '3', 'number_of_wash_cycles': '8', 'number_of_wash_speeds': '3', 'number_of_wash_temperatures': '3', 'product_weight_(lb.)': '127 lb', 'returnable': 'Non-Returnable', 'stackable': 'Not Stackable', 'steam_function': 'No Steam', 'voltage_(volts)': '120', 'wash_cycles': 'Bedding,Cold,Delicates,Extra Rinse,Heavy Duty,Rinse &amp; Spin,Soak,Speed Wash,Tub Clean', 'washer_dispensers': 'Bleach,Fabric Softener,Liquid Detergent', 'washer_features': 'Advanced Vibration Control,Control Lock,Delay Start,Door Window,End-Of-Cycle Signal,Rear Control,Remote Diagnostics,Soft Close Lid,Spin Speed Option', 'washer_tub/drum_material': 'Stainless Steel Drum', 'certifications_and_listings': 'CSA Listed,Energy Star', 'manufacturer_warranty': '1 Year Parts and Labor, 10 Years Direct Drive Motor, 3 Years Drum'}"}