{"source_link": "https://www.homedepot.com/p/LG-Electronics-30-in-6-3-cu-ft-Smart-Wi-Fi-Enabled-Fan-Convection-Electric-Range-Oven-with-AirFry-and-EasyClean-in-Stainless-Steel-LREL6323S/312460280", "title": "30 in. 6.3 cu. ft. Smart Wi-Fi Enabled Fan Convection Electric Range Oven with AirFry and EasyClean in. Stainless Steel", "brand": "LG Electronics", "image": "https://images.thdstatic.com/productImages/0794371d-0677-4103-82d7-9bacf90b4d4c/svn/stainless-steel-lg-electronics-single-oven-electric-ranges-lrel6323s-64_600.jpg", "breadcrumbs": "Home,Smart Home,Smart Appliances,Smart Ranges", "description": "Why buy yet another gadget that takes up counter space? This LG range with built-in Air Fry delivers crispy flavor fast with no preheating and makes enough to feed a crowd-from zucchini fries to hot wings. Main dishes also shine, thanks to fan convection that distributes heat to all areas of the oven for more precise baking and roasting. When cooking is done, cleanup is quick and easy with the 10-minute EasyClean cycle that helps keep your oven looking like new.    With LG's large capacity oven, you can handle all of your family's cooking needs; whether you're baking large batches of cookies or a roast for the holidays, this oven can fit it all    Air fry delivers crispy flavor fast with no preheating and makes enough to feed a crowd, with no need to buy yet another gadget that takes up counter space; just press air fry to prepare favorite snacks like French fries, hot wings and more; high temperatures and the convection fan work together to deliver the flavor and crunch you crave without the oil or the guilt    With the convection fan, this LG range delivers the ideal temperature and airflow needed for faster preheating and more precise cooking    LG offers versatile elements that fit different sized cookware for convenience - even your largest saute pan    Just when you thought it couldn't get any faster, it did; with 3200-Watt, these dual cooktop elements are the most powerful available; not only do they deliver LG's fastest boil, they let you match the element size to your cookware for the utmost in flexibility    Got 10 minutes, then you have time to clean your oven; LG EasyClean the only 10-minute oven cleaning cycle technology brings you the fastest oven-cleaning feature yet; in 3 easy steps and 10 quick minutes your oven can be sparkling clean, without strong chemical fumes or high heat; simply spray the oven interior with water, press EasyClean and then in 10 minutes, quickly wipe away any leftover grime; and you can still use the traditional self-clean cycle for the occasional deep clean    Now you can have all of the things you love about stainless, without the need for special cleaners or constant attention; LG's PrintProof fingerprint and smudge resistant finish easily wipes clean with a soft, dry cloth for a distinctive kitchen that handles real-life in style    Intuitive SmoothTouch glass controls not only look sleek but makes operating your range a snap with just a touch of your finger; best of all they have been designed with practicality in mind - the smooth surface easily wipes clean    A premium range should meet your needs and look beautiful doing it; the brilliant blue interior provides an upscale look with premium interior design    Best view in the kitchen; this super-sized window allows you to easily check the progress of a meal no matter where it's placed in the oven    Even with the huge capacity oven above, LG still found a way to maintain the handy storage drawer below; it's a convenient, stylish way to store all your kitchen necessities and stay organized    LG ranges featuring ThinQ technology will change the way you think - and the way you live; begin preheating the oven from the office and get a jump-start on that perfectly planned meal; check on dishes from the comfort of your couch by monitoring cooking mode and remaining time on your Android or iOS device using the ThinQ app; designed with the connected home in mind, you can even activate the timer with a simple voice command, since ThinQ technology works with Google Assistant and Amazon Alexa; multi-tasking has reached a smart, new level     Air Fry tray sold separately (Model # LRAL302S)                Click here for more information on Electronic Recycling Programs       California residents", "price": "$898.00", "number": "312460280", "spec_str": "{'depth_with_door(s)_open_90_degrees_(in.)': '48.03', 'element_no.1_size_(in.)': '6', 'element_no.2_size_(in.)': '6', 'element_no.3_size_(in.)': '9', 'element_no.4_size_(in.)': '12', 'element_no.5_size_(in.)': '7', 'oven_interior_depth_(in)': '20', 'oven_interior_height_(in)': '21.38', 'oven_interior_width_(in)': '24.88', 'product_depth_(in.)': '28.88 in', 'product_height_(in.)': '46.5 in', 'product_width_(in.)': '30 in', 'range_size_(width)': '30 in.', 'amperage_(amps)': '40 A', 'appliance_category': 'Range', 'appliance_type': 'Electric Range', 'broiler_location': 'Oven', 'capacity_of_oven_(cu._ft.)': '6.3', 'cleaning_type': 'Self Cleaning', 'color_of_cooktop': 'Black', 'color/finish': 'Stainless Steel', 'color/finish_family': 'Stainless Steel', 'commercial/residential': 'Residential', 'control_type': 'Touch', 'controls_location': 'Back Control', 'cooktop_features': 'Indicator Light- Hot Surface Indicator Light,Warming Zone', 'cooktop_surface_type': 'Radiant', 'drawer_type': 'Lower Storage Drawer', 'element_no.1_type': 'Radiant', 'element_no.1_wattage': '1200', 'element_no.2_type': 'Radiant', 'element_no.2_wattage': '1200', 'element_no.3_type': 'Radiant', 'element_no.3_wattage': '3200', 'element_no.4_type': 'Radiant', 'element_no.4_wattage': '3000', 'element_no.5_type': 'Radiant', 'element_no.5_wattage': '100', 'fuel_type': 'Electric', 'included': 'No Additional Items Included', 'number_of_elements': '5 element', 'number_of_oven_racks': '2', 'number_of_rack_positions': '7', 'oven_cleaning_options': 'Self-Cleaning', 'oven_cooking_process': 'Air Fry,Convection,Standard', 'oven_features': 'Broiler in Oven,LED Display,Temperature Control,Wi-Fi Enabled', 'oven_settings': 'Keep Warm,Sabbath Mode', 'power_options': 'Hardwired', 'product_weight_(lb.)': '157 lb', 'range_installation_type': 'Freestanding', 'remote_access': 'No Remote Access', 'requires_hub?': 'No Hub Required', 'returnable': 'Non-Returnable', 'smart_home': 'Smart Home Enabled', 'smart_home_protocol': 'Wi-Fi', 'voice_control_hub_required': 'No Hub Required for Voice Control', 'voltage_(volts)': '240 V', 'works_with': 'Alexa, Google, SmartThinQ', 'certifications_and_listings': 'No Certifications or Listings', 'manufacturer_warranty': 'Limited Warranty 1 Year Parts &amp; Labor'}"}