{"source_link": "https://www.homedepot.com/p/GE-32-in-4-8-cu-ft-White-Front-Load-Washing-Machine-with-OdorBlock-UltraFresh-Vent-System-and-Sanitize-with-Oxi-GFW550SSNWW/312563953", "title": "32 in. 4.8 cu. ft. White Front Load Washing Machine with OdorBlock UltraFresh Vent System and Sanitize with Oxi", "brand": "GE", "image": "https://images.thdstatic.com/productImages/673f39e7-7618-4a7e-8cc8-8c32d493904f/svn/white-ge-front-load-washers-gfw550ssnww-64_600.jpg", "breadcrumbs": "Home,Appliances,Washers &amp; Dryers,Washing Machines,Front Load Washers", "description": "At GE Appliances, we bring good things to life, by designing and building the world's best appliances. Our goal is to help people improve their lives at home by providing quality appliances that were made for real life. Whether it's enjoying the tradition of making meals from scratch or tackling a mountain of muddy jeans and soccer jerseys, GE Appliances are crafted to support any and every task in the home.    UltraFresh vent system with OdorBlock - the first and only UltraFresh Vent System with OdorBlock eliminates excess moisture to help prevent odors ensuring your washer stays fresh and clean    Microban antimicrobial technology - Built into components including the gasket, dispenser and draining system delivering protection that lives on load after load    Built-in WiFi - Start, stop and monitor your laundry from anywhere while receiving real-time notifications and updates    Sanitize with Oxi - Remove 99% of bacteria with a dedicated cycle that uses an Oxi additive to boost your detergent\u2019s cleaning power, while keeping fabrics looking and feeling their best    Dynamic Balancing Technology (dBT\u2122) - Our patented, time saving technology senses and rebalances uneven loads during the spin cycle, providing a quiet wash    Reversible Door - Easily reverse your washer and dryer door for superior installation flexibility    32-In Depth - Fits into more homes, with no additional installation space required    Quick Wash Cycle - Provides a fast 20 minute wash for lightly soiled items    dBT Quiet Control patented technology    ENERGY STAR qualified - Meets or exceeds federal guidelines for energy efficiency for year-round energy and money savings    ADA-compliant - Designed for easy operation and access as required by the Americans with Disabilities Act    Approx. Dimensions (in.) - 39 3/4 H x 28 W x 32 D    10-year Limited Warranty - Rest assured knowing your washer is backed by a 10-year warranty      California residents", "price": "$899.00", "number": "312563953", "spec_str": "{'capacity_-_washer_(cu._ft.)': '4.8', 'depth_with_door_open_90_degrees_(in)': '54.5 in', 'door_opening_height_(in.)': '15.25', 'door_opening_width_(in.)': '22.5', 'product_depth_(in.)': '32 in', 'product_height_(in.)': '39.75 in', 'product_width_(in.)': '28 in', 'amperage_(amps)': '20 A', 'appliance_category': 'Washer', 'appliance_type': 'Front Load Washer', 'color/finish': 'White', 'color/finish_family': 'White', 'control_type': 'Digital', 'door_material': 'Glass', 'door_shape': 'Round Door', 'door_style': 'Reversible', 'energy_consumption_(kwh/year)': '158', 'energy_efficiency_tier_rating': 'Tier I', 'included': 'No Additional Items Included', 'maximum_spin_speed_(rpm)': '1300', 'number_of_rinse_cycles': '2', 'number_of_rinse_temperatures': '5', 'number_of_wash_cycles': '10', 'number_of_wash_speeds': '5', 'number_of_wash_temperatures': '5', 'pedestal_model#': 'GFP1528SNWW', 'power_options': 'Plug-in', 'product_weight_(lb.)': '246 lb', 'remote_access': 'Remote Access', 'requires_hub?': 'No Hub Required', 'returnable': 'Non-Returnable', 'smart_home': 'Smart Home Enabled', 'smart_home_protocol': 'Wi-Fi', 'stackable': 'Stackable', 'stacking_kit_model#': 'GFA28KITN', 'steam_function': 'No Steam', 'voice_control_hub_required': 'Alexa via Proprietary Bridge/Gateway', 'voltage_(volts)': '120', 'wash_cycles': 'Bedding,Bulky Items,Cold,Delicates,Extra Rinse,Handwashable,Normal,Prewash,Rinse &amp; Spin,Sanitize,Speed Wash,Time Saving,Towels and Sheets,Whites', 'washer_dispensers': 'Bleach,Fabric Softener,Liquid Detergent,Powdered Detergent', 'washer_features': 'Adaptive Fill,Add Garment (pause),Adjustable Legs,Automatic Temperature Control,Control Lock,Delay Start,Door Window,End-Of-Cycle Signal,Front Control,Spin Speed Option,Wi-Fi Enabled', 'washer_tub/drum_material': 'Stainless Steel Drum', 'works_with': 'Alexa, Google, Proprietary App', 'certifications_and_listings': 'ADA Compliant,Energy Star,UL Listed', 'manufacturer_warranty': 'Limited 1-year entire appliance warranty'}"}