{"source_link": "https://www.homedepot.com/p/Samsung-30-in-W-1-7-cu-ft-Over-the-Range-Microwave-in-Fingerprint-Resistant-Stainless-Steel-ME17R7021ES/312751901", "title": "30 in. W 1.7 cu. ft. Over the Range Microwave in Fingerprint Resistant Stainless Steel", "brand": "Samsung", "image": "https://images.thdstatic.com/productImages/23f36b12-f0fd-4060-b85d-4081ebc3e7f3/svn/fingerprint-resistant-stainless-steel-samsung-over-the-range-microwaves-me17r7021es-64_600.jpg", "breadcrumbs": "Home,Appliances,Microwaves,Over-the-Range Microwaves", "description": "The sleek yet spacious Samsung over-the-range microwave looks beautiful in any kitchen. Its large display is brightly lit with a clean, ice-blue color for elegance and easy reading. This stainless steel microwave features intuitive controls and a variety of auto cook presets that save you time while preparing meals. It even features an Eco Mode that reduces energy consumption so you can save money, too.    1.7 cu. ft. capacity accommodates a variety of snack and meal items    1000-Watt of power    300 CFM ventilation system quickly and quietly eliminates steam, fumes and odors from the kitchen    Charcoal/Grease Vent Filter, which Filters unwanted residue from cooking    10-power levels, helps deliver more precise cooking    2-Stage programmable cooking    Auto defrost/auto reheat, preset to specific times and temperatures for various foods    Auto cook    MW distribution mechanism turntable, turns while heating the help distribute heat evenly over food    Kitchen timer, built-in so you can keep track of your cooking progress    Interior light, icandescent (1)    Cooktop lighting, high, low, off    Vent fan control, on/off    Eco mode, reduces standby power    Color options, also available in white and black     Click here for more information on Electronic Recycling Programs       California residents", "price": "$268.00", "number": "312751901", "spec_str": "{'capacity_of_microwave_(cu._ft.)': '1.7', 'cut-out_front_to_back_depth_(in.)': '15.5', 'cut-out_height_(in.)': '16.5', 'cut-out_left_to_right_width_(in.)': '30', 'depth_with_door(s)_open_90_degrees_(in.)': '27', 'interior_depth_(in.)': '14.37', 'interior_height_(in.)': '9.62', 'interior_width_(in.)': '19.31', 'product_depth_(in.)': '16.5 in', 'product_height_(in.)': '17.0625 in', 'product_width_(in.)': '29.9 in', 'turntable_width_(in.)': '11 in', 'appliance_category': 'Microwave', 'appliance_type': 'Over the Range Microwave', 'color/finish': 'Fingerprint Resistant Stainless Steel', 'color/finish_family': 'Stainless Steel', 'compatible_trim_kit_model_number': 'N/A', 'controls_location': 'Side Controls', 'door_swing/style': 'Right to Left Swing', 'exhaust_fan_speeds': '2', 'exhaust_maximum_cfm': '300', 'interior_light_type': 'Incandescent', 'light_source': 'Incandescent', 'microwave_door_release': 'Pull', 'microwave_features': 'Charcoal Filter,One Touch Cooking,Turntable', 'microwave_settings': 'Defrost', 'microwave_size': 'Large', 'number_of_one-touch_settings': '8', 'number_of_power_levels': '10', 'product_weight_(lb.)': '50.8', 'returnable': 'Non-Returnable', 'vent_fan_location': 'Back', 'vent_location': 'Back', 'vent_type': 'Convertible', 'wattage_(watts)': '1000 W', 'certifications_and_listings': 'UL Listed', 'manufacturer_warranty': 'One (1) Year All Parts and Labor Ten (10) Years Parts on Magnetron', 'safety_listing': 'CE'}"}