{"source_link": "https://www.homedepot.com/p/Frigidaire-White-Electric-Washer-Dryer-Laundry-Center-3-9-cu-ft-Washer-and-5-5-cu-ft-Dryer-FLCE7522AW/312751609", "title": "White Electric Washer/Dryer Laundry Center - 3.9 cu. ft. Washer and 5.5 cu. ft. Dryer", "brand": "Frigidaire", "image": "https://images.thdstatic.com/productImages/f11ffa7d-9e86-4189-a646-5bf5f4e4924d/svn/white-frigidaire-laundry-centers-flce7522aw-64_600.jpg", "breadcrumbs": "Home,Appliances,Washers &amp; Dryers,Laundry Centers", "description": "The Frigidaire Top Load Washer/Electric Dryer conveniently stacks the 5.5 cu. ft. electric dryer on top of the 3.9 cu. ft. washer to save space. This super-efficient system offers eight multiple wash cycles to meet all of your washing needs such as delicate, bedding and casual. Four different drying cycles meet all of your drying needs, including delicate, casuals and heavy-duty. Featured in a classic, white finish to complement your laundry area. Search matching gas dryer model FLCG7522AW.    Excellent cleaning performance - the movement of the agitator in the washer ensures your clothes come out clean    Quick wash and dry cycles save you time - get a load done faster with quick wash and dry cycles    Largest laundry center washer capacity allows you to wash more clothes - fit more in every load with 3.9 cu. ft. washer capacity    MaxFill gives you the maximum water level for the selected cycle and ultimate clean    Features 10 wash cycles such as comforter, delicate, bedding and casual    Features 6 dry cycles to meet all of your drying needs such as delicate, activewear, bulky, and air fluff    4 timed dryer cycles - select your desired drying time limit that works with your schedule    Quieter clean with quiet pack - new sound dampening technology offers quieter operation    Laundry cycle status lights keep you informed - green LED light keep you informed on when the cycle is washing, rinsing, spinning and done    Convenient end-of-cycle signal - always know when your laundry is done with the end-of-cycle beep    1-year limited warranty               Click here for more information on Electronic Recycling Programs    ", "price": "$1394.00", "number": "312751609", "spec_str": "{'capacity_-_washer_(cu._ft.)': '3.9', 'depth_with_door_open_90_degrees_(in)': '47.5 in', 'door_opening_height_(in.)': '18.63', 'door_opening_width_(in.)': '28.4', 'dryer_door_opening_height_(in.)': '14', 'dryer_door_opening_width_(in.)': '17', 'product_depth_(in.)': '31.5 in', 'product_height_(in.)': '76 in', 'product_width_(in.)': '27 in', 'agitator/impeller_type': 'Agitator', 'amperage_(amps)': '30 A', 'appliance_type': 'Washer &amp; Dryer Combo', 'capacity_-_dryer_(cu._ft.)': '5.5', 'color/finish': 'White', 'color/finish_family': 'White', 'control_type': 'Mechanical', 'door_material': 'Metal', 'dry_cycles': 'Delicates', 'dryer_door_style': 'Right Swing', 'dryer_drum_material': 'Stainless Steel Drum', 'dryer_features': 'Automatic Temperature Control,Digital Cycle Countdown,Four-Way Venting,Front Control,Moisture Sensor,Sensor Dry,Timed Dry', 'dryer_fuel_type': 'Electric', 'energy_consumption_(kwh/year)': '175', 'energy_efficiency_tier_rating': 'Not CEE rated', 'exhaust_vent_location': 'Back', 'included': 'No Additional Items Included', 'lint_filter_location': 'Front', 'maximum_spin_speed_(rpm)': '850', 'number_of_drying_cycles': '4', 'number_of_drying_temperatures': '3', 'number_of_rinse_cycles': '1', 'number_of_rinse_temperatures': '3', 'number_of_wash_cycles': '10', 'number_of_wash_speeds': '4', 'number_of_wash_temperatures': '3', 'product_weight_(lb.)': '280 lb', 'returnable': 'Non-Returnable', 'steam_function': 'No Steam', 'vent_type': 'Vented', 'voltage_(volts)': '240', 'wash_cycles': 'Delicates,Heavy Duty', 'washer_dispensers': 'Bleach', 'washer_features': 'Add Garment (pause),Front Control', 'washer_tub/drum_material': 'Stainless Steel Drum', 'certifications_and_listings': 'UL Listed', 'manufacturer_warranty': 'One Year Limited'}"}