{"source_link": "https://www.homedepot.com/p/Frigidaire-30-in-1-8-cu-ft-Over-the-Range-Microwave-in-Stainless-Steel-FFMV1846VS/312820576", "title": "30 in. 1.8 cu. ft. Over the Range Microwave in Stainless Steel", "brand": "Frigidaire", "image": "https://images.thdstatic.com/productImages/67178610-c8b5-4f97-9f68-e25fe8a34138/svn/stainless-steel-frigidaire-over-the-range-microwaves-ffmv1846vs-64_600.jpg", "breadcrumbs": "Home,Appliances,Microwaves,Over-the-Range Microwaves", "description": "This extra-large and sleek Frigidaire 1.8 cu. ft. Over-the-Range Stainless Steel Microwave oven features Auto-Reheat and One-Touch options so you can warm up any meal with a single touch. The Fits-More capacity allows it to hold almost any dish. The ventilation with Auto-Start Heat Sensor Fan features includes 2-fan speeds that move up to 300 cu. ft. of air per minute and removable dishwasher-safe filters.    1.8 cu. ft. Extra-Large capacity microwave provides ample cooking space and will hold almost any dish - even a 13 in. x 9 in. baking dish    1,000-Watt of cooking power and 9 power levels    Built-in 2-Speed 105/220 CFM ventilating system doubles as a convertible hood to remove smoke, steam and odors    Ready-select controls allow you to easily select options with the touch of a button    Microwaves feature easy-to-use one-touch buttons so you can cook baked potatoes, popcorn or even add 30 seconds with the touch of a button    Multi-Stage Cooking option allows you to program power levels and cooking times in advance, so you can program the microwave all at once to defrost, cook and keep a meal warm    Extra-Large 13-1/2 in. Dia Glass Turntable    LED interior microwave light stays on while your dish cooks    2-Speed Ventilation Over-The-Range microwave doubles as a hood with Auto-start Heat Sensor    Dishwasher-Safe vent filter and charcoal vent filters (ductless, recirculating Installation) remove grease and impurities from the air    Limited 1-Year Warranty nationwide     Click here for more information on Electronic Recycling Programs       California residents", "price": "$349.00", "number": "312820576", "spec_str": "{'capacity_of_microwave_(cu._ft.)': '1.8', 'cut-out_front_to_back_depth_(in.)': '15.75', 'cut-out_height_(in.)': '16.38', 'cut-out_left_to_right_width_(in.)': '29.875', 'depth_with_door(s)_open_90_degrees_(in.)': '25.25', 'interior_depth_(in.)': '14.5625', 'interior_height_(in.)': '10.5625', 'interior_width_(in.)': '21.09', 'product_depth_(in.)': '15.25', 'product_height_(in.)': '16.4', 'product_width_(in.)': '29.875', 'turntable_width_(in.)': '12 in', 'appliance_category': 'Microwave', 'appliance_type': 'Over the Range Microwave', 'color/finish': 'Stainless Steel', 'color/finish_family': 'Stainless Steel', 'compatible_trim_kit_model_number': 'N/A', 'controls_location': 'Side Controls', 'door_swing/style': 'Right to Left Swing', 'exhaust_fan_speeds': '2', 'exhaust_maximum_cfm': '300', 'interior_light_type': 'LED', 'light_source': 'LED', 'microwave_door_release': 'Pull', 'microwave_features': 'Charcoal Filter,Removable Filter,Turntable', 'microwave_settings': 'Defrost,Popcorn', 'microwave_size': 'Large', 'number_of_one-touch_settings': '27', 'number_of_power_levels': '10', 'product_weight_(lb.)': '52.6', 'returnable': 'Non-Returnable', 'vent_fan_location': 'Back', 'vent_location': 'Top', 'vent_type': 'Convertible', 'wattage_(watts)': '1000 W', 'certifications_and_listings': 'UL Listed', 'manufacturer_warranty': '1 Year Limited Warranty Parts &amp; Labor', 'safety_listing': 'UL'}"}