{"source_link": "https://www.homedepot.com/p/FRIGIDAIRE-GALLERY-30-in-1-9-cu-ft-Over-the-Range-Microwave-in-Stainless-Steel-FGBM19WNVF/313183349", "title": "30 in. 1.9 cu. ft. Over the Range Microwave in Stainless Steel", "brand": "FRIGIDAIRE GALLERY", "image": "https://images.thdstatic.com/productImages/3abc93b7-24ee-413d-9a2a-40a059eac9df/svn/stainless-steel-frigidaire-gallery-over-the-range-microwaves-fgbm19wnvf-64_600.jpg", "breadcrumbs": "Home,Appliances,Microwaves,Over-the-Range Microwaves", "description": "This Frigidaire Gallery 1.9 cu. ft. Over-The-Range Microwave with Sensor Cook automatically detects moisture and adjusts power levels and cooking times to cook a variety of items. Easily wipe away and clean spills from your microwave with the Effortless Clean Interior surface. Make meal preparation and cooking simple with LED lighting that offers a clear, bright view of your cooktop.    Effortless Clean Interior, Easily wipe away and clean spills from your microwave with the Effortless Clean Interior surface    Cooktop LED Lighting, make meal preparation and cooking simple with LED lighting that offers a clear, bright view of your cooktop    Smudge-Proof Stainless Steel Resists fingerprints and cleans easily    Full-Width Door Stylish and functional, Our full-width door maximizes the interior space, while edge-to-edge glass offers a sleek and stylish look    3-Speed Ventilation Fan, this over-the-range microwave doubles as a hood and offers three levels of ventilation to meet your needs- low, medium, and high. The 3-speed ventilation fan is capable of moving up to 400 cu. ft. of air per minute    Sensor Cooking Automatically detects moisture and adjusts power levels and cooking time to cook a variety of items    1-Touch Options our microwaves feature easy-to-use one-touch buttons so you can cook baked potatoes, popcorn or even add 30 seconds with the touch of a button    Extra-Large 13-1/2 in. Diameter Glass Turntable Big bowls and large casserole dishes are no problem for our extra-large glass turntable, It rotates for even cooking    Zero-Clearance Door the microwave door is guaranteed to open up to a 90\u00b0 angle without touching any adjacent walls, helping you adapt to any compact spaces in your kitchen    Removable Turntable     Click here for more information on Electronic Recycling Programs       California residents", "price": "$431.00", "number": "313183349", "spec_str": "{'capacity_of_microwave_(cu._ft.)': '1.9', 'cut-out_front_to_back_depth_(in.)': '12', 'cut-out_height_(in.)': '16.75', 'cut-out_left_to_right_width_(in.)': '30', 'depth_with_door(s)_open_90_degrees_(in.)': '26', 'interior_depth_(in.)': '14.5625', 'interior_height_(in.)': '10.5625', 'interior_width_(in.)': '21.09', 'product_depth_(in.)': '15.75', 'product_height_(in.)': '16.375', 'product_width_(in.)': '29.875', 'turntable_width_(in.)': '14 in', 'appliance_category': 'Microwave', 'appliance_type': 'Over the Range Microwave', 'color/finish': 'Stainless Steel', 'color/finish_family': 'Stainless Steel', 'compatible_trim_kit_model_number': 'GMTK2768AF', 'controls_location': 'Bottom Controls', 'door_swing/style': 'Right to Left Swing', 'exhaust_fan_speeds': '2', 'exhaust_maximum_cfm': '400', 'interior_light_type': 'LED', 'light_source': 'LED', 'microwave_door_release': 'Pull', 'microwave_features': 'Auto-Touch Control Panel,Charcoal Filter,Fingerprint Resistant,Interactive Cooking System,Safety Lock,Turntable', 'microwave_settings': 'Cook by Weight,Defrost by Weight,Pizza,Popcorn,Reheat', 'microwave_size': 'Large', 'number_of_one-touch_settings': '1', 'number_of_power_levels': '9', 'product_weight_(lb.)': '67', 'returnable': 'Non-Returnable', 'vent_fan_location': 'Back', 'vent_location': 'Top', 'vent_type': 'External', 'wattage_(watts)': '1.2 W', 'certifications_and_listings': 'UL Listed,cUL Listed', 'manufacturer_warranty': '1 Year Limited Warranty', 'safety_listing': 'UL'}"}