{"source_link": "https://www.homedepot.com/p/GE-30-in-6-8-cu-ft-Double-Oven-Gas-Range-with-Steam-Cleaning-Convection-Oven-in-Stainless-Steel-JGBS86SPSS/313246979", "title": "30 in. 6.8 cu. ft. Double Oven Gas Range with Steam-Cleaning Convection Oven in Stainless Steel", "brand": "GE", "image": "https://images.thdstatic.com/productImages/eedb8670-0aa0-49ad-b7fa-e0bed6bf2e14/svn/stainless-steel-ge-double-oven-gas-ranges-jgbs86spss-64_600.jpg", "breadcrumbs": "Home,Appliances,Ranges,Gas Ranges,Double Oven Gas Ranges", "description": "At GE Appliances, we bring good things to life, by designing and building the world's best appliances. Our goal is to help people improve their lives at home by providing quality appliances that were made for real life. Whether it's enjoying the tradition of making meals from scratch or tackling a mountain of muddy jeans and soccer jerseys, GE Appliances are crafted to support any and every task in the home.    Edge-to-edge cooktop - continuous, edge-to-edge cooktop give you a large cooking space and can handle any cookware    Integrated griddle - This integrated non-stick griddle leads the industry in size and quality, so you can cook a lot of food at once    Power boil burner - This 15,000-BTU power boil element produces intense heat to boil water fast    Center oval burner - This center oval burner gives you a fifth burner and the perfect place to use griddles or odd-size cookware    Steam clean - A steam cleaning option cleans the oven cavity in a 30-minute cycle with less odor and heat    Precise simmer burner - This burner setting provides low, even heat so delicate dishes don't burn    Heavy Duty, Dishwasher-Safe Grates - These cooktop grates can be cleaned one of two ways - either in the dishwasher, or on the bottom of a self-clean oven.    Large capacity double oven - Cook an entire meal at once with a 6.8 cubic foot total capacity double oven which provides enough room for multiple dishes    Sealed cooktop burners - Sealed cooktop burners contain cooking spills so cleanup is quick and easy    Deep-recessed cooktop - This deep-recessed gas cooktop contains cooking spills and makes it easier to clean up    Limited 1-year entire appliance warranty    Installation is not available in all locations. See store for details.      California residents", "price": "$1438.00", "number": "313246979", "spec_str": "{'depth_with_door(s)_open_90_degrees_(in.)': '43.5', 'lower_oven_interior_depth_(in)': '20.63', 'lower_oven_interior_height_(in.)': '15', 'lower_oven_interior_width_(in.)': '24', 'product_depth_(in.)': '29.25 in', 'product_height_(in.)': '47.5 in', 'product_width_(in.)': '30 in', 'range_size_(width)': '30 in.', 'upper_oven_interior_depth_(in)': '19.13', 'upper_oven_interior_height_(in.)': '9.5', 'upper_oven_interior_width_(in.)': '24', 'appliance_category': 'Range', 'appliance_type': 'Gas Range', 'broiler_location': 'Oven', 'burner_grate_material': 'Cast Iron', 'burner_no.1_btu': '12000', 'burner_no.2_btu': '5000', 'burner_no.3_btu': '10000', 'burner_no.4_btu': '15000', 'burner_no.5_btu': '9500', 'capacity_of_oven_(cu._ft.)': '6.8', 'cleaning_type': 'Steam Clean', 'color_of_cooktop': 'Gray', 'color/finish': 'Stainless Steel', 'color/finish_family': 'Stainless Steel', 'commercial/residential': 'Residential', 'control_type': 'Electronic', 'controls_location': 'Front Control', 'cooktop_features': 'Control Lockout,Dishwasher Safe Grates,LP Convertible,Power Element,Sealed Burners,With Griddle', 'cooktop_surface_type': 'Recessed', 'drawer_type': 'No Drawer', 'fuel_type': 'Gas', 'ignition_type': 'Electrical', 'included': 'Propane (LP) Conversion Kit', 'lower_oven_capacity_(cu._ft.)': '4.3', 'lower_oven_features': 'Broiler in Oven,Temperature Control', 'lower_oven_rack_positions': '5', 'lower_oven_settings': 'Sabbath Mode', 'number_of_burners': '5 burner', 'number_of_oven_racks': '3', 'oven_cleaning_options': 'Steam Clean', 'oven_cooking_process': 'Convection,Standard', 'product_weight_(lb.)': '205 lb', 'range_installation_type': 'Freestanding', 'returnable': 'Non-Returnable', 'upper_oven_capacity_(cu._ft.)': '2.5', 'upper_oven_features': 'Broiler in Oven,Temperature Control', 'upper_oven_rack_positions': '2', 'upper_oven_settings': 'Sabbath Mode', 'certifications_and_listings': 'Star-K,UL Listed', 'manufacturer_warranty': 'Limited 1 year entire appliance warranty'}"}