{"source_link": "https://www.homedepot.com/p/Vissani-7-1-cu-ft-Top-Freezer-Refrigerator-in-Stainless-Steel-Look-MDFF7SS/313489925", "title": "7.1 cu. ft. Top Freezer Refrigerator in Stainless Steel Look", "brand": "Vissani", "image": "https://images.thdstatic.com/productImages/2da45c85-7a44-49af-9e10-92b94454b7db/svn/stainless-steel-look-vissani-top-freezer-refrigerators-mdff7ss-64_600.jpg", "breadcrumbs": "Home,Appliances,Refrigerators,Top Freezer Refrigerators", "description": "Bring freshness to your life with the VISSANI 7.1 cu. ft. refrigerator. The adjustable and removable shelf will help you manage the storage in fridge with greater flexibility. With the fridge's interior light, you can easily find your groceries at night. The 2 l bottle rack on the door will allow you to effectively store larger bottles with ease. You can also store fruit or vegetable separately in the crisper.    Stainless steel look door    Adjustable shelf    Interior light    2 l bottle rack    Vegetable and fruit crisper    Adjustable leg    Removable shelf    Wire shelf in freezer    Easy clean shelf    Safety shelf    Hidden handle      California residents", "price": "$259.00", "number": "313489925", "spec_str": "{'assembled_depth_(in.)': '21.65 in', 'assembled_height_(in.)': '56.30 in', 'assembled_width_(in.)': '21.65 in', 'depth_(excluding_handles)': '21.7 in', 'depth_(including_handles)': '21.7 in', 'depth_(less_door)': '18.9 in', 'depth_with_door_open_90_degrees_(in)': '43.3', 'height_to_top_of_door_hinge_(in.)': '56 in', 'height_to_top_of_refrigerator_(in.)': '56 in', 'product_depth_(in.)': '21.7 in', 'product_height_(in.)': '56.3 in', 'product_width_(in.)': '21.7 in', 'refrigerator_width_(in.)': '21.7 in', 'appliance_category': 'Refrigerator', 'appliance_type': 'Top Freezer Refrigerator', 'built-in_and_standard_type': 'Top Freezer', 'color_-_appliance_cabinet': 'Black', 'color_-_door_handle(s)': 'Black', 'color/finish': 'Stainless steel look', 'color/finish_family': 'Stainless Look', 'defrost_type': 'Manual', 'door_finish': 'Smooth', 'energy_consumption_(kwh/year)': '375', 'energy_efficiency_tier_rating': 'Not CEE rated', 'freezer_capacity_(cu._ft.)': '1.4 cu ft', 'freezer_door_type': 'Swing Door', 'freezer_features': 'No Additional Features', 'freezer_type': 'Top Door Freezer', 'general_features': 'Incandescent Light Type,Reversible Door Hinge', 'ice_maker_features': 'No Ice Maker', 'ice_maker_type': 'Without Ice Maker', 'ice/water_dispenser': 'None', 'indoor/outdoor': 'Indoor', 'installation_depth': 'Standard Depth', 'number_of_doors': '2 Door', 'number_of_freezer_baskets/bins': 'No Baskets/Bins', 'number_of_freezer_shelves': '1 Shelf', 'number_of_refrigerator_shelves': '2 Shelves', 'operational_features': 'No Additional Features', 'product_weight_(lb.)': '89.3 lb', 'refrigeration_dispenser_features': 'No Dispenser', 'refrigerator_capacity_(cu._ft.)': '5.7 cu ft', 'returnable': '90-Day', 'shelf_material_-_freezer': 'Wire', 'shelf_material_-_refrigerator': 'Glass', 'storage_features': 'Adjustable Shelves/Racks,Crisper Drawer,Removable Shelves', 'temperature_control_type': 'Internal Analog', 'total_capacity_(cu._ft.)': '7.1 cu ft', 'water_filter_replacement_model#': 'none', 'certifications_and_listings': 'CSA Listed', 'manufacturer_warranty': '1'}"}