{"source_link": "https://www.homedepot.com/p/Samsung-27-in-4-5-cu-ft-High-Efficiency-White-Front-Load-Washing-Machine-with-Self-Clean-ENERGY-STAR-WF45T6000AW/313846213", "title": "27 in. 4.5 cu. ft. High-Efficiency White Front Load Washing Machine with Self-Clean+, ENERGY STAR", "brand": "Samsung", "image": "https://images.thdstatic.com/productImages/8884f130-2ef0-4229-9f52-b889e545008d/svn/white-samsung-front-load-washers-wf45t6000aw-64_600.jpg", "breadcrumbs": "Home,Appliances,Washers &amp; Dryers,Washing Machines,Front Load Washers", "description": "Samsung's ENERGY STAR Certified Front Load washer has 4.5 cu. ft. capacity to fit more in every load and cut down on laundry time. It is equipped with Vibration Reduction Technology+ to reduce noise for quiet washing and features Self Clean+ to eliminate 99% of bacteria that can form in the drum.    Large 4.5 cu ft. Capacity for fewer loads, less time in the laundry room and more time doing the things you love    Do your laundry without disturbing anyone at any time and in any place. Innovative Vibration Reduction Technology+ reduces noise and vibration for quiet washing    Keep your washer fresh and clean with Self Clean+ technology, which eliminates 99% of bacteria that can form in any washer drum, Self Clean+ will notify you every 40 wash cycles when it is time for a cleaning    ENERGY STAR certified, so you can save money by using less energy without sacrificing performance or functionality    Easy troubleshooting from the convenience of your smartphone. Smart Care interacts with your washer and dryer to perform an immediate diagnosis and offer quick solutions    Swirl+ Drum Interior for improved drum pattern that extracts more water more quickly during the rinsing cycle and prevents fabrics from snagging during washing    Closet-Depth Fit gives your home a sleek, modern look with a seamless design. This washer has a shallow depth, so it fits within your existing laundry space without sacrificing any capacity, thanks to our new, wider drum. Also, a new control panel design provides better visibility, so it is easy to use when stacked    With a Samsung Riser, your washer or dryer is compliant with the Americans with Disabilities Act (ADA), making loading and unloading easier. Also aiding the visually and hearing impaired, audio assistance plays a different sound for each option and braille is next to key control panel buttons    UL Certified    10 Preset Washing Cycles    6 Additional Washing Options - Provide optimal care for all fabric types    5 Temperature Levels    Matching Dryers: DVE45T6000W (Electric) and DVG45T6000W (Gas)    Matching Pedestal: WE402NW    Matching Riser: WE272NW     Click here for more information on Electronic Recycling Programs       California residents", "price": "$808.00", "number": "313846213", "spec_str": "{'capacity_-_washer_(cu._ft.)': '4.5', 'depth_with_door_open_90_degrees_(in)': '52.68 in', 'door_opening_height_(in.)': '23.46', 'door_opening_width_(in.)': '23.48', 'product_depth_(in.)': '31.3 in', 'product_height_(in.)': '38 in', 'product_width_(in.)': '27 in', 'amperage_(amps)': '15 A', 'appliance_category': 'Washer', 'appliance_type': 'Front Load Washer', 'color/finish': 'White', 'color/finish_family': 'White', 'control_type': 'Electro-Mechanical', 'door_material': 'Glass', 'door_shape': 'Round Door', 'door_style': 'Left Swing', 'energy_consumption_(kwh/year)': '90', 'energy_efficiency_tier_rating': 'Tier II', 'included': 'Power Cord', 'maximum_spin_speed_(rpm)': '1200', 'number_of_rinse_cycles': '5', 'number_of_rinse_temperatures': '5', 'number_of_wash_cycles': '10', 'number_of_wash_speeds': '5', 'number_of_wash_temperatures': '6', 'pedestal_model#': 'WE402NW', 'product_weight_(lb.)': '200 lb', 'returnable': 'Non-Returnable', 'stackable': 'Stackable', 'stacking_kit_model#': 'SKK-8K', 'steam_function': 'No Steam', 'voltage_(volts)': '120', 'wash_cycles': 'Active Wear,Bedding,Delicates,Heavy Duty,Normal,Permanent Press,Rinse &amp; Spin,Whites', 'washer_dispensers': 'Bleach,Fabric Softener,Liquid Detergent', 'washer_features': 'Adjustable Legs,Advanced Vibration Control,Control Lock,Door Window,End-Of-Cycle Signal,Front Control', 'washer_tub/drum_material': 'Stainless Steel Drum', 'certifications_and_listings': 'ADA Compliant,Energy Star', 'manufacturer_warranty': 'One (1) Year Parts and Labor; Three (3) Years Stainless Steel Drum (Part Only); Ten (10) Years Direct Drive Motor (Part Only)'}"}