{"source_link": "https://www.homedepot.com/p/Samsung-7-5-cu-ft-120-Volt-White-Gas-Dryer-with-Sensor-Dry-Pedestals-Sold-Separately-DVG45T6000W/313846262", "title": "7.5 cu. ft. 120-Volt White Gas Dryer with Sensor Dry (Pedestals Sold Separately)", "brand": "Samsung", "image": "https://images.thdstatic.com/productImages/89af0479-ab4b-4398-a849-97449a5a5f59/svn/white-samsung-gas-dryers-dvg45t6000w-64_600.jpg", "breadcrumbs": "Home,Appliances,Washers &amp; Dryers,Dryers,Gas Dryers", "description": "Samsung's new dryers have advanced features like Sensor Dry, which optimizes cycle time and temperature to thoroughly dry without damaging your clothes. Also, with 7.5 cu. ft. capacity and 10- preset drying cycles, you can do fewer loads in less time and fulfill almost every drying need.    Sensor dry - automatically optimizes the time and temperature of your drying cycle to protect your clothes from heat damage, while avoiding excess energy use    Large 7.5 cu. ft. capacity - fewer loads, less time in the laundry room, and more time doing the things you love    10-preset drying cycles - more cycles to cover almost every drying need for your active family    Smart care - easy troubleshooting from the convenience of your smartphone, smart care interacts with your washer and dryer to perform an immediate diagnosis and offer quick solutions    Interior drum light - put an end to stray socks or small items that are hard to spot    Reversible dryer door - choose the direction of the dryer door to suit your home's layout    Lint filter indicator - provides a helpful reminder when it's time to clean the filter    Accessibility (ADA compliant, AUI, Braille) - with a Samsung riser, your washer or dryer is compliant with the Americans with Disabilities Act (ADA), making loading and unloading much easier, also aiding the visually and hearing impaired, audio assistance plays a different sound for each option and braille is next to key control panel buttons    9-additional drying options - further options to provide optimal care for all fabric types    5-temperature levels - ideal temperatures to treat your clothes gently and thoroughly    Matching washer: WF45T6000AW    Matching pedestal: WE402NW    Matching riser: WE272NW    Installation is not available in all locations. See store for details.               Click here for more information on Electronic Recycling Programs       California residents", "price": "$898.00", "number": "313846262", "spec_str": "{'depth_with_door_open_90_degrees_(in)': '52.63 in', 'door_opening_height_(in.)': '23.46', 'door_opening_width_(in.)': '23.48', 'product_depth_(in.)': '31.5 in', 'product_height_(in.)': '38 in', 'product_width_(in.)': '27 in', 'appliance_category': 'Dryer', 'appliance_type': 'Gas Dryer', 'capacity_-_dryer_(cu._ft.)': '7.5', 'color/finish': 'White', 'color/finish_family': 'White', 'control_type': 'Electro-Mechanical', 'door_material': 'Glass', 'door_shape': 'Round Door', 'door_style': 'Reversible', 'dry_cycles': 'Active Wear,Air Fluff,Bedding,Delicates,Heavy Duty,Permanent Press,Quick Dry,Sanitize,Timed Dry', 'dryer_drum_material': 'Powder-Coated Steel Drum', 'dryer_features': 'Adjustable Legs,Control Lock,Digital Cycle Countdown,Door Window,Front Control,Interior Light,Lint Filter,Sensor Dry,Timed Dry', 'dryer_fuel_type': 'Gas', 'exhaust_vent_location': 'Back,Bottom,Left Side', 'included': 'No Additional Items Included', 'lint_filter_location': 'Front', 'matching_washer_type': 'Front Load Matching', 'number_of_drying_cycles': '5', 'number_of_drying_temperatures': '5', 'pedestal_model#': 'WE402NW', 'product_weight_(lb.)': '123 lb', 'returnable': 'Non-Returnable', 'stackable': 'Stackable', 'stacking_kit_model#': 'SKK-8K', 'steam_function': 'No Steam', 'vent_type': 'Vented', 'voltage_(volts)': '120', 'certifications_and_listings': 'CSA Listed', 'manufacturer_warranty': 'One (1) Year Parts and Labor'}"}