{"source_link": "https://www.homedepot.com/p/ZLINE-Kitchen-and-Bath-24-1-6-cu-Fit-Built-in-Convection-Microwave-Oven-with-Speed-Cook-in-Stainless-Steel-with-Sensor-Cooking-MWO-24/313952445", "title": "24\" 1.6 cu. Fit. Built-in Convection Microwave Oven with Speed Cook in Stainless Steel with Sensor Cooking", "brand": "ZLINE Kitchen and Bath", "image": "https://images.thdstatic.com/productImages/7d437d10-1a72-427d-95b1-7fb2a9c966e2/svn/stainless-steel-zline-kitchen-and-bath-built-in-microwaves-mwo-24-64_600.jpg", "breadcrumbs": "Home,Appliances,Microwaves,Commercial Microwaves,Commercial Countertop", "description": "Combining precise, high performance technology with seamless integration, the ZLINE MWO-24 Convection Microwave Oven with Speed Cook is an elite upgrade for a professional kitchen suite. Experience optimal results for every dish with 11 different power levels, utilizing regular heat, broil, or convection cooking elements. Premium cooking features include multi-stage cooking technology, sensor cooking, express cooking, and multiple auto-defrost settings. Have peace of mind in a busy kitchen with the integrated child lock safety feature. Enjoy a modern, yet versatile built-in installation and superior cooking with the ZLINE Convection Microwave Oven with Speed Cook. ZLINE continues to revolutionize the industry by providing our customers with Attainable Luxury. ZLINE proudly stands by the longevity and durability of their microwave ovens. The MWO-24 ships next business day when in stock.    Multiple power levels with regular heat, broil, and convection cooking elements    Enjoy sensor-cooking, speed cooking, and multiple auto-defrost settings for enhanced cooking and convenience    Easy to read LCD display and kitchen timer    Ceramic made and reversible turntable - The turntable can turn clockwise or counter clockwise and is constructed from ceramic for durability    Child lock safety feature for added peace of mind    1,000-Watt cooking power to thoroughly cook or defrost any dish    Sensor cooking - With sensor cooking, the microwave oven automatically determines the required cooking time for each food item and allows you to cook many of your favorite foods without selecting cooking times or power levels    Rapid preheating - With rapid preheating, your oven reaches the set temperature very quickly to expedite the reheating process    Reversible wire rack - face down for baking or roasting, face up for grilling    2 year parts warranty                         Click here for more information on Electronic Recycling Programs    ", "price": "$1299.95", "number": "313952445", "spec_str": "{'capacity_of_microwave_(cu._ft.)': '1.6', 'cut-out_front_to_back_depth_(in.)': '22', 'cut-out_height_(in.)': '17.75', 'cut-out_left_to_right_width_(in.)': '22.3', 'depth_with_door(s)_open_90_degrees_(in.)': '30', 'interior_depth_(in.)': '16.5', 'interior_height_(in.)': '10', 'interior_width_(in.)': '16.5', 'product_depth_(in.)': '22 in', 'product_height_(in.)': '17.75 in', 'product_width_(in.)': '23.4 in', 'turntable_width_(in.)': '14 in', 'appliance_category': 'Microwave', 'appliance_type': 'Built-In Microwave', 'color/finish': 'Stainless Steel', 'color/finish_family': 'Stainless Steel', 'compatible_trim_kit_model_number': 'N/A', 'controls_location': 'Bottom Controls', 'door_swing/style': 'Drop Down', 'interior_light_type': 'LED', 'microwave_door_release': 'Pull', 'microwave_features': 'Convection Oven,Interactive Cooking System,Microwave Rack,One Touch Cooking,Safety Lock,Timer', 'microwave_settings': 'Defrost,Pizza,Sensor Cook', 'microwave_size': 'Medium', 'number_of_one-touch_settings': '6', 'number_of_power_levels': '4', 'product_weight_(lb.)': '82 lb', 'returnable': '90-Day', 'vent_location': 'Back', 'wattage_(watts)': '1000 W', 'certifications_and_listings': 'ETL Listed', 'manufacturer_warranty': '2 Year Warranty', 'safety_listing': 'ETL,UL'}"}