{"source_link": "https://www.homedepot.com/p/Samsung-28-2-cu-ft-French-Door-Refrigerator-in-Stainless-Steel-RF28T5001SR/314024432", "title": "28.2 cu. ft. French Door Refrigerator in Stainless Steel", "brand": "Samsung", "image": "https://images.thdstatic.com/productImages/35a1abed-11b8-4e9e-91d8-6449e09e9bb7/svn/fingerprint-resistant-stainless-steel-samsung-french-door-refrigerators-rf28t5001sr-64_600.jpg", "breadcrumbs": "Home,Appliances,Refrigerators,French Door Refrigerators", "description": "Samsung's 28 cu. ft. large capacity 3-Door French Door refrigerator is beautifully designed, with sleek-edge doors, and EZ open handles. The clean lines and modern form blend beautifully into your kitchen while the fingerprint resistant finish withstands everyday smudges.    Large Capacity - A completely redesigned interior with 28 cu. ft. capacity that fits 10% more groceries, when compared to Samsung 3-Door model RF260BEAE with 25.5 cu. ft capacity    Modern Design - Clean lines and modern form blend beautifully into your kitchen    Fingerprint Resistant Finish - A finish that withstands everyday smudges, so you spend less time cleaning    All-Around Cooling - Multi-vent technology keeps items on every shelf evenly cooled    Large capacity ice maker, stores up to 5.5 lbs. of ice    Full-Width Drawer - Large drawer space for storing party platters, deli items, beverages and more    High-Efficiency LED Lighting - LED lighting designed to beautifully light up the interior of your fridge so you can quickly spot what you want    EZ-Open Handle - Specially designed handle allows for easy opening and closing of a fully loaded freezer. Automatically slides out for easy access, organization and storage    ENERGY STAR Certified - Eco-friendly and energy-efficient Visit www.energstar.gov for more information on Energy Star guidelines    Accessibility (ADA Compliant) - Easy to reach controls for everyone    Adjustable Shelving - Middle shelf can be easily adjusted to fit taller items    Sabbath Mode - Adjusts your refrigerator to meet requirements of certain religious laws for holidays and days of rest     Click here for more information on Electronic Recycling Programs       California residents", "price": "$1889.00", "number": "314024432", "spec_str": "{'depth_(excluding_handles)': '32.8 in', 'depth_(including_handles)': '35.4 in', 'depth_(less_door)': '28.8', 'depth_with_door_open_90_degrees_(in)': '47.2', 'height_to_top_of_door_hinge_(in.)': '70 in', 'height_to_top_of_refrigerator_(in.)': '68.8 in', 'product_depth_(in.)': '35.4 in', 'product_height_(in.)': '70 in', 'product_width_(in.)': '35.75', 'refrigerator_width_(in.)': '35.75 in', 'appliance_category': 'Refrigerator', 'appliance_type': 'French Door Refrigerator', 'built-in_and_standard_type': 'French Door', 'color_-_appliance_cabinet': 'White', 'color_-_door_handle(s)': 'Stainless Steel', 'color/finish': 'Fingerprint Resistant Stainless Steel', 'color/finish_family': 'Stainless Steel', 'defrost_type': 'Auto / Cycle', 'door_finish': 'Smooth', 'energy_consumption_(kwh/year)': '645', 'energy_efficiency_tier_rating': 'Tier I', 'freezer_capacity_(cu._ft.)': '8.6', 'freezer_door_type': 'Pull Out Drawer', 'freezer_features': 'Adjustable Temperature Control,Ice Maker,LED Light Type,Sliding-Bulk Storage Baskets', 'freezer_type': 'Drawer Freezer', 'general_features': 'Door Alarm,Hidden Hinge,LED Light Type,Roll In,Smudge-Proof,Wheels', 'ice_maker_features': 'Ice Maker', 'ice_maker_type': 'Single Ice Maker', 'ice/water_dispenser': 'None', 'indoor/outdoor': 'Indoor', 'installation_depth': 'Standard Depth', 'number_of_doors': '3 Door', 'number_of_drawers': 'Single Drawer', 'number_of_freezer_baskets/bins': '1 Basket/Bin', 'number_of_freezer_shelves': 'No Shelves', 'number_of_refrigerator_shelves': '5 Shelves', 'operational_features': 'Humidity Controlled Crisper,LED Temperature Controls', 'product_weight_(lb.)': '276 lb', 'refrigeration_dispenser_features': 'No Dispenser', 'refrigerator_capacity_(cu._ft.)': '19.6 cu ft', 'returnable': 'Non-Returnable', 'shelf_material_-_freezer': 'Plastic', 'shelf_material_-_refrigerator': 'Glass', 'storage_features': 'Adjustable Door Storage,Crisper Drawer,Gallon Door Storage,Spill Proof Shelves', 'temperature_control_type': 'Internal Digital', 'total_capacity_(cu._ft.)': '28.2 cu ft', 'water_filter_replacement_model#': 'HAF-QIN', 'certifications_and_listings': 'ADA Compliant,Energy Star,UL Listed', 'manufacturer_warranty': 'Five (5) years Parts and Labor on sealed Refrigeration system only* Ten (10) years Part and Five (5) years Labor on Digital Inverter Compressor (*Compressor, evaporator, condenser, drier, connecting tubing)'}"}