{"source_link": "https://www.homedepot.com/p/LG-Electronics-33-in-25-cu-ft-3-Door-French-Door-Refrigerator-in-PrintProof-Stainless-Steel-LRFCS25D3S/314145556", "title": "33 in. 25 cu. ft. 3-Door French Door Refrigerator in PrintProof Stainless Steel", "brand": "LG Electronics", "image": "https://images.thdstatic.com/productImages/59e708e8-ce33-45f5-bad6-d0689e8441f5/svn/printproof-stainless-steel-lg-electronics-french-door-refrigerators-lrfcs25d3s-64_600.jpg", "breadcrumbs": "Home,Appliances,Refrigerators,French Door Refrigerators", "description": "If you think a refrigerator with top-of-the-line features means sacrificing style or space, this will make you reconsider. With nearly 25 cu. ft. of space, this 33 in. wide refrigerator has the largest capacity on the market. It also has Smart Cooling technology built-in, designed to help keep your food fresher. With that, and much more, you get the peace-of-mind of a 10-year warranty on the Linear Compressor.    With a cavernous 25 cu. ft. of space, this LG French Door refrigerator gives you ample space for all of your family's favorite foods and keeps them conveniently organized and within reach    Get the space you need in a refrigerator that's right for your kitchen with this 33 in. wide, 25 cu. ft. refrigerator you can store a lot in style    Fingerprint and smudge resistant finish easily wipes clean with a soft, dry cloth, so the only lasting impression is your impeccable taste    2 crisper drawers gives you easy access to your fruits, vegetables and beverages    Multi-Air Flow System is designed to maintain superior humidity and temperature levels to help keep your food fresher, longer    Located in the top of the fresh food section, the Door Cooling+ vent extends the reach of LG's Smart Cooling system and Blasts of cool air to all areas of the refrigerator-including the door-to help maintain consistent temperatures and keeps produce fresh up to 2X longer    Sophisticated style and Design with Contoured Doors and Hidden Hinges    LED Lighting give your refrigerator a look as sophisticated as it is functional    Contoured doors, hidden hinges, and a host of great interior features give your refrigerator a look that's as sophisticated as it is functional, this appliance helps you create the sophisticated, distinctive kitchen you want-and deserve    ENERGY STAR qualified LG refrigerator exceeds federal energy standards to positively impact your energy bill, your energy consumption, and most importantly, the environment    Refrigerator also features a full-width Glide N' Serve drawer, making the it easy to find some space for all that food you want to keep fresh               Click here for more information on Electronic Recycling Programs       California residents", "price": "$1498.00", "number": "314145556", "spec_str": "{'depth_(excluding_handles)': '33 in', 'depth_(including_handles)': '35.5 in', 'depth_(less_door)': '29 in', 'depth_with_door_open_90_degrees_(in)': '51.5', 'height_to_top_of_door_hinge_(in.)': '69.88 in', 'height_to_top_of_refrigerator_(in.)': '68.63 in', 'product_depth_(in.)': '35.5 in', 'product_height_(in.)': '69.88 in', 'product_width_(in.)': '32.75 in', 'refrigerator_width_(in.)': '32.75 in', 'appliance_category': 'Refrigerator', 'appliance_type': 'French Door Refrigerator', 'built-in_and_standard_type': 'French Door', 'color_-_appliance_cabinet': 'Gray', 'color_-_door_handle(s)': 'PrintProof Stainless Steel', 'color/finish': 'PrintProof Stainless Steel', 'color/finish_family': 'Stainless Steel', 'defrost_type': 'Auto / Cycle', 'door_finish': 'Smooth', 'energy_consumption_(kwh/year)': '608', 'energy_efficiency_tier_rating': 'Tier I', 'freezer_capacity_(cu._ft.)': '8.3', 'freezer_door_type': 'Pull Out Drawer', 'freezer_features': 'Adjustable Leveling Legs,Adjustable Temperature Control,Ice Maker,In-door Storage,LED Light Type,Lift-Out Bulk Storage Baskets,Temperature Alarm', 'freezer_type': 'Drawer Freezer', 'general_features': 'Door Alarm,Hidden Hinge,Interior Light,LED Light Type,Self-Closing Door', 'ice_maker_features': 'Automatic Ice Level Control/Shutoff,Removable Basket', 'ice_maker_type': 'Single Ice Maker', 'ice/water_dispenser': 'None', 'indoor/outdoor': 'Indoor', 'installation_depth': 'Standard Depth', 'number_of_doors': '3 Door', 'number_of_drawers': 'Single Drawer', 'number_of_freezer_baskets/bins': '2 Baskets/Bins', 'number_of_freezer_shelves': 'No Shelves', 'number_of_refrigerator_shelves': '4 Shelves', 'operational_features': 'Humidity Controlled Crisper,LED Controls,Sabbath Mode,Self-Closing Door', 'product_weight_(lb.)': '233.7 lb', 'refrigeration_dispenser_features': 'No Dispenser', 'refrigerator_capacity_(cu._ft.)': '16.9 cu ft', 'returnable': 'Non-Returnable', 'shelf_material_-_freezer': 'Plastic', 'shelf_material_-_refrigerator': 'Glass', 'storage_features': 'Adjustable Door Storage,Adjustable Racks,Deli Drawer,Gallon Door Storage,Removable Shelves,Spill Proof Shelves', 'temperature_control_type': 'Internal Digital', 'total_capacity_(cu._ft.)': '25.1 cu ft', 'water_filter_replacement_model#': 'N/A', 'certifications_and_listings': 'Energy Star', 'manufacturer_warranty': 'Limited Warranty: 1 Year Parts and Labor, 5 Years Sealed System &amp; Compressor (Parts &amp; Labor),'}"}