{"source_link": "https://www.homedepot.com/p/Maytag-28-in-4-8-cu-ft-White-Top-Load-Washing-Machine-with-Deep-Fill-MVW6200KW/314369183", "title": "28 in. 4.8 cu. ft. White Top Load Washing Machine with Deep Fill", "brand": "Maytag", "image": "https://images.thdstatic.com/productImages/89989ac0-0ca8-4d55-b4d2-80bd143189cf/svn/white-maytag-top-load-washers-mvw6200kw-64_600.jpg", "breadcrumbs": "Home,Appliances,Washers &amp; Dryers,Washing Machines,Top Load Washers", "description": "Tackle tough loads with this 4.8 cu. ft. capacity top load washer. The drawer dispenser thoroughly releases detergent throughout the load then the Power Impeller keeps clothes saturated with water and concentrated detergent during the cycle to deliver powerful cleaning. Equipped with the Deep Fill option, fill the wash basket with your choice of deeper water levels for more water when you want it. When you need a load done fast, turn to the Quick Wash cycle which cleans small, lightly soiled loads in 30 minutes. Add a 10-year limited parts warranty\u2020 on the drive motor and wash basket, and you've got the power to clean loads for the long haul.    For more water when you want it, select the Deep Fill option to fill the wash basket with your choice of deeper water levels. The extra water works with robust wash action to effectively break down and rinse away everyday tough messes.    The Quick Wash cycle cleans small, lightly soiled loads in 30 minutes with extra high spin speeds, pairing nicely with the Quick Dry cycle on matching Maytag dryers to get your clothes ready in no time.    The drawer dispenser delivers powerful cleaning, attacking everyday tough soils early in the cycle, by mixing detergent-liquid or powder-with water then dispersing thoroughly throughout the load.    We don't just tell you a Maytag washer will get your clothes clean for years: we confidently back our washers with a 10-year limited parts warranty on the direct drive motor and stainless steel wash basket (Visit maytag.com for warranty details).    The slow-close glass lid offers a clear view of laundry and quiet, precision closing.    The powerful shock absorbers and springs of Advanced Vibration Control reduce vibration to help keep disruptive noise to a minimum, load after load.    Auto Sensing does the job for you by adjusting the water level for each load to provide efficient cleaning.    The Power impeller attacks everyday tough stains in a single wash with a reverse wash motion and triple action spray that keeps clothes thoroughly saturated with water and concentrated detergent throughout the cycle.    Tackle large loads with 4.8 cu. ft. capacity, enough space to wash 19 towels at once.    Add additional rinses to your cycle for optimal cleaning. An Extra Rinse adds a secondary, deep rinse to the cycle while the Fabric Softener option should be used to release fabric softener at the end of the cycle.    Fast spin speeds of up to 750 RPM help remove water from clothes to reduce drying time.    We take pride in building strong, reliable appliances for your home. These washers are proudly assembled by hard-working employees in Clyde, Ohio.    The Wrinkle Control cycle is specially designed to help prevent wrinkles with warm water and low spin speeds.    The stainless steel wash basket is designed for years of washes and built with sturdy materials to last for the long haul. It's also backed by our 10-year limited parts warranty.    Run the affresh cycle every 30 washes with an affresh washing machine cleaner tablet or liquid chlorine bleach to thoroughly clean the inside of your washer.    Whirlpool Corporation started in 1911 as a small company in Benton Harbor, Michigan. Today we are a global home appliance business selling products around the world. We are proud of our American heritage and ingenuity that have driven innovation for over 100 years.     Click here for more information on Electronic Recycling Programs       California residents", "price": "$728.00", "number": "314369183", "spec_str": "{'capacity_-_washer_(cu._ft.)': '4.8', 'height_with_lid_open_90_degrees_(in)': '57.5', 'product_depth_(in.)': '27.5 in', 'product_height_(in.)': '42 in', 'product_width_(in.)': '27.5 in', 'agitator/impeller_type': 'Impeller', 'amperage_(amps)': '15 A', 'appliance_category': 'Washer', 'appliance_type': 'Top Load Washer', 'color/finish': 'White', 'color/finish_family': 'White', 'control_type': 'Electro-Mechanical', 'door_material': 'Glass', 'energy_consumption_(kwh/year)': '340', 'energy_efficiency_tier_rating': 'Not CEE rated', 'included': 'Power Cord', 'maximum_spin_speed_(rpm)': '750', 'number_of_rinse_cycles': '2', 'number_of_rinse_temperatures': '1', 'number_of_wash_cycles': '10', 'number_of_wash_speeds': '3', 'number_of_wash_temperatures': '5', 'product_weight_(lb.)': '150 lb', 'returnable': 'Non-Returnable', 'stackable': 'Not Stackable', 'steam_function': 'No Steam', 'voltage_(volts)': '120', 'wash_cycles': 'Bulky Items,Delicates,Drain &amp; Spin,Heavy Duty,Speed Wash,Towels and Sheets', 'washer_dispensers': 'Bleach,Fabric Softener,Liquid Detergent', 'washer_features': 'Adjustable Legs,Advanced Vibration Control,Automatic Temperature Control,Control Lock,Cycle Status Indicator,Door Window,High-Efficiency Detergent Required,Spin Speed Option', 'washer_tub/drum_material': 'Stainless Steel Drum', 'certifications_and_listings': 'UL Listed,cUL Listed', 'manufacturer_warranty': 'One Year Limited Warranty'}"}