{"source_link": "https://www.homedepot.com/p/Samsung-Large-7-4-cu-ft-Capacity-Brushed-Black-Electric-Dryer-with-Sensor-Dry-DVE45T3400V/314328444", "title": "Large 7.4 cu. ft. Capacity Brushed Black Electric Dryer with Sensor Dry", "brand": "Samsung", "image": "https://images.thdstatic.com/productImages/ea3ed01b-c2c8-4087-b3da-9a1ade876ad0/svn/brushed-black-samsung-electric-dryers-dve45t3400v-64_600.jpg", "breadcrumbs": "Home,Appliances,Washers &amp; Dryers,Dryers,Electric Dryers", "description": "Samsung's Large 7.4 cu. ft. Capacity Top Load dryer fits more in every load, cutting down on laundry time. It features Sensor Dry that helps prevent overdrying for optima fabric care. The dryer has 10 Preset Drying Cycles to best suite your drying needs.    Automatically sets the time and temperature of your drying cycle to protect your clothes from over drying and cut down on energy usage    Large 7.4 cu. ft. Capacity - fewer loads, less time in the laundry room and more time doing the things you love    10 Preset Drying Cycles - More cycles to cover almost every drying need for your active family    Easy troubleshooting from the convenience of your smartphone.Smart Care interacts with your washer and dryer to perform an immediate diagnosis and offer quick solutions    Reversible Dryer Door - Choose the direction your dryer door opens to better suit your laundry room layout    Lint Filter Indicator - Stop worrying about lint or fluff building-up and blocking your dryer's air intake. The Filter Check Indicator light on the control panel will provide you with a helpful reminder when it is time to clean the filter, so your dryer maintains optimal performance    7 Additional Drying Options - further options to provide optimal care for all fabric types.    4 Temperature Levels - Choose from High, Medium, Low and Extra Low temperature levels to dry your clothes gently and thoroughly    Child Lock - Allows you to lock the buttons on your machine so the cycle you've chosen can't be changed mid-cycle    4-Way Venting - Allows your dryer to be vented on multiple sides    Wrinkle Prevent - Tumbles your laundry even after the cycle is complete to prevent wrinkles    Matching washer: WA45T3400AV    Gas Option Available - DVG45T3400V     Click here for more information on Electronic Recycling Programs       California residents", "price": "$848.00", "number": "314328444", "spec_str": "{'depth_with_door_open_90_degrees_(in)': '50.13 in', 'door_opening_height_(in.)': '44', 'door_opening_width_(in.)': '27', 'product_depth_(in.)': '30.25 in', 'product_height_(in.)': '46.9 in', 'product_width_(in.)': '27 in', 'amperage_(amps)': '30 A', 'appliance_category': 'Dryer', 'appliance_type': 'Electric Dryer', 'capacity_-_dryer_(cu._ft.)': '7.4', 'color/finish': 'Brushed Black', 'color/finish_family': 'Brushed Black', 'control_type': 'Electro-Mechanical', 'door_material': 'Glass', 'door_shape': 'Square Door', 'door_style': 'Right Swing', 'dry_cycles': 'Air Fluff,Bedding,Delicates,Heavy Duty,Permanent Press,Quick Dry,Sanitize,Timed Dry,Wrinkle Free', 'dryer_drum_material': 'Stainless Steel Drum', 'dryer_features': 'Adjustable Legs,Automatic Temperature Control,Control Lock,Delay Start,Digital Cycle Countdown,Door Window,Four-Way Venting,Lint Filter,Moisture Sensor,Rear Control,Sensor Dry,Timed Dry', 'dryer_fuel_type': 'Electric', 'exhaust_vent_location': 'Back,Bottom,Left Side,Right Side', 'included': 'Power Cord', 'lint_filter_location': 'Front', 'matching_washer_type': 'Top Load Matching', 'number_of_drying_cycles': '10', 'number_of_drying_temperatures': '4', 'pedestal_model#': 'NA', 'product_weight_(lb.)': '119 lb', 'returnable': 'Non-Returnable', 'stackable': 'Not Stackable', 'stacking_kit_model#': 'NA', 'steam_function': 'No Steam', 'vent_type': 'Vented', 'voltage_(volts)': '240', 'certifications_and_listings': 'UL Listed', 'manufacturer_warranty': 'One (1) Year Parts and Labor'}"}