{"source_link": "https://www.homedepot.com/p/Frigidaire-25-6-Cu-Ft-36-in-Standard-Depth-Side-by-Side-Refrigerator-in-Stainless-Steel-FRSS2623AS/314635724", "title": "25.6 Cu.Ft. 36 in. Standard Depth Side by Side Refrigerator in Stainless Steel", "brand": "Frigidaire", "image": "https://images.thdstatic.com/productImages/da17d8aa-87e1-4abe-a65c-b0157facacc4/svn/stainless-steel-frigidaire-side-by-side-refrigerators-frss2623as-64_600.jpg", "breadcrumbs": "Home,Appliances,Refrigerators,Side by Side Refrigerators", "description": "This Frigidaire 36\" Side-by-side refrigerator offers our EvenTemp Cooling System which reacts quickly to temperature fluctuations and constantly circulates cold air throughout the fresh food and freezer compartments, ensuring a consistent cool from top to bottom. PureSource 3 filtration gives you great-tasting clean water and ice. Bright Lighting in both the refrigerator and freezer compartments makes it easy to see what's inside.    EvenTemp Cooling System    Fresh Storage Crispers    Large Capacity with Flexible Organization    Bright LED Lighting    PurePour Water Filter    Cubed/Crushed Ice Dispenser    Power Failure Alarm    Door Ajar Alarm    Freezer: Automatic Defrost    Refrigerator Air Filter    SpillSafe Shelves     Click here for more information on Electronic Recycling Programs    ", "price": "$1259.00", "number": "314635724", "spec_str": "{'depth_(excluding_handles)': '32.75 in', 'depth_(including_handles)': '35.25', 'depth_(less_door)': '28.75 in', 'depth_with_door_open_90_degrees_(in)': '50', 'height_to_top_of_door_hinge_(in.)': '70 in', 'height_to_top_of_refrigerator_(in.)': '68.125 in', 'product_depth_(in.)': '35.25 in', 'product_height_(in.)': '70 in', 'product_width_(in.)': '36.25 in', 'refrigerator_width_(in.)': '36.25 in', 'appliance_category': 'Refrigerator', 'appliance_type': 'Side-by-Side Refrigerator', 'built-in_and_standard_type': 'Side-by-Side', 'color_-_appliance_cabinet': 'White', 'color_-_door_handle(s)': 'Stainless Steel', 'color/finish': 'Stainless Steel', 'color/finish_family': 'Stainless Steel', 'defrost_type': 'Auto / Cycle', 'door_finish': 'Smooth', 'energy_consumption_(kwh/year)': '710', 'energy_efficiency_tier_rating': 'Not CEE rated', 'freezer_capacity_(cu._ft.)': '9', 'freezer_door_type': 'Swing Door', 'freezer_features': 'Ice Maker,In-door Storage,LED Light Type', 'freezer_type': 'Side Door Freezer', 'general_features': 'Door Alarm,LED Light Type,Wheels', 'ice_maker_features': 'Filtered Ice,Ice Maker,Removable Basket', 'ice_maker_type': 'Single Ice Maker', 'ice/water_dispenser': 'Both', 'indoor/outdoor': 'Indoor,Outdoor', 'installation_depth': 'Standard Depth', 'number_of_doors': '2 Door', 'number_of_freezer_baskets/bins': '1 Basket/Bin', 'number_of_freezer_shelves': '2 Shelves', 'number_of_refrigerator_shelves': '3 Shelves', 'operational_features': 'Fresh Air Filter,LED Controls', 'product_weight_(lb.)': '278.35 lb', 'refrigeration_dispenser_features': 'Crushed Ice,Cubed Ice,Dispenser Location-In Door,Filtration Replacement Indicator Light,Filtration System,Water Dispenser,Water Filtration', 'refrigerator_capacity_(cu._ft.)': '16.6 cu ft', 'returnable': 'Non-Returnable', 'shelf_material_-_freezer': 'Wire', 'shelf_material_-_refrigerator': 'Glass', 'storage_features': 'Adjustable Door Storage,Adjustable Shelves/Racks,Crisper Drawer,Gallon Door Storage,Spill Proof Shelves', 'temperature_control_type': 'Internal Digital', 'total_capacity_(cu._ft.)': '25.6 cu ft', 'water_filter_replacement_model#': 'WF3CB', 'certifications_and_listings': 'NSF Certified,UL Listed,cUL Listed', 'manufacturer_warranty': '1 Year Limited Warranty'}"}