{"source_link": "https://www.homedepot.com/p/LG-Electronics-27-in-Black-Steel-WashTower-Laundry-Center-with-4-5-cu-ft-Front-Load-Washer-and-7-4-cu-ft-Electric-Dryer-WKEX200HBA/314744262", "title": "27 in. Black Steel WashTower Laundry Center with 4.5 cu. ft. Front Load Washer and 7.4 cu. ft. Electric Dryer", "brand": "LG Electronics", "image": "https://images.thdstatic.com/productImages/59e7af8b-8f0b-457d-85c0-128173344cee/svn/black-steel-lg-electronics-electric-dryers-wkex200hba-64_600.jpg", "breadcrumbs": "Home,Appliances,Washers &amp; Dryers,Washing Machines,Front Load Washers", "description": "Full-size and fully featured, with the washer on the bottom and dryer on top, the sleek single unit LG WashTower takes up half the space, giving you room to add a sink, a folding table or whatever you like. But unlike conventional stacked pairs, LG's exclusive Center Control panel is perfectly positioned with both washer and dryer controls at just the right height. Built-in intelligence makes laundry less of a chore by taking out the guesswork, while top-of-the-line innovations put advanced cleaning power within reach.     2022 LG Cleanup Promo - purchase this item with an eligible LG stick vacuum and receive an instant rebate up to $700     Get It All Done In Less Time. Ultra Large Capacity (4.5 cu. ft. in the washer and 7.4 cu. ft. in the dryer) means you have even more room to do laundry in fewer loads.    This vertical laundry solution puts everything within reach. Full-size capacity and features in half the space, with a centralized control panel for the easiest access ever.    Built-in intelligence takes out the guesswork- AI technology can select optimal wash &amp; dry motions and settings. Washer can auto-select a compatible drying cycle.    From ultra-large capacity to top-of-the-line innovations, the LG WashTower delivers the advanced cleaning performance you need.    AAFA certified LG washers with the Allergiene Cycle use the power of steam to remove over 95% of pet dander and dust.    The ThinQ App controls laundry remotely &amp; Proactive Customer Care sends maintenance tips &amp; alerts.    Real tempered glass doors provide a sleek, stylish look that also resists shock and scratches.    Backed by a 10-year limited warranty, the LG Direct Drive Motor delivers peace of mind with every load.    ENERGY STAR certified- get additional savings that add up with each load without sacrificing performance.    With the FlowSense Duct Clogging and Clean Filter Indicators, you'll know when it's time to clean the ducts and the lint filter out to ensure great drying every time, lower utility bills and fewer service calls.    Unlike tubs made from porcelain or plastic, the full stainless steel tubs avoid the chips and nicks that can snag fabrics and ruin clothing.    Thoroughly cleans and dries the tub, door and gaskets with the press of a button.    Keeps even big loads in balance to reduce washer noise and vibration.    Designed for quiet operation, run the washer or dryer without interrupting naptime or your favorite show.    Periodically tumbles dry for up to 3 hours after the cycle is done to help keep wrinkles at bay.    SpeedWash Cycle gets small loads clean and refreshed in just 15 minutes.    Doors are not reversible - left swing only                                Click here for more information on Electronic Recycling Programs       California residents", "price": "$1998.00", "number": "314744262", "spec_str": "{'capacity_-_washer_(cu._ft.)': '4.5', 'depth_with_door_open_90_degrees_(in)': '55 in', 'door_opening_height_(in.)': '16.06', 'door_opening_width_(in.)': '16.06', 'dryer_door_opening_height_(in.)': '16.06', 'dryer_door_opening_width_(in.)': '16.06', 'product_depth_(in.)': '30.38 in', 'product_height_(in.)': '74.38 in', 'product_width_(in.)': '27 in', 'agitator/impeller_type': 'Impeller', 'amperage_(amps)': '30 A', 'appliance_type': 'Washer &amp; Dryer Combo', 'capacity_-_dryer_(cu._ft.)': '7.4', 'color/finish': 'Black Steel', 'color/finish_family': 'Black', 'control_type': 'Electronic', 'door_material': 'Glass', 'dry_cycles': 'Bedding,Cotton,Delicates,Heavy Duty,Sanitize,Wrinkle Free', 'dryer_door_style': 'Left Swing', 'dryer_drum_material': 'Stainless Steel Drum', 'dryer_features': 'Adjustable End-of-Cycle Signal,Control Lock,Interior Light,Wi-Fi Enabled', 'dryer_fuel_type': 'Electric', 'energy_consumption_(kwh/year)': '105', 'energy_efficiency_tier_rating': 'Tier II', 'exhaust_vent_location': 'Back', 'included': 'No Additional Items Included', 'lint_filter_location': 'Front', 'maximum_spin_speed_(rpm)': '1300', 'number_of_drying_cycles': '9', 'number_of_drying_temperatures': '5', 'number_of_rinse_cycles': '5', 'number_of_rinse_temperatures': '5', 'number_of_wash_cycles': '10', 'number_of_wash_speeds': '5', 'number_of_wash_temperatures': '5', 'power_options': 'Hardwired', 'product_weight_(lb.)': '326 lb', 'remote_access': 'No Remote Access', 'requires_hub?': 'No Hub Required', 'returnable': 'Non-Returnable', 'smart_home': 'Smart Home Enabled', 'smart_home_protocol': 'Wi-Fi', 'steam_function': 'Steam', 'vent_type': 'Vented', 'voice_control_hub_required': 'No Hub Required for Voice Control', 'voltage_(volts)': '240', 'wash_cycles': 'Bedding,Delicates,Extra Rinse,Heavy Duty,Normal,Prewash,Sanitize,Speed Wash,Tub Clean', 'washer_dispensers': 'Bleach,Fabric Softener,Liquid Detergent,Prewash Detergent', 'washer_features': 'Advanced Vibration Control,Control Lock,Door Window,End-Of-Cycle Signal,Interior Light', 'washer_tub/drum_material': 'Stainless Steel Drum', 'works_with': 'Alexa, Alexa, Google, Google Assistant', 'certifications_and_listings': 'Energy Star,UL Listed', 'manufacturer_warranty': 'Parts and Labor 1 Year 1 Year, Direct Drive Motor 10 Years, Drum 10 Years'}"}