{"source_link": "https://www.homedepot.com/p/GE-11-9-cu-ft-Built-In-Bottom-Freezer-Refrigerator-in-Stainless-Steel-Counter-Depth-GLE12HSPSS/314849213", "title": "11.9 cu. ft. Built-In Bottom Freezer Refrigerator in Stainless Steel, Counter Depth", "brand": "GE", "image": "https://images.thdstatic.com/productImages/99d77867-1540-4208-875d-179b9477d5a8/svn/stainless-steel-ge-bottom-freezer-refrigerators-gle12hspss-64_600.jpg", "breadcrumbs": "Home,Appliances,Refrigerators,Bottom Freezer Refrigerators", "description": "At GE Appliances, we bring good things to life, by designing and building the world's best appliances. Our goal is to help people improve their lives at home by providing quality appliances that were made for real life. Whether it's enjoying the tradition of making meals from scratch or tackling a mountain of muddy jeans and soccer jerseys, GE Appliances are crafted to support any and every task in the home.    Counter Depth Design - Enjoy a built-in look in the kitchen thanks to a counter depth refrigerator that fits nearly flush with cabinets and counters    24 in. wide refrigerator - the compact 24 in. width was designed to give you plenty of storage for smaller spaces    Temperature Controlled Drawer - With three accurate temperature settings, the Temp Zone Drawer provides the perfect place to store meat, beverages and deli favorites    Bottle Storage Rack - Store up to five bottles of wine on this wine bottle storage rack, which conveniently folds up when not in use    ENERGY STAR Certified - these energy efficient refrigerators have been ENERGY STAR certified to deliver the same chilling power as standard models with less energy    ADA Compliant - this ADA Compliant fridge features easy to reach controls and meets ADA accessibility standards for the physically disabled    Icemaker Ready - Equipped for an optional icemaker, this icemaker ready refrigerator lets you decide whether to add the convenience of an automatic icemaker    Internal Digital Controls - Get precise digital settings with adjustable internal controls that provide a more consistent refrigerator temperature    QuickSpace Shelf - Find the perfect place for everything in your refrigerator - even tall items - thanks to a space saving shelf system which easily slides back to create more room    LED Lighting - Quickly find even the smallest items thanks to bright LED lighting, which sheds crisp, even light throughout the interior    Edge-to-Edge Glass Shelves - Store more of your favorite items and enjoy organizational flexibility at each level with glass shelves that extend from wall to wall    Clear Door Shelves - Adjustable, see-through door shelves provide flexible storage options for even large containers, and free up valuable space    Freezer Drawers - Quickly access freezer favorites with two freezer pull out drawers which provide organizational flexibility    Removable Freezer Tray - A slide-out freezer tray located in the bottom freezer drawer provides an extra space to stack items and remove them easily    Limited 1-year entire appliance warranty      California residents", "price": "$1664.00", "number": "314849213", "spec_str": "{'depth_(excluding_handles)': '26.5 in', 'depth_(including_handles)': '26.5 in', 'depth_(less_door)': '23.5 in', 'depth_with_door_open_90_degrees_(in)': '47.375', 'height_to_top_of_door_hinge_(in.)': '69.875 in', 'height_to_top_of_refrigerator_(in.)': '70 in', 'product_depth_(in.)': '26.5 in', 'product_height_(in.)': '70 in', 'product_width_(in.)': '23.5 in', 'refrigerator_width_(in.)': '23.5 in', 'appliance_category': 'Refrigerator', 'appliance_type': 'Bottom Freezer Refrigerator', 'built-in_and_standard_type': 'Bottom Freezer', 'color_-_appliance_cabinet': 'Gray', 'color_-_door_handle(s)': 'Color-Matched Recessed', 'color/finish': 'Stainless Steel', 'color/finish_family': 'Stainless Steel', 'defrost_type': 'Frost Free', 'door_finish': 'Smooth', 'energy_consumption_(kwh/year)': '405', 'energy_efficiency_tier_rating': 'Not CEE rated', 'freezer_capacity_(cu._ft.)': '4.2 cu ft', 'freezer_door_type': 'Pull Out Drawer', 'freezer_features': 'LED Light Type', 'freezer_type': 'Drawer Freezer', 'general_features': 'Interior Light,LED Light Type,Reversible Door Hinge', 'ice_maker_features': 'No Additional Features', 'ice_maker_type': 'Without Ice Maker', 'ice/water_dispenser': 'None', 'indoor/outdoor': 'Indoor', 'installation_depth': 'Counter Depth', 'number_of_doors': '1 Door', 'number_of_drawers': 'Double Drawer', 'number_of_freezer_baskets/bins': '2 Baskets/Bins', 'number_of_freezer_shelves': '1 Shelf', 'number_of_refrigerator_shelves': '7 Shelves', 'operational_features': 'Sabbath Mode', 'product_weight_(lb.)': '176 lb', 'refrigeration_dispenser_features': 'No Dispenser', 'refrigerator_capacity_(cu._ft.)': '7.7 cu ft', 'returnable': 'Non-Returnable', 'shelf_material_-_freezer': 'Plastic', 'shelf_material_-_refrigerator': 'Glass', 'storage_features': 'Adjustable Shelves/Racks,Crisper Drawer,Slide-Out Fresh Food Shelves', 'temperature_control_type': 'Internal Electric', 'total_capacity_(cu._ft.)': '11.9 cu ft', 'water_filter_replacement_model#': 'N/A', 'certifications_and_listings': 'ADA Compliant,Energy Star,UL Listed', 'manufacturer_warranty': 'Limited 1-year entire appliance'}"}