{"source_link": "https://www.homedepot.com/p/Samsung-28-cu-ft-Smart-Side-by-Side-Refrigerator-in-Fingerprint-Resistant-Stainless-Steel-RS28A500ASR/315423162", "title": "28 cu. ft. Smart Side-by-Side Refrigerator in Fingerprint Resistant Stainless Steel", "brand": "Samsung", "image": "https://images.thdstatic.com/productImages/f301fad3-2abb-40b7-816c-6a893ef074d8/svn/fingerprint-resistant-stainless-steel-samsung-side-by-side-refrigerators-rs28a500asr-64_600.jpg", "breadcrumbs": "Home,Appliances,Refrigerators,Side by Side Refrigerators", "description": "Large capacity Smart Side-by-Side Refrigerator with In-Door Ice Maker is beautifully designed with a modern look that blends seamlessly into your kitchen and a finish that withstands everyday smudges. A completely redesigned interior with 28 cu. ft. capacity that fits 10% more groceries than ever. A modern look featuring a minimalist exterior with signature flat-door design and recessed handles that seamlessly blend into your kitchen.    A completely redesigned interior with 28 cu. ft. capacity that fits 10% more groceries than ever    A modern look featuring a minimalist exterior with signature flat-door design and recessed handles that seamlessly blend into your kitchen    A finish that withstands everyday smudges, so you spend less time cleaning    Multi-vent technology keeps items on every shelf evenly cooled    High-capacity, in-door ice maker with detachable ice bucket that saves shelf space for your frozen foods    Use the Samsung SmartThings App on your smartphone to control the temperature and monitor your refrigerator remotely    Bright LED lighting designed to beautifully light up the interior of your fridge so you can quickly spot what you want    Easy-to-reach controls for everyone    Beautifully designed with a modern look that blends seamlessly into your kitchen and a finish that withstands everyday smudges    When compared to Samsung Standard Depth Side-by-Side model RS25J500D with 24.52 cu. ft. capacity    Available on Android and iOS devices, a Wi-Fi connection and a Samsung account are required     Click here for more information on Electronic Recycling Programs       California residents", "price": "$1198.00", "number": "315423162", "spec_str": "{'depth_(excluding_handles)': '33.5 in', 'depth_(including_handles)': '33.5 in', 'depth_(less_door)': '28.94 in', 'depth_with_door_open_90_degrees_(in)': '51.31', 'height_to_top_of_door_hinge_(in.)': '70.06 in', 'height_to_top_of_refrigerator_(in.)': '68.62 in', 'product_depth_(in.)': '33.5 in', 'product_height_(in.)': '70.06 in', 'product_width_(in.)': '35.87 in', 'refrigerator_width_(in.)': '35.87 in', 'appliance_category': 'Refrigerator', 'appliance_type': 'Side-by-Side Refrigerator', 'built-in_and_standard_type': 'Side-by-Side', 'color_-_appliance_cabinet': 'Stainless Look', 'color_-_door_handle(s)': 'Fingerprint Resistant Stainless Steel', 'color/finish': 'Fingerprint Resistant Stainless Steel', 'color/finish_family': 'Stainless Steel', 'defrost_type': 'Auto / Cycle', 'door_finish': 'Smooth', 'energy_consumption_(kwh/year)': '82', 'energy_efficiency_tier_rating': 'Not CEE rated', 'freezer_capacity_(cu._ft.)': '10.1', 'freezer_door_type': 'Swing Door', 'freezer_features': 'Ice Maker', 'freezer_type': 'Side Door Freezer', 'general_features': 'LED Light Type', 'ice_maker_features': 'In-Door Ice Maker', 'ice_maker_type': 'Single Ice Maker', 'ice/water_dispenser': 'Ice Only', 'indoor/outdoor': 'Indoor', 'installation_depth': 'Standard Depth', 'number_of_doors': '2 Door', 'number_of_freezer_baskets/bins': '1 Basket/Bin', 'number_of_freezer_shelves': '4 Shelves', 'number_of_refrigerator_shelves': '4 Shelves', 'operational_features': 'Automatic Shut-off', 'product_weight_(lb.)': '242.5 lb', 'refrigeration_dispenser_features': 'Cubed Ice', 'refrigerator_capacity_(cu._ft.)': '17.9 cu ft', 'returnable': 'Non-Returnable', 'shelf_material_-_freezer': 'Plastic', 'shelf_material_-_refrigerator': 'Glass', 'storage_features': 'Adjustable Shelves/Racks', 'temperature_control_type': 'Internal Digital', 'total_capacity_(cu._ft.)': '28 cu ft', 'water_filter_replacement_model#': 'HAF-QIN', 'certifications_and_listings': 'UL Certified', 'manufacturer_warranty': '1 Year  Parts/Labor (Five (5) years Parts and Labor on sealed Refrigeration system only* Ten (10) years Part and Five (5) years Labor on Digital Inverter Compressor (*Compressor, evaporator, condenser, drier, connecting tubing))'}"}