{"source_link": "https://www.homedepot.com/p/Samsung-6-3-cu-ft-Smart-Freestanding-Electric-Range-with-Rapid-Boil-and-Self-Clean-in-Stainless-Steel-NE63A6311SS/315616391", "title": "6.3 cu. ft. Smart Freestanding Electric Range with Rapid Boil and Self Clean in Stainless Steel", "brand": "Samsung", "image": "https://images.thdstatic.com/productImages/7fd0099c-a86e-4bd0-93c3-011f9cbeb9ef/svn/stainless-steel-samsung-single-oven-electric-ranges-ne63a6311ss-64_600.jpg", "breadcrumbs": "Home,Appliances,Ranges,Electric Ranges,Single Oven Electric Ranges", "description": "Elevate the look of your kitchen with Samsung's new Smart Freestanding Electric Range. Our Stainless Steel design elegantly wraps around cooktop sides and up through the slim control panel. Upgraded technology makes cooking simple and fun.    Our Stainless Steel design elegantly wraps around the cooktop sides and up through the slim control panel, elevating the look of any kitchen    Wi-Fi and Voice Enabled allows you to preheat, monitor and adjust time and temperature of your oven from wherever you are using your smartphone    Large 6.3 cu. ft. oven can fit multiple dishes at one time, and can easily accommodate big casserole dishes and large roasting pans    Boil water for your favorite pasta dish fast with the 3300-Watt Rapid Boil burner    Keep your oven spotless with the Self and Steam Clean    Cooking simplified with easy preset buttons, 4-preset buttons include Bread Proof, Dehydrate, Keep Warm, and Favorite Cook    Spend less time cleaning with the Hidden Bake element at the bottom of the oven which provides a seamless cavity making it easy to clean    Storage Drawer provides extra space to keep bakeware or oven accessories, Simply grab a bowl within easy reach to serve food in    Samsung's SmartThings Cooking service makes meal planning a seamless process, Search, plan, purchase and prep weekly meals via the SmartThings app on your Family Hub or smartphone, Available on Android or IOS devices, A Wi-Fi connections and a Samsung account are required    Also available in black stainless finish               Click here for more information on Electronic Recycling Programs       California residents", "price": "$728.00", "number": "315616391", "spec_str": "{'depth_with_door(s)_open_90_degrees_(in.)': '48', 'element_no.1_size_(in.)': '9', 'element_no.2_size_(in.)': '6', 'element_no.3_size_(in.)': '9', 'element_no.4_size_(in.)': '6', 'element_no.5_size_(in.)': '7', 'oven_interior_depth_(in)': '19.75', 'oven_interior_height_(in)': '22.4', 'oven_interior_width_(in)': '24.8', 'product_depth_(in.)': '28.6 in', 'product_height_(in.)': '46.6 in', 'product_width_(in.)': '29.9 in', 'range_size_(width)': '30 in.', 'amperage_(amps)': '40 A', 'appliance_category': 'Range', 'appliance_type': 'Electric Range', 'broiler_location': 'Oven', 'capacity_of_oven_(cu._ft.)': '6.3', 'cleaning_type': 'Steam Clean', 'color_of_cooktop': 'Black', 'color/finish': 'Stainless Steel', 'color/finish_family': 'Stainless Steel', 'commercial/residential': 'Residential', 'control_type': 'Manual', 'controls_location': 'Back Control', 'cooktop_features': 'Indicator Light- Heating Element On,Indicator Light- Hot Surface Indicator Light,Power Element,Warming Zone', 'cooktop_surface_type': 'Radiant', 'drawer_type': 'Lower Storage Drawer', 'element_no.1_type': 'Radiant', 'element_no.1_wattage': '3300', 'element_no.2_type': 'Radiant', 'element_no.2_wattage': '1200', 'element_no.3_type': 'Radiant', 'element_no.3_wattage': '3300', 'element_no.4_type': 'Radiant', 'element_no.4_wattage': '1200', 'element_no.5_type': 'Radiant', 'element_no.5_wattage': '100', 'fuel_type': 'Electric', 'included': 'No Additional Items Included', 'number_of_elements': '5 element', 'number_of_oven_racks': '2', 'number_of_rack_positions': '8', 'oven_cleaning_options': 'Manual Clean,Steam Clean', 'oven_cooking_process': 'Standard', 'oven_features': 'Broiler in Oven,Hidden Bake Element,Safety Lock,Temperature Control,Wi-Fi Enabled', 'oven_settings': 'Delay Bake/Delay Start,Keep Warm,Proofing Mode,Sabbath Mode', 'product_weight_(lb.)': '150 lb', 'range_installation_type': 'Freestanding', 'returnable': 'Non-Returnable', 'voltage_(volts)': '240 V', 'certifications_and_listings': 'CSA Certified', 'manufacturer_warranty': '1 year warranty'}"}