{"source_link": "https://www.homedepot.com/p/Vissani-18-7-cu-ft-Bottom-Freezer-Refrigerator-in-Stainless-Steel-MDBF18SS/316674409", "title": "18.7 cu. ft. Bottom Freezer Refrigerator in Stainless Steel", "brand": "Vissani", "image": "https://images.thdstatic.com/productImages/dd99414e-d777-4f30-b4d1-0548cb2c1bd3/svn/stainless-steel-vissani-bottom-freezer-refrigerators-mdbf18ss-64_600.jpg", "breadcrumbs": "Home,Appliances,Refrigerators,Bottom Freezer Refrigerators", "description": "Style and design meet affordability and function in this 18 cu. ft. refrigerator with bottom freezer by VISSANI. The adjustable shelving allows for easy organization and plenty of space for products of all shapes and sizes. Easily removable shelves made from safety glass allow for quick cleaning. The 2 crisper drawers allow ample space to keep your fruit and vegetables fresher longer. With an integrated LED light for increased visibility, you will have no problem seeing inside your fridge in the dark.    Adjustable legs for easy installation on unbalanced flooring    Refrigerator base features 2-adjustable glass shelves    Refrigerator door features 1-large shelves, 3-small shelves, all gallon size    Refrigerator and freezer features LED light    Humidity control vegetable and fruit crispers    Freezer features another one big plastic drawer    Glass shelves designed with safety glass for increased safety    Door open alarm    Frost-free design    ENERGY STAR efficiency    Electronic temperature control      California residents", "price": "$749.00", "number": "316674409", "spec_str": "{'assembled_depth_(in.)': '30.91 in', 'assembled_height_(in.)': '66.61 in', 'assembled_width_(in.)': '29.53 in', 'depth_(excluding_handles)': '30.91 in', 'depth_(including_handles)': '30.91 in', 'depth_(less_door)': '26.38 in', 'depth_with_door_open_90_degrees_(in)': '58.48', 'height_to_top_of_door_hinge_(in.)': '66.61 in', 'height_to_top_of_refrigerator_(in.)': '66.61 in', 'product_depth_(in.)': '30.91 in', 'product_height_(in.)': '66.61 in', 'product_width_(in.)': '29.53 in', 'refrigerator_width_(in.)': '29.53 in', 'appliance_category': 'Refrigerator', 'appliance_type': 'Bottom Freezer Refrigerator', 'built-in_and_standard_type': 'Bottom Freezer', 'color_-_appliance_cabinet': 'Gray', 'color_-_door_handle(s)': 'Black', 'color/finish': 'Stainless steel', 'color/finish_family': 'Stainless Steel', 'defrost_type': 'Frost Free', 'door_finish': 'Smooth', 'energy_consumption_(kwh/year)': '466', 'energy_efficiency_tier_rating': 'Not CEE rated', 'freezer_capacity_(cu._ft.)': '5.6 cu ft', 'freezer_door_type': 'Pull Out Drawer', 'freezer_features': 'Adjustable Temperature Control,Garage Ready Freezer,LED Light Type,Sliding-Bulk Storage Baskets', 'freezer_type': 'Bottom Door Freezer', 'general_features': 'Door Alarm,Hidden Hinge,LED Light Type,Reversible Door Hinge,Wheels', 'ice_maker_features': 'No Ice Maker', 'ice_maker_type': 'Without Ice Maker', 'ice/water_dispenser': 'None', 'indoor/outdoor': 'Indoor', 'installation_depth': 'Standard Depth', 'number_of_doors': '2 Door', 'number_of_drawers': 'Single Drawer', 'number_of_freezer_baskets/bins': '1 Basket/Bin', 'number_of_freezer_shelves': 'No Shelves', 'number_of_refrigerator_shelves': '3 Shelves', 'operational_features': 'Humidity Controlled Crisper', 'product_weight_(lb.)': '185.19 lb', 'refrigeration_dispenser_features': 'No Dispenser', 'refrigerator_capacity_(cu._ft.)': '13.1 cu ft', 'returnable': '90-Day', 'shelf_material_-_freezer': 'No Shelf', 'shelf_material_-_refrigerator': 'Glass', 'storage_features': 'Adjustable Door Storage,Adjustable Racks,Adjustable Shelves/Racks,Crisper Drawer,Gallon Door Storage,Removable Shelves', 'temperature_control_type': 'Internal Electric', 'total_capacity_(cu._ft.)': '18.7 cu ft', 'water_filter_replacement_model#': 'none', 'certifications_and_listings': 'CSA Listed', 'manufacturer_warranty': 'Limited 1 year'}"}