{"source_link": "https://www.homedepot.com/p/Panasonic-1-6-cu-ft-Countertop-Microwave-in-Stainless-Steel-Built-In-Capable-with-Inverter-Technology-and-Genius-Sensor-Cooking-NN-SC73LS/317341309", "title": "1.6 cu. ft. Countertop Microwave in Stainless Steel Built-In Capable with Inverter Technology and Genius Sensor Cooking", "brand": "Panasonic", "image": "https://images.thdstatic.com/productImages/09a694e0-b092-4167-9e4b-c72b1b605fa3/svn/stainless-steel-panasonic-countertop-microwaves-nn-sc73ls-64_600.jpg", "breadcrumbs": "Home,Appliances,Microwaves,Countertop Microwaves", "description": "The Panasonic NN-SC73LS microwave with Inverter Technology uses 1200-Watt of cooking power to cook, defrost, reheat and more. Unique Inverter Technology which, unlike traditional microwaves that rely on pulse-on, pulse-off power at lower temperatures, delivers a constant stream of cooking power at every temperature for more evenly cooked meals - edges to centers - every time. With the touch of the Genius Sensor cooking button, this microwave takes guesswork out of creating a great meal by automatically setting power levels and adjusting cooking or defrosting time for added time-saving convenience. The sensor measures the amount of steam produced during cooking and signals the microprocessor to calculate the remaining cooking time at the appropriate power level. A selection of 10-auto cook options enable you to quickly prepare your favorite foods, such as pizza, pasta, soup, casserole and other dishes, plus enjoy a dedicated popcorn button, keep warm function and more. Spacious 1.6 cu. ft. interior includes 13.6 in. glass turntable and fits a large baking dish. The stainless steel exterior design can rest on any open surface in the kitchen and can be easily moved.    1.6 cu. ft. interior capacity fits a large baking dish    Enjoy faster cooking times with 1200-Watt of cooking power plus 10-power levels for cooking, reheating, defrosting and keeping warm    Easy-to-use touchpad controls with bright white LED display    Inverter technology cooks food evenly from edges to center leaving no hot or cold spots; 1-touch sensor cook takes the guesswork out of cooking and automatically adjusting power and cooking times for different food items; 10-auto cook menu items    Turbo defrost, defrosts food evenly by weight; 3-level popcorn button determines the ideal cooking time based on popcorn bag size; keep warm keeps foods like vegetables, soups and dinner rolls warm for up to 30-minutes until ready to serve    Spacious interior to cook even family-sized portions, with minimal exterior footprint    13.6 in. glass revolving turntable removes quickly for easy cleaning    Sleek stainless steel exterior design with push button door open    Warranty information: all parts (except Magnetron tube): labor 1-year, parts 1-year; Magnetron tube: labor 1-year, parts 5-year               Click here for more information on Electronic Recycling Programs    ", "price": "$189.00", "number": "317341309", "spec_str": "{'capacity_of_microwave_(cu._ft.)': '1.6', 'depth_with_door(s)_open_90_degrees_(in.)': '32.7', 'interior_depth_(in.)': '17.1', 'interior_height_(in.)': '10.2', 'interior_width_(in.)': '15.5', 'product_depth_(in.)': '17.7 in', 'product_height_(in.)': '12.8 in', 'product_width_(in.)': '21.8 in', 'turntable_width_(in.)': '13 in', 'appliance_category': 'Microwave', 'appliance_type': 'Countertop Microwave', 'color/finish': 'Stainless Steel', 'color/finish_family': 'Stainless Steel', 'compatible_trim_kit_model_number': 'N/A', 'controls_location': 'Side Controls', 'door_swing/style': 'Right to Left Swing', 'interior_light_type': 'LED', 'microwave_door_release': 'Push Button', 'microwave_features': 'Inverter,One Touch Cooking,Safety Lock,Timer,Turntable', 'microwave_settings': 'Auto Defrost,Cook Power,Defrost,Delay Bake/Delay Start,Keep Warm,Meat,Pizza,Popcorn,Reheat,Sensor Cook,Speed Defrost,Start/ +30 Sec', 'microwave_size': 'Medium', 'number_of_one-touch_settings': '22', 'number_of_power_levels': '10', 'product_weight_(lb.)': '30.9 lb', 'returnable': 'Non-Returnable', 'vent_location': 'Side', 'wattage_(watts)': '1200 W', 'certifications_and_listings': 'UL Certified', 'manufacturer_warranty': 'ALL PARTS (EXCEPT MAGNETRON TUBE) Labor 1 yr. Parts 1 yr. MAGNETRON TUBE Labor 1 yr. Parts 5 yr.', 'safety_listing': 'UL'}"}