{"source_link": "https://www.homedepot.com/p/LG-Electronics-27-cu-ft-Side-by-Side-Refrigerator-with-InstaView-and-Dual-Ice-Maker-with-Craft-Ice-in-PrintProof-Stainless-Steel-LRSOS2706S/317445728", "title": "27 cu. ft. Side by Side Refrigerator with InstaView and Dual Ice Maker with Craft Ice in PrintProof Stainless Steel", "brand": "LG Electronics", "image": "https://images.thdstatic.com/productImages/adc8dec2-5e39-4b4e-952e-6df126b8a91d/svn/printproof-stainless-steel-lg-electronics-side-by-side-refrigerators-lrsos2706s-64_600.jpg", "breadcrumbs": "Home,Appliances,Refrigerators,Side by Side Refrigerators", "description": "Express your stylish side or let your organized side have it all - either way, capture your best side in LG's side-by-side InstaView refrigerator with Craft Ice. The modern exterior includes flat doors, discreet pocket handles and a seamless, edge-to-edge InstaView glass panel. Just knock twice, take a look and see the possibilities. An organizer's dream, you can stock up for the week and store it all in easy sight and with easy access to all 27 cu. ft. of space. Then, take your entertaining to the next level with LG's exclusive slow-melting Craft Ice for better-tasting drinks from cocktails to smoothies.    Go ahead and stock up - not only does this refrigerator offer a generous 27 cu. ft. of space, but the vertical door design also offers equal access to fresh and frozen foods; keep items of all sizes where they're easy to see and reach    Our latest InstaView window is 23% larger with a tinted, frameless edge-to-edge design; so now you can see even more with just 2-quick knocks on the glass panel; see your favorites in an instant without ever opening the door, from drinks to frequently used condiments to snacks for the kids    Take another glimpse every time you walk by this fresh design from LG and take in the contemporary vibe; flat panels are enhanced with discreet pocket handles that offer easy access    Dual ice makers, dispensed from the door and located in the freezer compartment, automatically produce ice so you never run out; creates standard ice cubes, crushed ice and LG's exclusive round craft ice - crafted to melt slower, chill more efficiently and help beverages taste their best for longer; from craft cocktails &amp; whiskey to soft drinks, lemonade, even iced coffee, give your beverages the perfect ice    Dispense everything from chilled filtered water to filtered cubed or crushed ice with just a light touch; the stainless design is both beautiful and practical, with a PrintProof finish that resists smudges and fingerprints    CoolGuard metal panel helps maintain your chill while adding a premium look; it brings the pro-style look you love from the exterior to the interior, with the added bonus of enhanced cooling    Now you can have all of the things you love about stainless, without the need for special cleaners or constant attention; LG's PrintProof fingerprint and smudge resistant finish easily wipes clean with a soft, dry cloth for a distinctive kitchen that handles real-life in style    LED panels located in the ceiling cascade light throughout the fresh food and freezer sections; see clearly and find food quickly with pure, white LED lighting    Now you see them, now you don't - we moved the refrigerator and freezer temperature controls to the inside of the fridge section to keep the exterior pristine while still keeping the controls close at hand    Multi-air flow system is designed to maintain superior humidity and temperature levels to help keep your food fresher, longer; digital sensors constantly monitor conditions within the refrigerator and strategically-placed vents in every section to help surround your food with cool air no matter where you put it    Located in the top of the fresh food section, the door cooling and vent extends the reach of LG's smart cooling system; blasts of cool air reach all areas of the refrigerator including the door to help maintain consistent temperatures from top to bottom    You go all out when it comes to choosing fresh foods for your family; LG linear cooling helps you keep them that way; the linear compressor reacts quickly to maintain temperatures within 1\u00b0F of the setting, to keep produce fresher and help preserve all foods as fresh and flavorful    LG's new pharmaceutical water filter, NSF certified to reduce more contaminants than our previous filters, for freshness you can taste    UVnano kills up to 99.99% of bacteria on the built-in water dispenser nozzle every 24 hours; filtered water flows through the clean nozzle for fresher, better-tasting water in every glass and added peace of mind    From making extra ice for tonight's dinner party while you're at work to adjusting temperatures with simple voice commands, LG refrigerators with ThinQ technology will change the way you think and the way you live; simply download the free ThinQ app to your Android or iOS device and let the possibilities unfold; receive notifications on your smartphone when the door is open or your water filter needs to be replaced; control refrigerator and freezer temperatures remotely; diagnose issues and get quick, expert advice; or, use the voice-activated features of Google Assistant or Amazon Alexa; let the advantages of smart technology work for you    When you buy a refrigerator, you don't want to worry that it won't last; because the linear compressor motor uses fewer moving parts and operates more efficiently, LG confidently backs the motor with a 10-year limited warranty    ENERGY STAR qualified LG refrigerator exceeds federal energy standards to positively impact your energy bill, your energy consumption and most importantly, the environment     Click here for more information on Electronic Recycling Programs       California residents", "price": "$1998.00", "number": "317445728", "spec_str": "{'depth_(excluding_handles)': '33.44 in', 'depth_(including_handles)': '33.44 in', 'depth_(less_door)': '29.125 in', 'depth_with_door_open_90_degrees_(in)': '51.125', 'height_to_top_of_door_hinge_(in.)': '70.25 in', 'height_to_top_of_refrigerator_(in.)': '69.38 in', 'product_depth_(in.)': '33.44 in', 'product_height_(in.)': '70.25 in', 'product_width_(in.)': '35.87 in', 'refrigerator_width_(in.)': '35.87 in', 'appliance_category': 'Refrigerator', 'appliance_series': 'LG Instaview', 'appliance_type': 'Side-by-Side Refrigerator', 'built-in_and_standard_type': 'Side-by-Side', 'color_-_appliance_cabinet': 'Gray', 'color_-_door_handle(s)': 'PrintProof Stainless Steel', 'color/finish': 'PrintProof Stainless Steel', 'color/finish_family': 'Stainless Steel', 'defrost_type': 'Auto / Cycle', 'door_finish': 'Smooth', 'energy_consumption_(kwh/year)': '694', 'energy_efficiency_tier_rating': 'Not CEE rated', 'freezer_capacity_(cu._ft.)': '9.6 cu ft', 'freezer_door_type': 'Swing Door', 'freezer_features': 'LED Light Type', 'freezer_type': 'Side Door Freezer', 'general_features': 'Door Alarm,Flat-back Design,LED Light Type', 'ice_maker_features': 'Filtered Ice,Ice Maker,In-Door Ice Maker,Removable Basket', 'ice_maker_type': 'Dual Ice Maker', 'ice/water_dispenser': 'Both', 'indoor/outdoor': 'Indoor', 'installation_depth': 'Standard Depth', 'number_of_doors': '2 Door', 'number_of_freezer_baskets/bins': '3 Baskets/Bins', 'number_of_freezer_shelves': '3 Shelves', 'number_of_refrigerator_shelves': '2 Shelves', 'operational_features': 'No Additional Features', 'product_weight_(lb.)': '295.6 lb', 'refrigeration_dispenser_features': 'Crushed Ice,Cubed Ice,Dispenser Location-In Door,Filtration System,Water Dispenser', 'refrigerator_capacity_(cu._ft.)': '17.5 cu ft', 'returnable': 'Non-Returnable', 'shelf_material_-_freezer': 'Glass', 'shelf_material_-_refrigerator': 'Glass', 'storage_features': 'Adjustable Racks,Removable Shelves', 'temperature_control_type': 'External Digital', 'total_capacity_(cu._ft.)': '27.1 cu ft', 'water_filter_replacement_model#': 'N/A', 'certifications_and_listings': 'ADA Compliant,Energy Star,UL Certified', 'manufacturer_warranty': 'Limited Warranty: 1 Year Parts &amp; Labor, 5 Years Sealed System Parts &amp; Labor, 5 Years Compressor (Parts &amp; Labor), 6-10 Years Linear Compressor (Parts Only)'}"}