{"source_link": "https://www.homedepot.com/p/Samsung-7-4-cu-ft-Smart-Champagne-Gas-Dryer-with-Steam-Sanitize-DVG52A5500C/317651472", "title": "7.4 cu. ft. Smart Champagne Gas Dryer with Steam Sanitize", "brand": "Samsung", "image": "https://images.thdstatic.com/productImages/a180f65d-1159-4857-9a90-bb943e0c2575/svn/champagne-samsung-gas-dryers-dvg52a5500c-64_600.jpg", "breadcrumbs": "Home,Appliances,Washers &amp; Dryers,Dryers,Gas Dryers", "description": "Samsung's new Smart Dryer has integrated Wi-Fi that allows you to remotely start or stop your cycle, schedule laundry on your time, and receive end of cycle alerts and more, right from your smartphone. Also, the Steam Sanitize+ cycle eliminates 99.9% of germs and bacteria\u00b2 while relaxing and smoothing away wrinkles from everyday wear. Continuously monitors the condition of the air duct to ensure it's operating safely and efficiently. Requires wireless network, Samsung account and SmartThings App. The Samsung SmartThings App supports Android OS 4.0 (ICS) or later which is optimized for Samsung smartphones (Galaxy S and Galaxy Note series). This app also supports iOS 7 or later for iPhone models. SmartThings App available in App Store and Play Store. \u00b2Based on internal testing and independently verified by Intertek.    Wi-Fi connected so you can receive end of cycle alerts, remotely start or stop your drying, schedule cycles on your time, and more, right from your smartphone with the SmartThings App    Steam Sanitize cycle removes 99.9% of germs and bacteria, over 95% of pollen, and kills 100% of dust mites, Multi-Steam technology steams away wrinkles, odors, and static    Automatically optimizes the time and temperature of your drying cycle to protect your clothes from heat damage, while avoiding excess energy use    Have peace of mind with antimicrobial technology that protects high-touch areas of your dryer    Vent Sensor continually monitors the condition of your dryer's air duct to ensure it is operating safely and efficiently, it automatically notifies you when it is time for a cleaning and prompts you to check for obstructions, so you can always maintain optimum drying performance    Easy troubleshooting from the convenience of your smartphone, Smart Care interacts with your washer and dryer to perform an immediate diagnosis and offer quick solutions    Put an end to stray socks or smaller laundry items that are hard to spot, an interior drum light brightly illuminates your laundry and the rest of the interior, so you can quickly and safely check your dryer's contents    Choose the direction your dryer door opens to better suit your laundry room layout    Aiding the visually and hearing impaired, your washer and dryer now features audio assistance, playing a different sound for each option, and braille right next to key control panel buttons    Fewer loads, less time in the laundry room, and more time doing the things you love    Stop worrying about lint or fluff building up and blocking your dryer's air intake, the Lint Filter Indicator light on the control panel will provide you with a helpful reminder when it is time to clean the filter, so your dryer maintains optimal performance    Requires wireless network, Samsung account and SmartThings App, the Samsung SmartThings App supports Android OS 4.0 (ICS) or later which is optimized for Samsung smartphones (Galaxy S and Galaxy Note series), this app also supports iOS 7 or later for iPhone models, SmartThings App available in App Store and Play Store    Based on internal testing and independently verified by Intertek    Sensor Dry icon turns on when in use    Antimicrobial treatment does not protect users or other items against bacteria, viruses, germs, or other disease organisms    Requires Samsung Smart Washer/Dryer App, the Samsung Smart Washer/Dryer App supports Android OS 2.3.6 or later and iOS 3 or later for iPhone models, Samsung Smart Washer/Dryer App available in App Store and Play Store               Click here for more information on Electronic Recycling Programs       California residents", "price": "$848.00", "number": "317651472", "spec_str": "{'depth_with_door_open_90_degrees_(in)': '50.12 in', 'door_opening_height_(in.)': '44.6', 'door_opening_width_(in.)': '27', 'product_depth_(in.)': '30.25 in', 'product_height_(in.)': '44.68 in', 'product_width_(in.)': '27 in', 'appliance_category': 'Dryer', 'appliance_type': 'Gas Dryer', 'capacity_-_dryer_(cu._ft.)': '7.4', 'color/finish': 'Champagne', 'color/finish_family': 'Champagne', 'control_type': 'Electro-Mechanical', 'door_material': 'Glass', 'door_shape': 'Square Door', 'door_style': 'Reversible', 'dry_cycles': 'Active Wear,Air Fluff,Bedding,Delicates,Heavy Duty,Permanent Press,Quick Dry,Timed Dry', 'dryer_drum_material': 'Powder-Coated Steel Drum', 'dryer_features': 'Four-Way Venting,Interior Light,Lint Filter,Sensor Dry,Wi-Fi Enabled', 'dryer_fuel_type': 'Gas', 'exhaust_vent_location': 'Back,Bottom,Left Side,Right Side', 'included': 'No Additional Items Included', 'lint_filter_location': 'Front', 'matching_washer_type': 'Top Load Matching', 'number_of_drying_cycles': '12', 'number_of_drying_temperatures': '5', 'pedestal_model#': 'None', 'product_weight_(lb.)': '119 lb', 'returnable': 'Non-Returnable', 'stackable': 'Not Stackable', 'stacking_kit_model#': 'None', 'steam_function': 'Steam', 'vent_type': 'Vented', 'voltage_(volts)': '120', 'certifications_and_listings': 'No Certifications or Listings', 'manufacturer_warranty': 'One (1) Year Parts and Labor'}"}