{"source_link": "https://www.homedepot.com/p/Samsung-5-2-cu-ft-Large-Capacity-Smart-Top-Load-Washer-with-Super-Speed-Wash-in-Brushed-Black-WA52A5500AV/317651312", "title": "5.2 cu. ft. Large Capacity Smart Top Load Washer with Super Speed Wash in Brushed Black", "brand": "Samsung", "image": "https://images.thdstatic.com/productImages/d84d5d00-67d4-4963-8cf6-0e4d9d3686ef/svn/brushed-black-samsung-top-load-washers-wa52a5500av-64_600.jpg", "breadcrumbs": "Home,Appliances,Washers &amp; Dryers,Washing Machines,Top Load Washers", "description": "Samsung's new 5.2 cu. ft. Large Capacity Smart Top Load Washer helps you fit more in every load and cut down on laundry time. Also, with Super Speed Wash you can wash a full load of laundry with full performance in just 28-minutes, and with integrated Wi-Fi you can receive end of cycle alerts and remotely start, stop, and schedule laundry right from your smartphone. Fewer loads, less time in the laundry room. Based on using Super Speed on a Normal cycle with an 8 lbs. load. Requires wireless network, Samsung account and SmartThings App. The Samsung SmartThings App supports Android OS 4.0 (ICS) or later which is optimized for Samsung smartphones (Galaxy S and Galaxy Note series). This app also supports iOS 7 or later for iPhone models. SmartThings App available in App Store and Play Store.    Fewer loads, less time in the laundry room, and more time doing the things you love    Wash a full load of laundry in just 28-minutes, without sacrificing cleaning performance    Wi-Fi connected so you can receive end of cycle alerts, remotely start or stop your wash, schedule cycles on your time, and more, right from your smartphone with the SmartThings App    A built-in water faucet lets you easily pretreat soiled or heavily stained clothes with a press of a button, Scrub items right inside your washer, no laundry room sink needed    Our EZ Access Tub is shallower without sacrificing capacity, so you can easily reach the bottom of the washer tub to remove clothes after the cycle finishes    Maximize the water level used during your washing cycle by selecting the Deep Fill option before starting your laundry, Deep Fill automatically adds extra water at the right time to ensure that all your items are thoroughly soaked    Treated with antimicrobial technology to deliver long-lasting protection of high-touch areas and help keep the detergent drawer smelling fresh    Easy troubleshooting from the convenience of your smartphone Smart Care interacts with your washer and dryer to perform an immediate diagnosis and offer quick solutions    Do your laundry without disturbing anyone at any time and in any place, Innovative Vibration Reduction Technology reduces noise and vibration for quiet washing    Improved tub pattern extracts more water more quickly during the rinsing cycle and prevents fabrics from snagging during washing    Keep your washer tub fresh and clean, Self-Clean will notify you every 20-wash cycles when it is time for a cleaning    Premium Soft-Close Lid keeps you and your family protected by closing safely, gently and quietly    ENERGY STAR Certified, so you can save money by using less energy without sacrificing performance or functionality    Aiding the visually and hearing impaired, your washer and dryer now feature audio assistance, playing a different sound for each option, and braille right next to key control panel buttons    More cycles to cover almost every washing need for your active family    Based on using Super Speed on a Normal cycle with an 8 lbs. load, Requires wireless network, Samsung account and SmartThings App, the Samsung SmartThings App supports Android OS 4.0 (ICS) or later which is optimized for Samsung smartphones (Galaxy S and Galaxy Note series), this app also supports iOS 7 or later for iPhone models, SmartThings App available in App Store and Play Store    Not available for use in the Normal, Bedding, Spin only or Self Clean cycles, Antimicrobial treatment does not protect users or other items against bacteria, viruses, germs, or other disease organisms    Requires Samsung Smart Washer/Dryer App, the Samsung Smart Washer/Dryer App supports Android OS 2.3.6 or later and iOS 3 or later for iPhone models, Samsung Smart Washer/Dryer App available in App Store and Play Store, Visit www.energystar.gov for more information on ENERGY STAR guidelines               Click here for more information on Electronic Recycling Programs       California residents", "price": "$748.00", "number": "317651312", "spec_str": "{'capacity_-_washer_(cu._ft.)': '5.2', 'height_with_lid_open_90_degrees_(in)': '58.37', 'product_depth_(in.)': '29.43 in', 'product_height_(in.)': '44.68 in', 'product_width_(in.)': '27.56 in', 'agitator/impeller_type': 'Impeller', 'amperage_(amps)': '15 A', 'appliance_category': 'Washer', 'appliance_type': 'Top Load Washer', 'color/finish': 'Brushed Black', 'color/finish_family': 'Black', 'control_type': 'Electro-Mechanical', 'door_material': 'Glass', 'energy_consumption_(kwh/year)': '120', 'energy_efficiency_tier_rating': 'Not CEE rated', 'included': 'No Additional Items Included', 'maximum_spin_speed_(rpm)': '750', 'number_of_rinse_cycles': '5', 'number_of_rinse_temperatures': '5', 'number_of_wash_cycles': '12', 'number_of_wash_speeds': '5', 'number_of_wash_temperatures': '5', 'product_weight_(lb.)': '134.5 lb', 'returnable': 'Non-Returnable', 'stackable': 'Not Stackable', 'steam_function': 'No Steam', 'voltage_(volts)': '120', 'wash_cycles': 'Active Wear,Bedding,Colors,Deep Fill,Delicates,Heavy Duty,Normal,Rinse &amp; Spin,Whites', 'washer_dispensers': 'Bleach,Fabric Softener', 'washer_features': 'Advanced Vibration Control,Soft Close Lid,Spin Speed Option,Water Heater,Wi-Fi Enabled', 'washer_tub/drum_material': 'Stainless Steel Drum', 'certifications_and_listings': 'Energy Star', 'manufacturer_warranty': 'One (1) Year Parts and Labor Three (3) Years Stainless Steel Tub (Part Only) Ten (10) Years DD Motor (Part Only)'}"}